id,question,response,category,topic,row_type,source_url,note
1,What is YABATECH?,YABATECH means Yaba College of Technology.,identity,name,official_fact,https://www.yabatech.edu.ng/,current as checked on 2026-05-12
2,"In simple words, What is YABATECH? for admission learners",YABATECH means Yaba College of Technology.,identity,name,generated_variation,https://www.yabatech.edu.ng/,derived from official site fact; verify before public deployment
3,Student asked: What is YABATECH? please,YABATECH means Yaba College of Technology.,identity,name,generated_variation,https://www.yabatech.edu.ng/,derived from official site fact; verify before public deployment
4,What does YABATECH mean?,YABATECH means Yaba College of Technology.,identity,name,official_fact,https://www.yabatech.edu.ng/,current as checked on 2026-05-12
5,Help me answer: What does YABATECH mean? briefly,YABATECH means Yaba College of Technology.,identity,name,generated_variation,https://www.yabatech.edu.ng/,derived from official site fact; verify before public deployment
6,"In simple words, What does YABATECH mean? today",YABATECH means Yaba College of Technology.,identity,name,generated_variation,https://www.yabatech.edu.ng/,derived from official site fact; verify before public deployment
7,Tell me the full meaning of YABATECH,YABATECH means Yaba College of Technology.,identity,name,official_fact,https://www.yabatech.edu.ng/,current as checked on 2026-05-12
8,Quick question: Tell me the full meaning of YABATECH today,YABATECH means Yaba College of Technology.,identity,name,generated_variation,https://www.yabatech.edu.ng/,derived from official site fact; verify before public deployment
9,Class question: Tell me the full meaning of YABATECH briefly,YABATECH means Yaba College of Technology.,identity,name,generated_variation,https://www.yabatech.edu.ng/,derived from official site fact; verify before public deployment
10,What is the full name of YABATECH?,YABATECH means Yaba College of Technology.,identity,name,official_fact,https://www.yabatech.edu.ng/,current as checked on 2026-05-12
11,Student asked: What is the full name of YABATECH? as a chatbot response,YABATECH means Yaba College of Technology.,identity,name,generated_variation,https://www.yabatech.edu.ng/,derived from official site fact; verify before public deployment
12,Can you explain: What is the full name of YABATECH?,YABATECH means Yaba College of Technology.,identity,name,generated_variation,https://www.yabatech.edu.ng/,derived from official site fact; verify before public deployment
13,Explain YABATECH to me,YABATECH means Yaba College of Technology.,identity,name,official_fact,https://www.yabatech.edu.ng/,current as checked on 2026-05-12
14,"For a learner, Explain YABATECH to me today",YABATECH means Yaba College of Technology.,identity,name,generated_variation,https://www.yabatech.edu.ng/,derived from official site fact; verify before public deployment
15,Explain YABATECH to me for admission learners,YABATECH means Yaba College of Technology.,identity,name,generated_variation,https://www.yabatech.edu.ng/,derived from official site fact; verify before public deployment
16,Is YABATECH a college?,YABATECH means Yaba College of Technology.,identity,name,official_fact,https://www.yabatech.edu.ng/,current as checked on 2026-05-12
17,Class question: Is YABATECH a college? on YABATECH website,YABATECH means Yaba College of Technology.,identity,name,generated_variation,https://www.yabatech.edu.ng/,derived from official site fact; verify before public deployment
18,Help me answer: Is YABATECH a college?,YABATECH means Yaba College of Technology.,identity,name,generated_variation,https://www.yabatech.edu.ng/,derived from official site fact; verify before public deployment
19,What school is called YABATECH?,YABATECH means Yaba College of Technology.,identity,name,official_fact,https://www.yabatech.edu.ng/,current as checked on 2026-05-12
20,Class question: What school is called YABATECH? for admission learners,YABATECH means Yaba College of Technology.,identity,name,generated_variation,https://www.yabatech.edu.ng/,derived from official site fact; verify before public deployment
21,Student asked: What school is called YABATECH? as a chatbot response,YABATECH means Yaba College of Technology.,identity,name,generated_variation,https://www.yabatech.edu.ng/,derived from official site fact; verify before public deployment
22,Give me the name behind YABATECH,YABATECH means Yaba College of Technology.,identity,name,official_fact,https://www.yabatech.edu.ng/,current as checked on 2026-05-12
23,Please answer: Give me the name behind YABATECH today,YABATECH means Yaba College of Technology.,identity,name,generated_variation,https://www.yabatech.edu.ng/,derived from official site fact; verify before public deployment
24,"For a learner, Give me the name behind YABATECH for admission learners",YABATECH means Yaba College of Technology.,identity,name,generated_variation,https://www.yabatech.edu.ng/,derived from official site fact; verify before public deployment
25,YABATECH stands for what?,YABATECH means Yaba College of Technology.,identity,name,official_fact,https://www.yabatech.edu.ng/,current as checked on 2026-05-12
26,Class question: YABATECH stands for what? for students,YABATECH means Yaba College of Technology.,identity,name,generated_variation,https://www.yabatech.edu.ng/,derived from official site fact; verify before public deployment
27,Student asked: YABATECH stands for what? in simple terms,YABATECH means Yaba College of Technology.,identity,name,generated_variation,https://www.yabatech.edu.ng/,derived from official site fact; verify before public deployment
28,What institution is YABATECH?,YABATECH means Yaba College of Technology.,identity,name,official_fact,https://www.yabatech.edu.ng/,current as checked on 2026-05-12
29,I want to know: What institution is YABATECH? please,YABATECH means Yaba College of Technology.,identity,name,generated_variation,https://www.yabatech.edu.ng/,derived from official site fact; verify before public deployment
30,Please answer: What institution is YABATECH? on YABATECH website,YABATECH means Yaba College of Technology.,identity,name,generated_variation,https://www.yabatech.edu.ng/,derived from official site fact; verify before public deployment
31,What is YABATECH called on the website?,YABATECH is described on its official website as the Cradle of Higher Learning in Nigeria.,identity,tagline,official_fact,https://www.yabatech.edu.ng/,current as checked on 2026-05-12
32,I want to know: What is YABATECH called on the website? on YABATECH website,YABATECH is described on its official website as the Cradle of Higher Learning in Nigeria.,identity,tagline,generated_variation,https://www.yabatech.edu.ng/,derived from official site fact; verify before public deployment
33,What is YABATECH called on the website?,YABATECH is described on its official website as the Cradle of Higher Learning in Nigeria.,identity,tagline,generated_variation,https://www.yabatech.edu.ng/,derived from official site fact; verify before public deployment
34,What is the tagline of YABATECH?,YABATECH is described on its official website as the Cradle of Higher Learning in Nigeria.,identity,tagline,official_fact,https://www.yabatech.edu.ng/,current as checked on 2026-05-12
35,Student asked: What is the tagline of YABATECH? please,YABATECH is described on its official website as the Cradle of Higher Learning in Nigeria.,identity,tagline,generated_variation,https://www.yabatech.edu.ng/,derived from official site fact; verify before public deployment
36,"In simple words, What is the tagline of YABATECH? in simple terms",YABATECH is described on its official website as the Cradle of Higher Learning in Nigeria.,identity,tagline,generated_variation,https://www.yabatech.edu.ng/,derived from official site fact; verify before public deployment
37,What is YABATECH's popular description?,YABATECH is described on its official website as the Cradle of Higher Learning in Nigeria.,identity,tagline,official_fact,https://www.yabatech.edu.ng/,current as checked on 2026-05-12
38,Class question: What is YABATECH's popular description? for students,YABATECH is described on its official website as the Cradle of Higher Learning in Nigeria.,identity,tagline,generated_variation,https://www.yabatech.edu.ng/,derived from official site fact; verify before public deployment
39,Student asked: What is YABATECH's popular description? today,YABATECH is described on its official website as the Cradle of Higher Learning in Nigeria.,identity,tagline,generated_variation,https://www.yabatech.edu.ng/,derived from official site fact; verify before public deployment
40,How does YABATECH describe itself?,YABATECH is described on its official website as the Cradle of Higher Learning in Nigeria.,identity,tagline,official_fact,https://www.yabatech.edu.ng/,current as checked on 2026-05-12
41,Quick question: How does YABATECH describe itself? for students,YABATECH is described on its official website as the Cradle of Higher Learning in Nigeria.,identity,tagline,generated_variation,https://www.yabatech.edu.ng/,derived from official site fact; verify before public deployment
42,Quick question: How does YABATECH describe itself? on YABATECH website,YABATECH is described on its official website as the Cradle of Higher Learning in Nigeria.,identity,tagline,generated_variation,https://www.yabatech.edu.ng/,derived from official site fact; verify before public deployment
43,What does YABATECH call itself?,YABATECH is described on its official website as the Cradle of Higher Learning in Nigeria.,identity,tagline,official_fact,https://www.yabatech.edu.ng/,current as checked on 2026-05-12
44,Quick question: What does YABATECH call itself? on YABATECH website,YABATECH is described on its official website as the Cradle of Higher Learning in Nigeria.,identity,tagline,generated_variation,https://www.yabatech.edu.ng/,derived from official site fact; verify before public deployment
45,Class question: What does YABATECH call itself? today,YABATECH is described on its official website as the Cradle of Higher Learning in Nigeria.,identity,tagline,generated_variation,https://www.yabatech.edu.ng/,derived from official site fact; verify before public deployment
46,What is the slogan on the YABATECH home page?,YABATECH is described on its official website as the Cradle of Higher Learning in Nigeria.,identity,tagline,official_fact,https://www.yabatech.edu.ng/,current as checked on 2026-05-12
47,Class question: What is the slogan on the YABATECH home page? in simple terms,YABATECH is described on its official website as the Cradle of Higher Learning in Nigeria.,identity,tagline,generated_variation,https://www.yabatech.edu.ng/,derived from official site fact; verify before public deployment
48,Student asked: What is the slogan on the YABATECH home page? today,YABATECH is described on its official website as the Cradle of Higher Learning in Nigeria.,identity,tagline,generated_variation,https://www.yabatech.edu.ng/,derived from official site fact; verify before public deployment
49,Give me a short description of YABATECH,YABATECH is described on its official website as the Cradle of Higher Learning in Nigeria.,identity,tagline,official_fact,https://www.yabatech.edu.ng/,current as checked on 2026-05-12
50,Class question: Give me a short description of YABATECH please,YABATECH is described on its official website as the Cradle of Higher Learning in Nigeria.,identity,tagline,generated_variation,https://www.yabatech.edu.ng/,derived from official site fact; verify before public deployment
51,Class question: Give me a short description of YABATECH for admission learners,YABATECH is described on its official website as the Cradle of Higher Learning in Nigeria.,identity,tagline,generated_variation,https://www.yabatech.edu.ng/,derived from official site fact; verify before public deployment
52,What title is used for YABATECH?,YABATECH is described on its official website as the Cradle of Higher Learning in Nigeria.,identity,tagline,official_fact,https://www.yabatech.edu.ng/,current as checked on 2026-05-12
53,"In simple words, What title is used for YABATECH? on YABATECH website",YABATECH is described on its official website as the Cradle of Higher Learning in Nigeria.,identity,tagline,generated_variation,https://www.yabatech.edu.ng/,derived from official site fact; verify before public deployment
54,Student asked: What title is used for YABATECH? on YABATECH website,YABATECH is described on its official website as the Cradle of Higher Learning in Nigeria.,identity,tagline,generated_variation,https://www.yabatech.edu.ng/,derived from official site fact; verify before public deployment
55,Is YABATECH called cradle of higher learning?,YABATECH is described on its official website as the Cradle of Higher Learning in Nigeria.,identity,tagline,official_fact,https://www.yabatech.edu.ng/,current as checked on 2026-05-12
56,"For a learner, Is YABATECH called cradle of higher learning? please",YABATECH is described on its official website as the Cradle of Higher Learning in Nigeria.,identity,tagline,generated_variation,https://www.yabatech.edu.ng/,derived from official site fact; verify before public deployment
57,Please answer: Is YABATECH called cradle of higher learning? as a chatbot response,YABATECH is described on its official website as the Cradle of Higher Learning in Nigeria.,identity,tagline,generated_variation,https://www.yabatech.edu.ng/,derived from official site fact; verify before public deployment
58,What phrase is associated with YABATECH?,YABATECH is described on its official website as the Cradle of Higher Learning in Nigeria.,identity,tagline,official_fact,https://www.yabatech.edu.ng/,current as checked on 2026-05-12
59,Can you explain: What phrase is associated with YABATECH? today,YABATECH is described on its official website as the Cradle of Higher Learning in Nigeria.,identity,tagline,generated_variation,https://www.yabatech.edu.ng/,derived from official site fact; verify before public deployment
60,Help me answer: What phrase is associated with YABATECH? in simple terms,YABATECH is described on its official website as the Cradle of Higher Learning in Nigeria.,identity,tagline,generated_variation,https://www.yabatech.edu.ng/,derived from official site fact; verify before public deployment
61,What is YABATECH phone number?,The official YABATECH phone number listed on the website is +234-7037431055.,contact,phone,official_fact,https://www.yabatech.edu.ng/,current as checked on 2026-05-12
62,Please answer: What is YABATECH phone number?,The official YABATECH phone number listed on the website is +234-7037431055.,contact,phone,generated_variation,https://www.yabatech.edu.ng/,derived from official site fact; verify before public deployment
63,Student asked: What is YABATECH phone number? for admission learners,The official YABATECH phone number listed on the website is +234-7037431055.,contact,phone,generated_variation,https://www.yabatech.edu.ng/,derived from official site fact; verify before public deployment
64,How can I call YABATECH?,The official YABATECH phone number listed on the website is +234-7037431055.,contact,phone,official_fact,https://www.yabatech.edu.ng/,current as checked on 2026-05-12
65,Quick question: How can I call YABATECH?,The official YABATECH phone number listed on the website is +234-7037431055.,contact,phone,generated_variation,https://www.yabatech.edu.ng/,derived from official site fact; verify before public deployment
66,"For a learner, How can I call YABATECH? in simple terms",The official YABATECH phone number listed on the website is +234-7037431055.,contact,phone,generated_variation,https://www.yabatech.edu.ng/,derived from official site fact; verify before public deployment
67,Give me YABATECH contact number,The official YABATECH phone number listed on the website is +234-7037431055.,contact,phone,official_fact,https://www.yabatech.edu.ng/,current as checked on 2026-05-12
68,Class question: Give me YABATECH contact number as a chatbot response,The official YABATECH phone number listed on the website is +234-7037431055.,contact,phone,generated_variation,https://www.yabatech.edu.ng/,derived from official site fact; verify before public deployment
69,"In simple words, Give me YABATECH contact number on YABATECH website",The official YABATECH phone number listed on the website is +234-7037431055.,contact,phone,generated_variation,https://www.yabatech.edu.ng/,derived from official site fact; verify before public deployment
70,What phone number is on YABATECH website?,The official YABATECH phone number listed on the website is +234-7037431055.,contact,phone,official_fact,https://www.yabatech.edu.ng/,current as checked on 2026-05-12
71,"In simple words, What phone number is on YABATECH website? in simple terms",The official YABATECH phone number listed on the website is +234-7037431055.,contact,phone,generated_variation,https://www.yabatech.edu.ng/,derived from official site fact; verify before public deployment
72,Class question: What phone number is on YABATECH website? for admission learners,The official YABATECH phone number listed on the website is +234-7037431055.,contact,phone,generated_variation,https://www.yabatech.edu.ng/,derived from official site fact; verify before public deployment
73,YABATECH official phone contact,The official YABATECH phone number listed on the website is +234-7037431055.,contact,phone,official_fact,https://www.yabatech.edu.ng/,current as checked on 2026-05-12
74,YABATECH official phone contact for students,The official YABATECH phone number listed on the website is +234-7037431055.,contact,phone,generated_variation,https://www.yabatech.edu.ng/,derived from official site fact; verify before public deployment
75,Class question: YABATECH official phone contact please,The official YABATECH phone number listed on the website is +234-7037431055.,contact,phone,generated_variation,https://www.yabatech.edu.ng/,derived from official site fact; verify before public deployment
76,Can I get the college phone number?,The official YABATECH phone number listed on the website is +234-7037431055.,contact,phone,official_fact,https://www.yabatech.edu.ng/,current as checked on 2026-05-12
77,Help me answer: Can I get the college phone number? today,The official YABATECH phone number listed on the website is +234-7037431055.,contact,phone,generated_variation,https://www.yabatech.edu.ng/,derived from official site fact; verify before public deployment
78,Please answer: Can I get the college phone number? for admission learners,The official YABATECH phone number listed on the website is +234-7037431055.,contact,phone,generated_variation,https://www.yabatech.edu.ng/,derived from official site fact; verify before public deployment
79,What number can I use to contact YABATECH?,The official YABATECH phone number listed on the website is +234-7037431055.,contact,phone,official_fact,https://www.yabatech.edu.ng/,current as checked on 2026-05-12
80,Can you explain: What number can I use to contact YABATECH? for students,The official YABATECH phone number listed on the website is +234-7037431055.,contact,phone,generated_variation,https://www.yabatech.edu.ng/,derived from official site fact; verify before public deployment
81,Class question: What number can I use to contact YABATECH?,The official YABATECH phone number listed on the website is +234-7037431055.,contact,phone,generated_variation,https://www.yabatech.edu.ng/,derived from official site fact; verify before public deployment
82,YABATECH contact line please,The official YABATECH phone number listed on the website is +234-7037431055.,contact,phone,official_fact,https://www.yabatech.edu.ng/,current as checked on 2026-05-12
83,Please answer: YABATECH contact line please,The official YABATECH phone number listed on the website is +234-7037431055.,contact,phone,generated_variation,https://www.yabatech.edu.ng/,derived from official site fact; verify before public deployment
84,Help me answer: YABATECH contact line please briefly,The official YABATECH phone number listed on the website is +234-7037431055.,contact,phone,generated_variation,https://www.yabatech.edu.ng/,derived from official site fact; verify before public deployment
85,What is the telephone contact for YABATECH?,The official YABATECH phone number listed on the website is +234-7037431055.,contact,phone,official_fact,https://www.yabatech.edu.ng/,current as checked on 2026-05-12
86,Class question: What is the telephone contact for YABATECH? today,The official YABATECH phone number listed on the website is +234-7037431055.,contact,phone,generated_variation,https://www.yabatech.edu.ng/,derived from official site fact; verify before public deployment
87,Class question: What is the telephone contact for YABATECH? in simple terms,The official YABATECH phone number listed on the website is +234-7037431055.,contact,phone,generated_variation,https://www.yabatech.edu.ng/,derived from official site fact; verify before public deployment
88,How do I reach YABATECH by phone?,The official YABATECH phone number listed on the website is +234-7037431055.,contact,phone,official_fact,https://www.yabatech.edu.ng/,current as checked on 2026-05-12
89,How do I reach YABATECH by phone?,The official YABATECH phone number listed on the website is +234-7037431055.,contact,phone,generated_variation,https://www.yabatech.edu.ng/,derived from official site fact; verify before public deployment
90,Class question: How do I reach YABATECH by phone?,The official YABATECH phone number listed on the website is +234-7037431055.,contact,phone,generated_variation,https://www.yabatech.edu.ng/,derived from official site fact; verify before public deployment
91,What is YABATECH email address?,The official emails listed are registrar@yabatech.edu.ng and records@yabatech.edu.ng.,contact,email,official_fact,https://www.yabatech.edu.ng/,current as checked on 2026-05-12
92,What is YABATECH email address? as a chatbot response,The official emails listed are registrar@yabatech.edu.ng and records@yabatech.edu.ng.,contact,email,generated_variation,https://www.yabatech.edu.ng/,derived from official site fact; verify before public deployment
93,Can you explain: What is YABATECH email address? in simple terms,The official emails listed are registrar@yabatech.edu.ng and records@yabatech.edu.ng.,contact,email,generated_variation,https://www.yabatech.edu.ng/,derived from official site fact; verify before public deployment
94,Give me the official email of YABATECH,The official emails listed are registrar@yabatech.edu.ng and records@yabatech.edu.ng.,contact,email,official_fact,https://www.yabatech.edu.ng/,current as checked on 2026-05-12
95,"For a learner, Give me the official email of YABATECH briefly",The official emails listed are registrar@yabatech.edu.ng and records@yabatech.edu.ng.,contact,email,generated_variation,https://www.yabatech.edu.ng/,derived from official site fact; verify before public deployment
96,Can you explain: Give me the official email of YABATECH please,The official emails listed are registrar@yabatech.edu.ng and records@yabatech.edu.ng.,contact,email,generated_variation,https://www.yabatech.edu.ng/,derived from official site fact; verify before public deployment
97,How can I email YABATECH?,The official emails listed are registrar@yabatech.edu.ng and records@yabatech.edu.ng.,contact,email,official_fact,https://www.yabatech.edu.ng/,current as checked on 2026-05-12
98,Class question: How can I email YABATECH? briefly,The official emails listed are registrar@yabatech.edu.ng and records@yabatech.edu.ng.,contact,email,generated_variation,https://www.yabatech.edu.ng/,derived from official site fact; verify before public deployment
99,Student asked: How can I email YABATECH? briefly,The official emails listed are registrar@yabatech.edu.ng and records@yabatech.edu.ng.,contact,email,generated_variation,https://www.yabatech.edu.ng/,derived from official site fact; verify before public deployment
100,What emails are listed on YABATECH site?,The official emails listed are registrar@yabatech.edu.ng and records@yabatech.edu.ng.,contact,email,official_fact,https://www.yabatech.edu.ng/,current as checked on 2026-05-12
101,Please answer: What emails are listed on YABATECH site? for students,The official emails listed are registrar@yabatech.edu.ng and records@yabatech.edu.ng.,contact,email,generated_variation,https://www.yabatech.edu.ng/,derived from official site fact; verify before public deployment
102,"In simple words, What emails are listed on YABATECH site? as a chatbot response",The official emails listed are registrar@yabatech.edu.ng and records@yabatech.edu.ng.,contact,email,generated_variation,https://www.yabatech.edu.ng/,derived from official site fact; verify before public deployment
103,YABATECH registrar email,The official emails listed are registrar@yabatech.edu.ng and records@yabatech.edu.ng.,contact,email,official_fact,https://www.yabatech.edu.ng/,current as checked on 2026-05-12
104,Quick question: YABATECH registrar email for students,The official emails listed are registrar@yabatech.edu.ng and records@yabatech.edu.ng.,contact,email,generated_variation,https://www.yabatech.edu.ng/,derived from official site fact; verify before public deployment
105,Quick question: YABATECH registrar email in simple terms,The official emails listed are registrar@yabatech.edu.ng and records@yabatech.edu.ng.,contact,email,generated_variation,https://www.yabatech.edu.ng/,derived from official site fact; verify before public deployment
106,YABATECH records email,The official emails listed are registrar@yabatech.edu.ng and records@yabatech.edu.ng.,contact,email,official_fact,https://www.yabatech.edu.ng/,current as checked on 2026-05-12
107,"For a learner, YABATECH records email briefly",The official emails listed are registrar@yabatech.edu.ng and records@yabatech.edu.ng.,contact,email,generated_variation,https://www.yabatech.edu.ng/,derived from official site fact; verify before public deployment
108,Quick question: YABATECH records email,The official emails listed are registrar@yabatech.edu.ng and records@yabatech.edu.ng.,contact,email,generated_variation,https://www.yabatech.edu.ng/,derived from official site fact; verify before public deployment
109,Can I get YABATECH contact email?,The official emails listed are registrar@yabatech.edu.ng and records@yabatech.edu.ng.,contact,email,official_fact,https://www.yabatech.edu.ng/,current as checked on 2026-05-12
110,Please answer: Can I get YABATECH contact email? on YABATECH website,The official emails listed are registrar@yabatech.edu.ng and records@yabatech.edu.ng.,contact,email,generated_variation,https://www.yabatech.edu.ng/,derived from official site fact; verify before public deployment
111,Quick question: Can I get YABATECH contact email? as a chatbot response,The official emails listed are registrar@yabatech.edu.ng and records@yabatech.edu.ng.,contact,email,generated_variation,https://www.yabatech.edu.ng/,derived from official site fact; verify before public deployment
112,What email can students use for YABATECH?,The official emails listed are registrar@yabatech.edu.ng and records@yabatech.edu.ng.,contact,email,official_fact,https://www.yabatech.edu.ng/,current as checked on 2026-05-12
113,Class question: What email can students use for YABATECH?,The official emails listed are registrar@yabatech.edu.ng and records@yabatech.edu.ng.,contact,email,generated_variation,https://www.yabatech.edu.ng/,derived from official site fact; verify before public deployment
114,Student asked: What email can students use for YABATECH? as a chatbot response,The official emails listed are registrar@yabatech.edu.ng and records@yabatech.edu.ng.,contact,email,generated_variation,https://www.yabatech.edu.ng/,derived from official site fact; verify before public deployment
115,YABATECH official email address please,The official emails listed are registrar@yabatech.edu.ng and records@yabatech.edu.ng.,contact,email,official_fact,https://www.yabatech.edu.ng/,current as checked on 2026-05-12
116,Please answer: YABATECH official email address please briefly,The official emails listed are registrar@yabatech.edu.ng and records@yabatech.edu.ng.,contact,email,generated_variation,https://www.yabatech.edu.ng/,derived from official site fact; verify before public deployment
117,"In simple words, YABATECH official email address please for admission learners",The official emails listed are registrar@yabatech.edu.ng and records@yabatech.edu.ng.,contact,email,generated_variation,https://www.yabatech.edu.ng/,derived from official site fact; verify before public deployment
118,How do I contact YABATECH by email?,The official emails listed are registrar@yabatech.edu.ng and records@yabatech.edu.ng.,contact,email,official_fact,https://www.yabatech.edu.ng/,current as checked on 2026-05-12
119,"For a learner, How do I contact YABATECH by email? on YABATECH website",The official emails listed are registrar@yabatech.edu.ng and records@yabatech.edu.ng.,contact,email,generated_variation,https://www.yabatech.edu.ng/,derived from official site fact; verify before public deployment
120,"In simple words, How do I contact YABATECH by email? for students",The official emails listed are registrar@yabatech.edu.ng and records@yabatech.edu.ng.,contact,email,generated_variation,https://www.yabatech.edu.ng/,derived from official site fact; verify before public deployment
121,What is the vision of YABATECH?,"YABATECH's vision is to be the leading higher educational institution in Africa by providing first-rate academic, professional and entrepreneurial education to students who can make positive technological and socio-economic impact.",vision_mission,vision,official_fact,https://www.yabatech.edu.ng/vision.php,current as checked on 2026-05-12
122,"In simple words, What is the vision of YABATECH?","YABATECH's vision is to be the leading higher educational institution in Africa by providing first-rate academic, professional and entrepreneurial education to students who can make positive technological and socio-economic impact.",vision_mission,vision,generated_variation,https://www.yabatech.edu.ng/vision.php,derived from official site fact; verify before public deployment
123,Can you explain: What is the vision of YABATECH? today,"YABATECH's vision is to be the leading higher educational institution in Africa by providing first-rate academic, professional and entrepreneurial education to students who can make positive technological and socio-economic impact.",vision_mission,vision,generated_variation,https://www.yabatech.edu.ng/vision.php,derived from official site fact; verify before public deployment
124,State YABATECH vision,"YABATECH's vision is to be the leading higher educational institution in Africa by providing first-rate academic, professional and entrepreneurial education to students who can make positive technological and socio-economic impact.",vision_mission,vision,official_fact,https://www.yabatech.edu.ng/vision.php,current as checked on 2026-05-12
125,State YABATECH vision,"YABATECH's vision is to be the leading higher educational institution in Africa by providing first-rate academic, professional and entrepreneurial education to students who can make positive technological and socio-economic impact.",vision_mission,vision,generated_variation,https://www.yabatech.edu.ng/vision.php,derived from official site fact; verify before public deployment
126,Please answer: State YABATECH vision on YABATECH website,"YABATECH's vision is to be the leading higher educational institution in Africa by providing first-rate academic, professional and entrepreneurial education to students who can make positive technological and socio-economic impact.",vision_mission,vision,generated_variation,https://www.yabatech.edu.ng/vision.php,derived from official site fact; verify before public deployment
127,Tell me YABATECH's vision statement,"YABATECH's vision is to be the leading higher educational institution in Africa by providing first-rate academic, professional and entrepreneurial education to students who can make positive technological and socio-economic impact.",vision_mission,vision,official_fact,https://www.yabatech.edu.ng/vision.php,current as checked on 2026-05-12
128,"In simple words, Tell me YABATECH's vision statement in simple terms","YABATECH's vision is to be the leading higher educational institution in Africa by providing first-rate academic, professional and entrepreneurial education to students who can make positive technological and socio-economic impact.",vision_mission,vision,generated_variation,https://www.yabatech.edu.ng/vision.php,derived from official site fact; verify before public deployment
129,Tell me YABATECH's vision statement today,"YABATECH's vision is to be the leading higher educational institution in Africa by providing first-rate academic, professional and entrepreneurial education to students who can make positive technological and socio-economic impact.",vision_mission,vision,generated_variation,https://www.yabatech.edu.ng/vision.php,derived from official site fact; verify before public deployment
130,What does YABATECH want to become?,"YABATECH's vision is to be the leading higher educational institution in Africa by providing first-rate academic, professional and entrepreneurial education to students who can make positive technological and socio-economic impact.",vision_mission,vision,official_fact,https://www.yabatech.edu.ng/vision.php,current as checked on 2026-05-12
131,Class question: What does YABATECH want to become?,"YABATECH's vision is to be the leading higher educational institution in Africa by providing first-rate academic, professional and entrepreneurial education to students who can make positive technological and socio-economic impact.",vision_mission,vision,generated_variation,https://www.yabatech.edu.ng/vision.php,derived from official site fact; verify before public deployment
132,Help me answer: What does YABATECH want to become? briefly,"YABATECH's vision is to be the leading higher educational institution in Africa by providing first-rate academic, professional and entrepreneurial education to students who can make positive technological and socio-economic impact.",vision_mission,vision,generated_variation,https://www.yabatech.edu.ng/vision.php,derived from official site fact; verify before public deployment
133,Explain the vision statement of YABATECH,"YABATECH's vision is to be the leading higher educational institution in Africa by providing first-rate academic, professional and entrepreneurial education to students who can make positive technological and socio-economic impact.",vision_mission,vision,official_fact,https://www.yabatech.edu.ng/vision.php,current as checked on 2026-05-12
134,Can you explain: Explain the vision statement of YABATECH please,"YABATECH's vision is to be the leading higher educational institution in Africa by providing first-rate academic, professional and entrepreneurial education to students who can make positive technological and socio-economic impact.",vision_mission,vision,generated_variation,https://www.yabatech.edu.ng/vision.php,derived from official site fact; verify before public deployment
135,Please answer: Explain the vision statement of YABATECH in simple terms,"YABATECH's vision is to be the leading higher educational institution in Africa by providing first-rate academic, professional and entrepreneurial education to students who can make positive technological and socio-economic impact.",vision_mission,vision,generated_variation,https://www.yabatech.edu.ng/vision.php,derived from official site fact; verify before public deployment
136,What is YABATECH's institutional vision?,"YABATECH's vision is to be the leading higher educational institution in Africa by providing first-rate academic, professional and entrepreneurial education to students who can make positive technological and socio-economic impact.",vision_mission,vision,official_fact,https://www.yabatech.edu.ng/vision.php,current as checked on 2026-05-12
137,Can you explain: What is YABATECH's institutional vision?,"YABATECH's vision is to be the leading higher educational institution in Africa by providing first-rate academic, professional and entrepreneurial education to students who can make positive technological and socio-economic impact.",vision_mission,vision,generated_variation,https://www.yabatech.edu.ng/vision.php,derived from official site fact; verify before public deployment
138,"In simple words, What is YABATECH's institutional vision? today","YABATECH's vision is to be the leading higher educational institution in Africa by providing first-rate academic, professional and entrepreneurial education to students who can make positive technological and socio-economic impact.",vision_mission,vision,generated_variation,https://www.yabatech.edu.ng/vision.php,derived from official site fact; verify before public deployment
139,YABATECH vision please,"YABATECH's vision is to be the leading higher educational institution in Africa by providing first-rate academic, professional and entrepreneurial education to students who can make positive technological and socio-economic impact.",vision_mission,vision,official_fact,https://www.yabatech.edu.ng/vision.php,current as checked on 2026-05-12
140,Can you explain: YABATECH vision please as a chatbot response,"YABATECH's vision is to be the leading higher educational institution in Africa by providing first-rate academic, professional and entrepreneurial education to students who can make positive technological and socio-economic impact.",vision_mission,vision,generated_variation,https://www.yabatech.edu.ng/vision.php,derived from official site fact; verify before public deployment
141,Quick question: YABATECH vision please please,"YABATECH's vision is to be the leading higher educational institution in Africa by providing first-rate academic, professional and entrepreneurial education to students who can make positive technological and socio-economic impact.",vision_mission,vision,generated_variation,https://www.yabatech.edu.ng/vision.php,derived from official site fact; verify before public deployment
142,What is the goal of YABATECH as an institution?,"YABATECH's vision is to be the leading higher educational institution in Africa by providing first-rate academic, professional and entrepreneurial education to students who can make positive technological and socio-economic impact.",vision_mission,vision,official_fact,https://www.yabatech.edu.ng/vision.php,current as checked on 2026-05-12
143,Quick question: What is the goal of YABATECH as an institution? on YABATECH website,"YABATECH's vision is to be the leading higher educational institution in Africa by providing first-rate academic, professional and entrepreneurial education to students who can make positive technological and socio-economic impact.",vision_mission,vision,generated_variation,https://www.yabatech.edu.ng/vision.php,derived from official site fact; verify before public deployment
144,Student asked: What is the goal of YABATECH as an institution? for students,"YABATECH's vision is to be the leading higher educational institution in Africa by providing first-rate academic, professional and entrepreneurial education to students who can make positive technological and socio-economic impact.",vision_mission,vision,generated_variation,https://www.yabatech.edu.ng/vision.php,derived from official site fact; verify before public deployment
145,How does YABATECH define its vision?,"YABATECH's vision is to be the leading higher educational institution in Africa by providing first-rate academic, professional and entrepreneurial education to students who can make positive technological and socio-economic impact.",vision_mission,vision,official_fact,https://www.yabatech.edu.ng/vision.php,current as checked on 2026-05-12
146,Help me answer: How does YABATECH define its vision? for admission learners,"YABATECH's vision is to be the leading higher educational institution in Africa by providing first-rate academic, professional and entrepreneurial education to students who can make positive technological and socio-economic impact.",vision_mission,vision,generated_variation,https://www.yabatech.edu.ng/vision.php,derived from official site fact; verify before public deployment
147,"In simple words, How does YABATECH define its vision? today","YABATECH's vision is to be the leading higher educational institution in Africa by providing first-rate academic, professional and entrepreneurial education to students who can make positive technological and socio-economic impact.",vision_mission,vision,generated_variation,https://www.yabatech.edu.ng/vision.php,derived from official site fact; verify before public deployment
148,What is the future aspiration of YABATECH?,"YABATECH's vision is to be the leading higher educational institution in Africa by providing first-rate academic, professional and entrepreneurial education to students who can make positive technological and socio-economic impact.",vision_mission,vision,official_fact,https://www.yabatech.edu.ng/vision.php,current as checked on 2026-05-12
149,Student asked: What is the future aspiration of YABATECH? today,"YABATECH's vision is to be the leading higher educational institution in Africa by providing first-rate academic, professional and entrepreneurial education to students who can make positive technological and socio-economic impact.",vision_mission,vision,generated_variation,https://www.yabatech.edu.ng/vision.php,derived from official site fact; verify before public deployment
150,Quick question: What is the future aspiration of YABATECH? for students,"YABATECH's vision is to be the leading higher educational institution in Africa by providing first-rate academic, professional and entrepreneurial education to students who can make positive technological and socio-economic impact.",vision_mission,vision,generated_variation,https://www.yabatech.edu.ng/vision.php,derived from official site fact; verify before public deployment
151,What is the mission of YABATECH?,"YABATECH's mission is to produce knowledgeable and innovative graduates, worthy in skill and character, through effective teaching, learning and research for the technological advancement of Africa.",vision_mission,mission,official_fact,https://www.yabatech.edu.ng/vision.php,current as checked on 2026-05-12
152,"For a learner, What is the mission of YABATECH? for students","YABATECH's mission is to produce knowledgeable and innovative graduates, worthy in skill and character, through effective teaching, learning and research for the technological advancement of Africa.",vision_mission,mission,generated_variation,https://www.yabatech.edu.ng/vision.php,derived from official site fact; verify before public deployment
153,Help me answer: What is the mission of YABATECH? for admission learners,"YABATECH's mission is to produce knowledgeable and innovative graduates, worthy in skill and character, through effective teaching, learning and research for the technological advancement of Africa.",vision_mission,mission,generated_variation,https://www.yabatech.edu.ng/vision.php,derived from official site fact; verify before public deployment
154,State YABATECH mission,"YABATECH's mission is to produce knowledgeable and innovative graduates, worthy in skill and character, through effective teaching, learning and research for the technological advancement of Africa.",vision_mission,mission,official_fact,https://www.yabatech.edu.ng/vision.php,current as checked on 2026-05-12
155,Help me answer: State YABATECH mission in simple terms,"YABATECH's mission is to produce knowledgeable and innovative graduates, worthy in skill and character, through effective teaching, learning and research for the technological advancement of Africa.",vision_mission,mission,generated_variation,https://www.yabatech.edu.ng/vision.php,derived from official site fact; verify before public deployment
156,Can you explain: State YABATECH mission today,"YABATECH's mission is to produce knowledgeable and innovative graduates, worthy in skill and character, through effective teaching, learning and research for the technological advancement of Africa.",vision_mission,mission,generated_variation,https://www.yabatech.edu.ng/vision.php,derived from official site fact; verify before public deployment
157,Tell me YABATECH's mission statement,"YABATECH's mission is to produce knowledgeable and innovative graduates, worthy in skill and character, through effective teaching, learning and research for the technological advancement of Africa.",vision_mission,mission,official_fact,https://www.yabatech.edu.ng/vision.php,current as checked on 2026-05-12
158,Tell me YABATECH's mission statement please,"YABATECH's mission is to produce knowledgeable and innovative graduates, worthy in skill and character, through effective teaching, learning and research for the technological advancement of Africa.",vision_mission,mission,generated_variation,https://www.yabatech.edu.ng/vision.php,derived from official site fact; verify before public deployment
159,Tell me YABATECH's mission statement,"YABATECH's mission is to produce knowledgeable and innovative graduates, worthy in skill and character, through effective teaching, learning and research for the technological advancement of Africa.",vision_mission,mission,generated_variation,https://www.yabatech.edu.ng/vision.php,derived from official site fact; verify before public deployment
160,What does YABATECH aim to produce?,"YABATECH's mission is to produce knowledgeable and innovative graduates, worthy in skill and character, through effective teaching, learning and research for the technological advancement of Africa.",vision_mission,mission,official_fact,https://www.yabatech.edu.ng/vision.php,current as checked on 2026-05-12
161,Class question: What does YABATECH aim to produce? for students,"YABATECH's mission is to produce knowledgeable and innovative graduates, worthy in skill and character, through effective teaching, learning and research for the technological advancement of Africa.",vision_mission,mission,generated_variation,https://www.yabatech.edu.ng/vision.php,derived from official site fact; verify before public deployment
162,"In simple words, What does YABATECH aim to produce? on YABATECH website","YABATECH's mission is to produce knowledgeable and innovative graduates, worthy in skill and character, through effective teaching, learning and research for the technological advancement of Africa.",vision_mission,mission,generated_variation,https://www.yabatech.edu.ng/vision.php,derived from official site fact; verify before public deployment
163,Explain the mission statement of YABATECH,"YABATECH's mission is to produce knowledgeable and innovative graduates, worthy in skill and character, through effective teaching, learning and research for the technological advancement of Africa.",vision_mission,mission,official_fact,https://www.yabatech.edu.ng/vision.php,current as checked on 2026-05-12
164,Student asked: Explain the mission statement of YABATECH for students,"YABATECH's mission is to produce knowledgeable and innovative graduates, worthy in skill and character, through effective teaching, learning and research for the technological advancement of Africa.",vision_mission,mission,generated_variation,https://www.yabatech.edu.ng/vision.php,derived from official site fact; verify before public deployment
165,"In simple words, Explain the mission statement of YABATECH for students","YABATECH's mission is to produce knowledgeable and innovative graduates, worthy in skill and character, through effective teaching, learning and research for the technological advancement of Africa.",vision_mission,mission,generated_variation,https://www.yabatech.edu.ng/vision.php,derived from official site fact; verify before public deployment
166,YABATECH mission please,"YABATECH's mission is to produce knowledgeable and innovative graduates, worthy in skill and character, through effective teaching, learning and research for the technological advancement of Africa.",vision_mission,mission,official_fact,https://www.yabatech.edu.ng/vision.php,current as checked on 2026-05-12
167,"In simple words, YABATECH mission please","YABATECH's mission is to produce knowledgeable and innovative graduates, worthy in skill and character, through effective teaching, learning and research for the technological advancement of Africa.",vision_mission,mission,generated_variation,https://www.yabatech.edu.ng/vision.php,derived from official site fact; verify before public deployment
168,"In simple words, YABATECH mission please","YABATECH's mission is to produce knowledgeable and innovative graduates, worthy in skill and character, through effective teaching, learning and research for the technological advancement of Africa.",vision_mission,mission,generated_variation,https://www.yabatech.edu.ng/vision.php,derived from official site fact; verify before public deployment
169,What is YABATECH's academic mission?,"YABATECH's mission is to produce knowledgeable and innovative graduates, worthy in skill and character, through effective teaching, learning and research for the technological advancement of Africa.",vision_mission,mission,official_fact,https://www.yabatech.edu.ng/vision.php,current as checked on 2026-05-12
170,Can you explain: What is YABATECH's academic mission? today,"YABATECH's mission is to produce knowledgeable and innovative graduates, worthy in skill and character, through effective teaching, learning and research for the technological advancement of Africa.",vision_mission,mission,generated_variation,https://www.yabatech.edu.ng/vision.php,derived from official site fact; verify before public deployment
171,Quick question: What is YABATECH's academic mission?,"YABATECH's mission is to produce knowledgeable and innovative graduates, worthy in skill and character, through effective teaching, learning and research for the technological advancement of Africa.",vision_mission,mission,generated_variation,https://www.yabatech.edu.ng/vision.php,derived from official site fact; verify before public deployment
172,How does YABATECH describe its mission?,"YABATECH's mission is to produce knowledgeable and innovative graduates, worthy in skill and character, through effective teaching, learning and research for the technological advancement of Africa.",vision_mission,mission,official_fact,https://www.yabatech.edu.ng/vision.php,current as checked on 2026-05-12
173,Please answer: How does YABATECH describe its mission?,"YABATECH's mission is to produce knowledgeable and innovative graduates, worthy in skill and character, through effective teaching, learning and research for the technological advancement of Africa.",vision_mission,mission,generated_variation,https://www.yabatech.edu.ng/vision.php,derived from official site fact; verify before public deployment
174,"In simple words, How does YABATECH describe its mission?","YABATECH's mission is to produce knowledgeable and innovative graduates, worthy in skill and character, through effective teaching, learning and research for the technological advancement of Africa.",vision_mission,mission,generated_variation,https://www.yabatech.edu.ng/vision.php,derived from official site fact; verify before public deployment
175,What kind of graduates does YABATECH want to produce?,"YABATECH's mission is to produce knowledgeable and innovative graduates, worthy in skill and character, through effective teaching, learning and research for the technological advancement of Africa.",vision_mission,mission,official_fact,https://www.yabatech.edu.ng/vision.php,current as checked on 2026-05-12
176,Help me answer: What kind of graduates does YABATECH want to produce? today,"YABATECH's mission is to produce knowledgeable and innovative graduates, worthy in skill and character, through effective teaching, learning and research for the technological advancement of Africa.",vision_mission,mission,generated_variation,https://www.yabatech.edu.ng/vision.php,derived from official site fact; verify before public deployment
177,What kind of graduates does YABATECH want to produce? briefly,"YABATECH's mission is to produce knowledgeable and innovative graduates, worthy in skill and character, through effective teaching, learning and research for the technological advancement of Africa.",vision_mission,mission,generated_variation,https://www.yabatech.edu.ng/vision.php,derived from official site fact; verify before public deployment
178,What is the purpose of YABATECH?,"YABATECH's mission is to produce knowledgeable and innovative graduates, worthy in skill and character, through effective teaching, learning and research for the technological advancement of Africa.",vision_mission,mission,official_fact,https://www.yabatech.edu.ng/vision.php,current as checked on 2026-05-12
179,Quick question: What is the purpose of YABATECH?,"YABATECH's mission is to produce knowledgeable and innovative graduates, worthy in skill and character, through effective teaching, learning and research for the technological advancement of Africa.",vision_mission,mission,generated_variation,https://www.yabatech.edu.ng/vision.php,derived from official site fact; verify before public deployment
180,Quick question: What is the purpose of YABATECH? in simple terms,"YABATECH's mission is to produce knowledgeable and innovative graduates, worthy in skill and character, through effective teaching, learning and research for the technological advancement of Africa.",vision_mission,mission,generated_variation,https://www.yabatech.edu.ng/vision.php,derived from official site fact; verify before public deployment
181,What are YABATECH core values?,"YABATECH's core values include discipline, loyalty, honesty, integrity, courage, respect for lives and property, compassion, teamwork, student focus, and pride in the college's reputation and achievements.",values,core values,official_fact,https://www.yabatech.edu.ng/vision.php,current as checked on 2026-05-12
182,I want to know: What are YABATECH core values? on YABATECH website,"YABATECH's core values include discipline, loyalty, honesty, integrity, courage, respect for lives and property, compassion, teamwork, student focus, and pride in the college's reputation and achievements.",values,core values,generated_variation,https://www.yabatech.edu.ng/vision.php,derived from official site fact; verify before public deployment
183,"For a learner, What are YABATECH core values? in simple terms","YABATECH's core values include discipline, loyalty, honesty, integrity, courage, respect for lives and property, compassion, teamwork, student focus, and pride in the college's reputation and achievements.",values,core values,generated_variation,https://www.yabatech.edu.ng/vision.php,derived from official site fact; verify before public deployment
184,List the values of YABATECH,"YABATECH's core values include discipline, loyalty, honesty, integrity, courage, respect for lives and property, compassion, teamwork, student focus, and pride in the college's reputation and achievements.",values,core values,official_fact,https://www.yabatech.edu.ng/vision.php,current as checked on 2026-05-12
185,Can you explain: List the values of YABATECH for students,"YABATECH's core values include discipline, loyalty, honesty, integrity, courage, respect for lives and property, compassion, teamwork, student focus, and pride in the college's reputation and achievements.",values,core values,generated_variation,https://www.yabatech.edu.ng/vision.php,derived from official site fact; verify before public deployment
186,Please answer: List the values of YABATECH?,"YABATECH's core values include discipline, loyalty, honesty, integrity, courage, respect for lives and property, compassion, teamwork, student focus, and pride in the college's reputation and achievements.",values,core values,generated_variation,https://www.yabatech.edu.ng/vision.php,derived from official site fact; verify before public deployment
187,What values does YABATECH promote?,"YABATECH's core values include discipline, loyalty, honesty, integrity, courage, respect for lives and property, compassion, teamwork, student focus, and pride in the college's reputation and achievements.",values,core values,official_fact,https://www.yabatech.edu.ng/vision.php,current as checked on 2026-05-12
188,Help me answer: What values does YABATECH promote? on YABATECH website,"YABATECH's core values include discipline, loyalty, honesty, integrity, courage, respect for lives and property, compassion, teamwork, student focus, and pride in the college's reputation and achievements.",values,core values,generated_variation,https://www.yabatech.edu.ng/vision.php,derived from official site fact; verify before public deployment
189,I want to know: What values does YABATECH promote? for admission learners,"YABATECH's core values include discipline, loyalty, honesty, integrity, courage, respect for lives and property, compassion, teamwork, student focus, and pride in the college's reputation and achievements.",values,core values,generated_variation,https://www.yabatech.edu.ng/vision.php,derived from official site fact; verify before public deployment
190,Tell me the core values of the college,"YABATECH's core values include discipline, loyalty, honesty, integrity, courage, respect for lives and property, compassion, teamwork, student focus, and pride in the college's reputation and achievements.",values,core values,official_fact,https://www.yabatech.edu.ng/vision.php,current as checked on 2026-05-12
191,Please answer: Tell me the core values of the college please,"YABATECH's core values include discipline, loyalty, honesty, integrity, courage, respect for lives and property, compassion, teamwork, student focus, and pride in the college's reputation and achievements.",values,core values,generated_variation,https://www.yabatech.edu.ng/vision.php,derived from official site fact; verify before public deployment
192,"In simple words, Tell me the core values of the college as a chatbot response","YABATECH's core values include discipline, loyalty, honesty, integrity, courage, respect for lives and property, compassion, teamwork, student focus, and pride in the college's reputation and achievements.",values,core values,generated_variation,https://www.yabatech.edu.ng/vision.php,derived from official site fact; verify before public deployment
193,YABATECH values please,"YABATECH's core values include discipline, loyalty, honesty, integrity, courage, respect for lives and property, compassion, teamwork, student focus, and pride in the college's reputation and achievements.",values,core values,official_fact,https://www.yabatech.edu.ng/vision.php,current as checked on 2026-05-12
194,Class question: YABATECH values please in simple terms,"YABATECH's core values include discipline, loyalty, honesty, integrity, courage, respect for lives and property, compassion, teamwork, student focus, and pride in the college's reputation and achievements.",values,core values,generated_variation,https://www.yabatech.edu.ng/vision.php,derived from official site fact; verify before public deployment
195,I want to know: YABATECH values please as a chatbot response,"YABATECH's core values include discipline, loyalty, honesty, integrity, courage, respect for lives and property, compassion, teamwork, student focus, and pride in the college's reputation and achievements.",values,core values,generated_variation,https://www.yabatech.edu.ng/vision.php,derived from official site fact; verify before public deployment
196,What ethical values are linked with YABATECH?,"YABATECH's core values include discipline, loyalty, honesty, integrity, courage, respect for lives and property, compassion, teamwork, student focus, and pride in the college's reputation and achievements.",values,core values,official_fact,https://www.yabatech.edu.ng/vision.php,current as checked on 2026-05-12
197,Can you explain: What ethical values are linked with YABATECH? briefly,"YABATECH's core values include discipline, loyalty, honesty, integrity, courage, respect for lives and property, compassion, teamwork, student focus, and pride in the college's reputation and achievements.",values,core values,generated_variation,https://www.yabatech.edu.ng/vision.php,derived from official site fact; verify before public deployment
198,Student asked: What ethical values are linked with YABATECH? for students,"YABATECH's core values include discipline, loyalty, honesty, integrity, courage, respect for lives and property, compassion, teamwork, student focus, and pride in the college's reputation and achievements.",values,core values,generated_variation,https://www.yabatech.edu.ng/vision.php,derived from official site fact; verify before public deployment
199,Does YABATECH value integrity?,"YABATECH's core values include discipline, loyalty, honesty, integrity, courage, respect for lives and property, compassion, teamwork, student focus, and pride in the college's reputation and achievements.",values,core values,official_fact,https://www.yabatech.edu.ng/vision.php,current as checked on 2026-05-12
200,Does YABATECH value integrity?,"YABATECH's core values include discipline, loyalty, honesty, integrity, courage, respect for lives and property, compassion, teamwork, student focus, and pride in the college's reputation and achievements.",values,core values,generated_variation,https://www.yabatech.edu.ng/vision.php,derived from official site fact; verify before public deployment
201,Help me answer: Does YABATECH value integrity? briefly,"YABATECH's core values include discipline, loyalty, honesty, integrity, courage, respect for lives and property, compassion, teamwork, student focus, and pride in the college's reputation and achievements.",values,core values,generated_variation,https://www.yabatech.edu.ng/vision.php,derived from official site fact; verify before public deployment
202,What character values does YABATECH encourage?,"YABATECH's core values include discipline, loyalty, honesty, integrity, courage, respect for lives and property, compassion, teamwork, student focus, and pride in the college's reputation and achievements.",values,core values,official_fact,https://www.yabatech.edu.ng/vision.php,current as checked on 2026-05-12
203,Help me answer: What character values does YABATECH encourage?,"YABATECH's core values include discipline, loyalty, honesty, integrity, courage, respect for lives and property, compassion, teamwork, student focus, and pride in the college's reputation and achievements.",values,core values,generated_variation,https://www.yabatech.edu.ng/vision.php,derived from official site fact; verify before public deployment
204,Can you explain: What character values does YABATECH encourage?,"YABATECH's core values include discipline, loyalty, honesty, integrity, courage, respect for lives and property, compassion, teamwork, student focus, and pride in the college's reputation and achievements.",values,core values,generated_variation,https://www.yabatech.edu.ng/vision.php,derived from official site fact; verify before public deployment
205,What does YABATECH expect from staff and students?,"YABATECH's core values include discipline, loyalty, honesty, integrity, courage, respect for lives and property, compassion, teamwork, student focus, and pride in the college's reputation and achievements.",values,core values,official_fact,https://www.yabatech.edu.ng/vision.php,current as checked on 2026-05-12
206,Student asked: What does YABATECH expect from staff and students? on YABATECH website,"YABATECH's core values include discipline, loyalty, honesty, integrity, courage, respect for lives and property, compassion, teamwork, student focus, and pride in the college's reputation and achievements.",values,core values,generated_variation,https://www.yabatech.edu.ng/vision.php,derived from official site fact; verify before public deployment
207,Please answer: What does YABATECH expect from staff and students? for admission learners,"YABATECH's core values include discipline, loyalty, honesty, integrity, courage, respect for lives and property, compassion, teamwork, student focus, and pride in the college's reputation and achievements.",values,core values,generated_variation,https://www.yabatech.edu.ng/vision.php,derived from official site fact; verify before public deployment
208,Mention YABATECH values,"YABATECH's core values include discipline, loyalty, honesty, integrity, courage, respect for lives and property, compassion, teamwork, student focus, and pride in the college's reputation and achievements.",values,core values,official_fact,https://www.yabatech.edu.ng/vision.php,current as checked on 2026-05-12
209,I want to know: Mention YABATECH values as a chatbot response,"YABATECH's core values include discipline, loyalty, honesty, integrity, courage, respect for lives and property, compassion, teamwork, student focus, and pride in the college's reputation and achievements.",values,core values,generated_variation,https://www.yabatech.edu.ng/vision.php,derived from official site fact; verify before public deployment
210,Quick question: Mention YABATECH values today,"YABATECH's core values include discipline, loyalty, honesty, integrity, courage, respect for lives and property, compassion, teamwork, student focus, and pride in the college's reputation and achievements.",values,core values,generated_variation,https://www.yabatech.edu.ng/vision.php,derived from official site fact; verify before public deployment
211,How did YABATECH start?,"YABATECH started as Yaba Technical Institute, taking over the activities of Yaba Higher College after the Elliot Commission's recommendation on higher education in West Africa.",history,origin,official_fact,https://www.yabatech.edu.ng/history.php,current as checked on 2026-05-12
212,Can you explain: How did YABATECH start? as a chatbot response,"YABATECH started as Yaba Technical Institute, taking over the activities of Yaba Higher College after the Elliot Commission's recommendation on higher education in West Africa.",history,origin,generated_variation,https://www.yabatech.edu.ng/history.php,derived from official site fact; verify before public deployment
213,Quick question: How did YABATECH start?,"YABATECH started as Yaba Technical Institute, taking over the activities of Yaba Higher College after the Elliot Commission's recommendation on higher education in West Africa.",history,origin,generated_variation,https://www.yabatech.edu.ng/history.php,derived from official site fact; verify before public deployment
214,What was YABATECH originally called?,"YABATECH started as Yaba Technical Institute, taking over the activities of Yaba Higher College after the Elliot Commission's recommendation on higher education in West Africa.",history,origin,official_fact,https://www.yabatech.edu.ng/history.php,current as checked on 2026-05-12
215,Help me answer: What was YABATECH originally called? today,"YABATECH started as Yaba Technical Institute, taking over the activities of Yaba Higher College after the Elliot Commission's recommendation on higher education in West Africa.",history,origin,generated_variation,https://www.yabatech.edu.ng/history.php,derived from official site fact; verify before public deployment
216,Can you explain: What was YABATECH originally called?,"YABATECH started as Yaba Technical Institute, taking over the activities of Yaba Higher College after the Elliot Commission's recommendation on higher education in West Africa.",history,origin,generated_variation,https://www.yabatech.edu.ng/history.php,derived from official site fact; verify before public deployment
217,Tell me the origin of YABATECH,"YABATECH started as Yaba Technical Institute, taking over the activities of Yaba Higher College after the Elliot Commission's recommendation on higher education in West Africa.",history,origin,official_fact,https://www.yabatech.edu.ng/history.php,current as checked on 2026-05-12
218,Student asked: Tell me the origin of YABATECH for students,"YABATECH started as Yaba Technical Institute, taking over the activities of Yaba Higher College after the Elliot Commission's recommendation on higher education in West Africa.",history,origin,generated_variation,https://www.yabatech.edu.ng/history.php,derived from official site fact; verify before public deployment
219,Class question: Tell me the origin of YABATECH for admission learners,"YABATECH started as Yaba Technical Institute, taking over the activities of Yaba Higher College after the Elliot Commission's recommendation on higher education in West Africa.",history,origin,generated_variation,https://www.yabatech.edu.ng/history.php,derived from official site fact; verify before public deployment
220,What is the history behind YABATECH?,"YABATECH started as Yaba Technical Institute, taking over the activities of Yaba Higher College after the Elliot Commission's recommendation on higher education in West Africa.",history,origin,official_fact,https://www.yabatech.edu.ng/history.php,current as checked on 2026-05-12
221,"For a learner, What is the history behind YABATECH? please","YABATECH started as Yaba Technical Institute, taking over the activities of Yaba Higher College after the Elliot Commission's recommendation on higher education in West Africa.",history,origin,generated_variation,https://www.yabatech.edu.ng/history.php,derived from official site fact; verify before public deployment
222,Quick question: What is the history behind YABATECH? for students,"YABATECH started as Yaba Technical Institute, taking over the activities of Yaba Higher College after the Elliot Commission's recommendation on higher education in West Africa.",history,origin,generated_variation,https://www.yabatech.edu.ng/history.php,derived from official site fact; verify before public deployment
223,Did YABATECH start as Yaba Technical Institute?,"YABATECH started as Yaba Technical Institute, taking over the activities of Yaba Higher College after the Elliot Commission's recommendation on higher education in West Africa.",history,origin,official_fact,https://www.yabatech.edu.ng/history.php,current as checked on 2026-05-12
224,Please answer: Did YABATECH start as Yaba Technical Institute? please,"YABATECH started as Yaba Technical Institute, taking over the activities of Yaba Higher College after the Elliot Commission's recommendation on higher education in West Africa.",history,origin,generated_variation,https://www.yabatech.edu.ng/history.php,derived from official site fact; verify before public deployment
225,"For a learner, Did YABATECH start as Yaba Technical Institute? on YABATECH website","YABATECH started as Yaba Technical Institute, taking over the activities of Yaba Higher College after the Elliot Commission's recommendation on higher education in West Africa.",history,origin,generated_variation,https://www.yabatech.edu.ng/history.php,derived from official site fact; verify before public deployment
226,What institution did YABATECH begin as?,"YABATECH started as Yaba Technical Institute, taking over the activities of Yaba Higher College after the Elliot Commission's recommendation on higher education in West Africa.",history,origin,official_fact,https://www.yabatech.edu.ng/history.php,current as checked on 2026-05-12
227,Class question: What institution did YABATECH begin as? in simple terms,"YABATECH started as Yaba Technical Institute, taking over the activities of Yaba Higher College after the Elliot Commission's recommendation on higher education in West Africa.",history,origin,generated_variation,https://www.yabatech.edu.ng/history.php,derived from official site fact; verify before public deployment
228,Can you explain: What institution did YABATECH begin as? for admission learners,"YABATECH started as Yaba Technical Institute, taking over the activities of Yaba Higher College after the Elliot Commission's recommendation on higher education in West Africa.",history,origin,generated_variation,https://www.yabatech.edu.ng/history.php,derived from official site fact; verify before public deployment
229,Where did YABATECH come from historically?,"YABATECH started as Yaba Technical Institute, taking over the activities of Yaba Higher College after the Elliot Commission's recommendation on higher education in West Africa.",history,origin,official_fact,https://www.yabatech.edu.ng/history.php,current as checked on 2026-05-12
230,I want to know: Where did YABATECH come from historically? for students,"YABATECH started as Yaba Technical Institute, taking over the activities of Yaba Higher College after the Elliot Commission's recommendation on higher education in West Africa.",history,origin,generated_variation,https://www.yabatech.edu.ng/history.php,derived from official site fact; verify before public deployment
231,Help me answer: Where did YABATECH come from historically? for admission learners,"YABATECH started as Yaba Technical Institute, taking over the activities of Yaba Higher College after the Elliot Commission's recommendation on higher education in West Africa.",history,origin,generated_variation,https://www.yabatech.edu.ng/history.php,derived from official site fact; verify before public deployment
232,Give me the beginning of YABATECH,"YABATECH started as Yaba Technical Institute, taking over the activities of Yaba Higher College after the Elliot Commission's recommendation on higher education in West Africa.",history,origin,official_fact,https://www.yabatech.edu.ng/history.php,current as checked on 2026-05-12
233,Can you explain: Give me the beginning of YABATECH for admission learners,"YABATECH started as Yaba Technical Institute, taking over the activities of Yaba Higher College after the Elliot Commission's recommendation on higher education in West Africa.",history,origin,generated_variation,https://www.yabatech.edu.ng/history.php,derived from official site fact; verify before public deployment
234,Can you explain: Give me the beginning of YABATECH as a chatbot response,"YABATECH started as Yaba Technical Institute, taking over the activities of Yaba Higher College after the Elliot Commission's recommendation on higher education in West Africa.",history,origin,generated_variation,https://www.yabatech.edu.ng/history.php,derived from official site fact; verify before public deployment
235,Explain the origin of Yaba College of Technology,"YABATECH started as Yaba Technical Institute, taking over the activities of Yaba Higher College after the Elliot Commission's recommendation on higher education in West Africa.",history,origin,official_fact,https://www.yabatech.edu.ng/history.php,current as checked on 2026-05-12
236,Class question: Explain the origin of Yaba College of Technology for admission learners,"YABATECH started as Yaba Technical Institute, taking over the activities of Yaba Higher College after the Elliot Commission's recommendation on higher education in West Africa.",history,origin,generated_variation,https://www.yabatech.edu.ng/history.php,derived from official site fact; verify before public deployment
237,Explain the origin of Yaba College of Technology briefly,"YABATECH started as Yaba Technical Institute, taking over the activities of Yaba Higher College after the Elliot Commission's recommendation on higher education in West Africa.",history,origin,generated_variation,https://www.yabatech.edu.ng/history.php,derived from official site fact; verify before public deployment
238,What was before YABATECH?,"YABATECH started as Yaba Technical Institute, taking over the activities of Yaba Higher College after the Elliot Commission's recommendation on higher education in West Africa.",history,origin,official_fact,https://www.yabatech.edu.ng/history.php,current as checked on 2026-05-12
239,I want to know: What was before YABATECH? as a chatbot response,"YABATECH started as Yaba Technical Institute, taking over the activities of Yaba Higher College after the Elliot Commission's recommendation on higher education in West Africa.",history,origin,generated_variation,https://www.yabatech.edu.ng/history.php,derived from official site fact; verify before public deployment
240,Class question: What was before YABATECH? for admission learners,"YABATECH started as Yaba Technical Institute, taking over the activities of Yaba Higher College after the Elliot Commission's recommendation on higher education in West Africa.",history,origin,generated_variation,https://www.yabatech.edu.ng/history.php,derived from official site fact; verify before public deployment
241,When did Yaba Technical Institute start classes?,Yaba Technical Institute began day and evening classes in October 1947.,history,1947,official_fact,https://www.yabatech.edu.ng/history.php,current as checked on 2026-05-12
242,Help me answer: When did Yaba Technical Institute start classes? in simple terms,Yaba Technical Institute began day and evening classes in October 1947.,history,1947,generated_variation,https://www.yabatech.edu.ng/history.php,derived from official site fact; verify before public deployment
243,Student asked: When did Yaba Technical Institute start classes? in simple terms,Yaba Technical Institute began day and evening classes in October 1947.,history,1947,generated_variation,https://www.yabatech.edu.ng/history.php,derived from official site fact; verify before public deployment
244,What happened in YABATECH history in 1947?,Yaba Technical Institute began day and evening classes in October 1947.,history,1947,official_fact,https://www.yabatech.edu.ng/history.php,current as checked on 2026-05-12
245,Can you explain: What happened in YABATECH history in 1947? as a chatbot response,Yaba Technical Institute began day and evening classes in October 1947.,history,1947,generated_variation,https://www.yabatech.edu.ng/history.php,derived from official site fact; verify before public deployment
246,What happened in YABATECH history in 1947? briefly,Yaba Technical Institute began day and evening classes in October 1947.,history,1947,generated_variation,https://www.yabatech.edu.ng/history.php,derived from official site fact; verify before public deployment
247,When did day and evening classes begin at Yaba Technical Institute?,Yaba Technical Institute began day and evening classes in October 1947.,history,1947,official_fact,https://www.yabatech.edu.ng/history.php,current as checked on 2026-05-12
248,When did day and evening classes begin at Yaba Technical Institute? on YABATECH website,Yaba Technical Institute began day and evening classes in October 1947.,history,1947,generated_variation,https://www.yabatech.edu.ng/history.php,derived from official site fact; verify before public deployment
249,When did day and evening classes begin at Yaba Technical Institute? today,Yaba Technical Institute began day and evening classes in October 1947.,history,1947,generated_variation,https://www.yabatech.edu.ng/history.php,derived from official site fact; verify before public deployment
250,Tell me about YABATECH in October 1947,Yaba Technical Institute began day and evening classes in October 1947.,history,1947,official_fact,https://www.yabatech.edu.ng/history.php,current as checked on 2026-05-12
251,"In simple words, Tell me about YABATECH in October 1947 for students",Yaba Technical Institute began day and evening classes in October 1947.,history,1947,generated_variation,https://www.yabatech.edu.ng/history.php,derived from official site fact; verify before public deployment
252,Tell me about YABATECH in October 1947 for admission learners,Yaba Technical Institute began day and evening classes in October 1947.,history,1947,generated_variation,https://www.yabatech.edu.ng/history.php,derived from official site fact; verify before public deployment
253,What year did Yaba Technical Institute begin classes?,Yaba Technical Institute began day and evening classes in October 1947.,history,1947,official_fact,https://www.yabatech.edu.ng/history.php,current as checked on 2026-05-12
254,I want to know: What year did Yaba Technical Institute begin classes?,Yaba Technical Institute began day and evening classes in October 1947.,history,1947,generated_variation,https://www.yabatech.edu.ng/history.php,derived from official site fact; verify before public deployment
255,What year did Yaba Technical Institute begin classes? for admission learners,Yaba Technical Institute began day and evening classes in October 1947.,history,1947,generated_variation,https://www.yabatech.edu.ng/history.php,derived from official site fact; verify before public deployment
256,When did the first technical institute start classes?,Yaba Technical Institute began day and evening classes in October 1947.,history,1947,official_fact,https://www.yabatech.edu.ng/history.php,current as checked on 2026-05-12
257,Help me answer: When did the first technical institute start classes? today,Yaba Technical Institute began day and evening classes in October 1947.,history,1947,generated_variation,https://www.yabatech.edu.ng/history.php,derived from official site fact; verify before public deployment
258,Can you explain: When did the first technical institute start classes? on YABATECH website,Yaba Technical Institute began day and evening classes in October 1947.,history,1947,generated_variation,https://www.yabatech.edu.ng/history.php,derived from official site fact; verify before public deployment
259,Yaba Technical Institute started in what year?,Yaba Technical Institute began day and evening classes in October 1947.,history,1947,official_fact,https://www.yabatech.edu.ng/history.php,current as checked on 2026-05-12
260,I want to know: Yaba Technical Institute started in what year? for admission learners,Yaba Technical Institute began day and evening classes in October 1947.,history,1947,generated_variation,https://www.yabatech.edu.ng/history.php,derived from official site fact; verify before public deployment
261,Help me answer: Yaba Technical Institute started in what year? for admission learners,Yaba Technical Institute began day and evening classes in October 1947.,history,1947,generated_variation,https://www.yabatech.edu.ng/history.php,derived from official site fact; verify before public deployment
262,What is the 1947 history of YABATECH?,Yaba Technical Institute began day and evening classes in October 1947.,history,1947,official_fact,https://www.yabatech.edu.ng/history.php,current as checked on 2026-05-12
263,"In simple words, What is the 1947 history of YABATECH? on YABATECH website",Yaba Technical Institute began day and evening classes in October 1947.,history,1947,generated_variation,https://www.yabatech.edu.ng/history.php,derived from official site fact; verify before public deployment
264,Quick question: What is the 1947 history of YABATECH? briefly,Yaba Technical Institute began day and evening classes in October 1947.,history,1947,generated_variation,https://www.yabatech.edu.ng/history.php,derived from official site fact; verify before public deployment
265,When did YABATECH's predecessor begin classes?,Yaba Technical Institute began day and evening classes in October 1947.,history,1947,official_fact,https://www.yabatech.edu.ng/history.php,current as checked on 2026-05-12
266,When did YABATECH's predecessor begin classes? as a chatbot response,Yaba Technical Institute began day and evening classes in October 1947.,history,1947,generated_variation,https://www.yabatech.edu.ng/history.php,derived from official site fact; verify before public deployment
267,Help me answer: When did YABATECH's predecessor begin classes? today,Yaba Technical Institute began day and evening classes in October 1947.,history,1947,generated_variation,https://www.yabatech.edu.ng/history.php,derived from official site fact; verify before public deployment
268,Give me the October 1947 fact about YABATECH,Yaba Technical Institute began day and evening classes in October 1947.,history,1947,official_fact,https://www.yabatech.edu.ng/history.php,current as checked on 2026-05-12
269,Help me answer: Give me the October 1947 fact about YABATECH?,Yaba Technical Institute began day and evening classes in October 1947.,history,1947,generated_variation,https://www.yabatech.edu.ng/history.php,derived from official site fact; verify before public deployment
270,I want to know: Give me the October 1947 fact about YABATECH today,Yaba Technical Institute began day and evening classes in October 1947.,history,1947,generated_variation,https://www.yabatech.edu.ng/history.php,derived from official site fact; verify before public deployment
271,When was Yaba Technical Institute renamed Yaba College of Technology?,"On September 23, 1963, Dr. Nnamdi Azikiwe renamed Yaba Technical Institute as Yaba College of Technology.",history,rename 1963,official_fact,https://www.yabatech.edu.ng/history.php,current as checked on 2026-05-12
272,"In simple words, When was Yaba Technical Institute renamed Yaba College of Technology? for students","On September 23, 1963, Dr. Nnamdi Azikiwe renamed Yaba Technical Institute as Yaba College of Technology.",history,rename 1963,generated_variation,https://www.yabatech.edu.ng/history.php,derived from official site fact; verify before public deployment
273,Please answer: When was Yaba Technical Institute renamed Yaba College of Technology? on YABATECH website,"On September 23, 1963, Dr. Nnamdi Azikiwe renamed Yaba Technical Institute as Yaba College of Technology.",history,rename 1963,generated_variation,https://www.yabatech.edu.ng/history.php,derived from official site fact; verify before public deployment
274,Who renamed Yaba Technical Institute?,"On September 23, 1963, Dr. Nnamdi Azikiwe renamed Yaba Technical Institute as Yaba College of Technology.",history,rename 1963,official_fact,https://www.yabatech.edu.ng/history.php,current as checked on 2026-05-12
275,Can you explain: Who renamed Yaba Technical Institute? in simple terms,"On September 23, 1963, Dr. Nnamdi Azikiwe renamed Yaba Technical Institute as Yaba College of Technology.",history,rename 1963,generated_variation,https://www.yabatech.edu.ng/history.php,derived from official site fact; verify before public deployment
276,"In simple words, Who renamed Yaba Technical Institute? today","On September 23, 1963, Dr. Nnamdi Azikiwe renamed Yaba Technical Institute as Yaba College of Technology.",history,rename 1963,generated_variation,https://www.yabatech.edu.ng/history.php,derived from official site fact; verify before public deployment
277,What happened to YABATECH on September 23 1963?,"On September 23, 1963, Dr. Nnamdi Azikiwe renamed Yaba Technical Institute as Yaba College of Technology.",history,rename 1963,official_fact,https://www.yabatech.edu.ng/history.php,current as checked on 2026-05-12
278,Class question: What happened to YABATECH on September 23 1963?,"On September 23, 1963, Dr. Nnamdi Azikiwe renamed Yaba Technical Institute as Yaba College of Technology.",history,rename 1963,generated_variation,https://www.yabatech.edu.ng/history.php,derived from official site fact; verify before public deployment
279,What happened to YABATECH on September 23 1963? for students,"On September 23, 1963, Dr. Nnamdi Azikiwe renamed Yaba Technical Institute as Yaba College of Technology.",history,rename 1963,generated_variation,https://www.yabatech.edu.ng/history.php,derived from official site fact; verify before public deployment
280,When did YABATECH get its present name?,"On September 23, 1963, Dr. Nnamdi Azikiwe renamed Yaba Technical Institute as Yaba College of Technology.",history,rename 1963,official_fact,https://www.yabatech.edu.ng/history.php,current as checked on 2026-05-12
281,"For a learner, When did YABATECH get its present name? please","On September 23, 1963, Dr. Nnamdi Azikiwe renamed Yaba Technical Institute as Yaba College of Technology.",history,rename 1963,generated_variation,https://www.yabatech.edu.ng/history.php,derived from official site fact; verify before public deployment
282,"In simple words, When did YABATECH get its present name? please","On September 23, 1963, Dr. Nnamdi Azikiwe renamed Yaba Technical Institute as Yaba College of Technology.",history,rename 1963,generated_variation,https://www.yabatech.edu.ng/history.php,derived from official site fact; verify before public deployment
283,What did Nnamdi Azikiwe do for YABATECH?,"On September 23, 1963, Dr. Nnamdi Azikiwe renamed Yaba Technical Institute as Yaba College of Technology.",history,rename 1963,official_fact,https://www.yabatech.edu.ng/history.php,current as checked on 2026-05-12
284,Class question: What did Nnamdi Azikiwe do for YABATECH?,"On September 23, 1963, Dr. Nnamdi Azikiwe renamed Yaba Technical Institute as Yaba College of Technology.",history,rename 1963,generated_variation,https://www.yabatech.edu.ng/history.php,derived from official site fact; verify before public deployment
285,"For a learner, What did Nnamdi Azikiwe do for YABATECH? as a chatbot response","On September 23, 1963, Dr. Nnamdi Azikiwe renamed Yaba Technical Institute as Yaba College of Technology.",history,rename 1963,generated_variation,https://www.yabatech.edu.ng/history.php,derived from official site fact; verify before public deployment
286,Who changed the name to Yaba College of Technology?,"On September 23, 1963, Dr. Nnamdi Azikiwe renamed Yaba Technical Institute as Yaba College of Technology.",history,rename 1963,official_fact,https://www.yabatech.edu.ng/history.php,current as checked on 2026-05-12
287,Quick question: Who changed the name to Yaba College of Technology? today,"On September 23, 1963, Dr. Nnamdi Azikiwe renamed Yaba Technical Institute as Yaba College of Technology.",history,rename 1963,generated_variation,https://www.yabatech.edu.ng/history.php,derived from official site fact; verify before public deployment
288,Quick question: Who changed the name to Yaba College of Technology? briefly,"On September 23, 1963, Dr. Nnamdi Azikiwe renamed Yaba Technical Institute as Yaba College of Technology.",history,rename 1963,generated_variation,https://www.yabatech.edu.ng/history.php,derived from official site fact; verify before public deployment
289,YABATECH was renamed in what year?,"On September 23, 1963, Dr. Nnamdi Azikiwe renamed Yaba Technical Institute as Yaba College of Technology.",history,rename 1963,official_fact,https://www.yabatech.edu.ng/history.php,current as checked on 2026-05-12
290,YABATECH was renamed in what year? for students,"On September 23, 1963, Dr. Nnamdi Azikiwe renamed Yaba Technical Institute as Yaba College of Technology.",history,rename 1963,generated_variation,https://www.yabatech.edu.ng/history.php,derived from official site fact; verify before public deployment
291,Quick question: YABATECH was renamed in what year? today,"On September 23, 1963, Dr. Nnamdi Azikiwe renamed Yaba Technical Institute as Yaba College of Technology.",history,rename 1963,generated_variation,https://www.yabatech.edu.ng/history.php,derived from official site fact; verify before public deployment
292,Tell me about the 1963 name change of YABATECH,"On September 23, 1963, Dr. Nnamdi Azikiwe renamed Yaba Technical Institute as Yaba College of Technology.",history,rename 1963,official_fact,https://www.yabatech.edu.ng/history.php,current as checked on 2026-05-12
293,"In simple words, Tell me about the 1963 name change of YABATECH on YABATECH website","On September 23, 1963, Dr. Nnamdi Azikiwe renamed Yaba Technical Institute as Yaba College of Technology.",history,rename 1963,generated_variation,https://www.yabatech.edu.ng/history.php,derived from official site fact; verify before public deployment
294,Please answer: Tell me about the 1963 name change of YABATECH today,"On September 23, 1963, Dr. Nnamdi Azikiwe renamed Yaba Technical Institute as Yaba College of Technology.",history,rename 1963,generated_variation,https://www.yabatech.edu.ng/history.php,derived from official site fact; verify before public deployment
295,When did Yaba Technical Institute become Yaba College of Technology?,"On September 23, 1963, Dr. Nnamdi Azikiwe renamed Yaba Technical Institute as Yaba College of Technology.",history,rename 1963,official_fact,https://www.yabatech.edu.ng/history.php,current as checked on 2026-05-12
296,Please answer: When did Yaba Technical Institute become Yaba College of Technology? for students,"On September 23, 1963, Dr. Nnamdi Azikiwe renamed Yaba Technical Institute as Yaba College of Technology.",history,rename 1963,generated_variation,https://www.yabatech.edu.ng/history.php,derived from official site fact; verify before public deployment
297,Quick question: When did Yaba Technical Institute become Yaba College of Technology?,"On September 23, 1963, Dr. Nnamdi Azikiwe renamed Yaba Technical Institute as Yaba College of Technology.",history,rename 1963,generated_variation,https://www.yabatech.edu.ng/history.php,derived from official site fact; verify before public deployment
298,What was YABATECH renamed as in 1963?,"On September 23, 1963, Dr. Nnamdi Azikiwe renamed Yaba Technical Institute as Yaba College of Technology.",history,rename 1963,official_fact,https://www.yabatech.edu.ng/history.php,current as checked on 2026-05-12
299,Help me answer: What was YABATECH renamed as in 1963?,"On September 23, 1963, Dr. Nnamdi Azikiwe renamed Yaba Technical Institute as Yaba College of Technology.",history,rename 1963,generated_variation,https://www.yabatech.edu.ng/history.php,derived from official site fact; verify before public deployment
300,I want to know: What was YABATECH renamed as in 1963? as a chatbot response,"On September 23, 1963, Dr. Nnamdi Azikiwe renamed Yaba Technical Institute as Yaba College of Technology.",history,rename 1963,generated_variation,https://www.yabatech.edu.ng/history.php,derived from official site fact; verify before public deployment
301,Was YABATECH ever called Federal Polytechnic Yaba?,The college's name changed to Federal Polytechnic Yaba in 1979 and was reversed to Yaba College of Technology in 1980.,history,federal polytechnic,official_fact,https://www.yabatech.edu.ng/history.php,current as checked on 2026-05-12
302,"For a learner, Was YABATECH ever called Federal Polytechnic Yaba? please",The college's name changed to Federal Polytechnic Yaba in 1979 and was reversed to Yaba College of Technology in 1980.,history,federal polytechnic,generated_variation,https://www.yabatech.edu.ng/history.php,derived from official site fact; verify before public deployment
303,Help me answer: Was YABATECH ever called Federal Polytechnic Yaba? on YABATECH website,The college's name changed to Federal Polytechnic Yaba in 1979 and was reversed to Yaba College of Technology in 1980.,history,federal polytechnic,generated_variation,https://www.yabatech.edu.ng/history.php,derived from official site fact; verify before public deployment
304,What name did YABATECH use in 1979?,The college's name changed to Federal Polytechnic Yaba in 1979 and was reversed to Yaba College of Technology in 1980.,history,federal polytechnic,official_fact,https://www.yabatech.edu.ng/history.php,current as checked on 2026-05-12
305,"In simple words, What name did YABATECH use in 1979? please",The college's name changed to Federal Polytechnic Yaba in 1979 and was reversed to Yaba College of Technology in 1980.,history,federal polytechnic,generated_variation,https://www.yabatech.edu.ng/history.php,derived from official site fact; verify before public deployment
306,Can you explain: What name did YABATECH use in 1979? on YABATECH website,The college's name changed to Federal Polytechnic Yaba in 1979 and was reversed to Yaba College of Technology in 1980.,history,federal polytechnic,generated_variation,https://www.yabatech.edu.ng/history.php,derived from official site fact; verify before public deployment
307,When was YABATECH called Federal Polytechnic Yaba?,The college's name changed to Federal Polytechnic Yaba in 1979 and was reversed to Yaba College of Technology in 1980.,history,federal polytechnic,official_fact,https://www.yabatech.edu.ng/history.php,current as checked on 2026-05-12
308,Student asked: When was YABATECH called Federal Polytechnic Yaba?,The college's name changed to Federal Polytechnic Yaba in 1979 and was reversed to Yaba College of Technology in 1980.,history,federal polytechnic,generated_variation,https://www.yabatech.edu.ng/history.php,derived from official site fact; verify before public deployment
309,"In simple words, When was YABATECH called Federal Polytechnic Yaba?",The college's name changed to Federal Polytechnic Yaba in 1979 and was reversed to Yaba College of Technology in 1980.,history,federal polytechnic,generated_variation,https://www.yabatech.edu.ng/history.php,derived from official site fact; verify before public deployment
310,When did the name return to Yaba College of Technology?,The college's name changed to Federal Polytechnic Yaba in 1979 and was reversed to Yaba College of Technology in 1980.,history,federal polytechnic,official_fact,https://www.yabatech.edu.ng/history.php,current as checked on 2026-05-12
311,Quick question: When did the name return to Yaba College of Technology? for students,The college's name changed to Federal Polytechnic Yaba in 1979 and was reversed to Yaba College of Technology in 1980.,history,federal polytechnic,generated_variation,https://www.yabatech.edu.ng/history.php,derived from official site fact; verify before public deployment
312,Quick question: When did the name return to Yaba College of Technology? in simple terms,The college's name changed to Federal Polytechnic Yaba in 1979 and was reversed to Yaba College of Technology in 1980.,history,federal polytechnic,generated_variation,https://www.yabatech.edu.ng/history.php,derived from official site fact; verify before public deployment
313,Tell me about YABATECH name change in 1979,The college's name changed to Federal Polytechnic Yaba in 1979 and was reversed to Yaba College of Technology in 1980.,history,federal polytechnic,official_fact,https://www.yabatech.edu.ng/history.php,current as checked on 2026-05-12
314,Student asked: Tell me about YABATECH name change in 1979?,The college's name changed to Federal Polytechnic Yaba in 1979 and was reversed to Yaba College of Technology in 1980.,history,federal polytechnic,generated_variation,https://www.yabatech.edu.ng/history.php,derived from official site fact; verify before public deployment
315,Class question: Tell me about YABATECH name change in 1979 for admission learners,The college's name changed to Federal Polytechnic Yaba in 1979 and was reversed to Yaba College of Technology in 1980.,history,federal polytechnic,generated_variation,https://www.yabatech.edu.ng/history.php,derived from official site fact; verify before public deployment
316,What happened to YABATECH name in 1980?,The college's name changed to Federal Polytechnic Yaba in 1979 and was reversed to Yaba College of Technology in 1980.,history,federal polytechnic,official_fact,https://www.yabatech.edu.ng/history.php,current as checked on 2026-05-12
317,Help me answer: What happened to YABATECH name in 1980?,The college's name changed to Federal Polytechnic Yaba in 1979 and was reversed to Yaba College of Technology in 1980.,history,federal polytechnic,generated_variation,https://www.yabatech.edu.ng/history.php,derived from official site fact; verify before public deployment
318,Quick question: What happened to YABATECH name in 1980? please,The college's name changed to Federal Polytechnic Yaba in 1979 and was reversed to Yaba College of Technology in 1980.,history,federal polytechnic,generated_variation,https://www.yabatech.edu.ng/history.php,derived from official site fact; verify before public deployment
319,Did YABATECH change names before?,The college's name changed to Federal Polytechnic Yaba in 1979 and was reversed to Yaba College of Technology in 1980.,history,federal polytechnic,official_fact,https://www.yabatech.edu.ng/history.php,current as checked on 2026-05-12
320,Class question: Did YABATECH change names before?,The college's name changed to Federal Polytechnic Yaba in 1979 and was reversed to Yaba College of Technology in 1980.,history,federal polytechnic,generated_variation,https://www.yabatech.edu.ng/history.php,derived from official site fact; verify before public deployment
321,"For a learner, Did YABATECH change names before?",The college's name changed to Federal Polytechnic Yaba in 1979 and was reversed to Yaba College of Technology in 1980.,history,federal polytechnic,generated_variation,https://www.yabatech.edu.ng/history.php,derived from official site fact; verify before public deployment
322,When did Federal Polytechnic Yaba revert to YABATECH?,The college's name changed to Federal Polytechnic Yaba in 1979 and was reversed to Yaba College of Technology in 1980.,history,federal polytechnic,official_fact,https://www.yabatech.edu.ng/history.php,current as checked on 2026-05-12
323,I want to know: When did Federal Polytechnic Yaba revert to YABATECH? please,The college's name changed to Federal Polytechnic Yaba in 1979 and was reversed to Yaba College of Technology in 1980.,history,federal polytechnic,generated_variation,https://www.yabatech.edu.ng/history.php,derived from official site fact; verify before public deployment
324,Can you explain: When did Federal Polytechnic Yaba revert to YABATECH? please,The college's name changed to Federal Polytechnic Yaba in 1979 and was reversed to Yaba College of Technology in 1980.,history,federal polytechnic,generated_variation,https://www.yabatech.edu.ng/history.php,derived from official site fact; verify before public deployment
325,Explain the 1979 and 1980 name changes,The college's name changed to Federal Polytechnic Yaba in 1979 and was reversed to Yaba College of Technology in 1980.,history,federal polytechnic,official_fact,https://www.yabatech.edu.ng/history.php,current as checked on 2026-05-12
326,Please answer: Explain the 1979 and 1980 name changes today,The college's name changed to Federal Polytechnic Yaba in 1979 and was reversed to Yaba College of Technology in 1980.,history,federal polytechnic,generated_variation,https://www.yabatech.edu.ng/history.php,derived from official site fact; verify before public deployment
327,Please answer: Explain the 1979 and 1980 name changes?,The college's name changed to Federal Polytechnic Yaba in 1979 and was reversed to Yaba College of Technology in 1980.,history,federal polytechnic,generated_variation,https://www.yabatech.edu.ng/history.php,derived from official site fact; verify before public deployment
328,What was YABATECH called before returning to its current name?,The college's name changed to Federal Polytechnic Yaba in 1979 and was reversed to Yaba College of Technology in 1980.,history,federal polytechnic,official_fact,https://www.yabatech.edu.ng/history.php,current as checked on 2026-05-12
329,Please answer: What was YABATECH called before returning to its current name? please,The college's name changed to Federal Polytechnic Yaba in 1979 and was reversed to Yaba College of Technology in 1980.,history,federal polytechnic,generated_variation,https://www.yabatech.edu.ng/history.php,derived from official site fact; verify before public deployment
330,Help me answer: What was YABATECH called before returning to its current name? as a chatbot response,The college's name changed to Federal Polytechnic Yaba in 1979 and was reversed to Yaba College of Technology in 1980.,history,federal polytechnic,generated_variation,https://www.yabatech.edu.ng/history.php,derived from official site fact; verify before public deployment
331,How did YABATECH gain autonomy?,"The college's autonomy came through Decree 23 of 1969, known as the Yaba College of Technology Decree 1969.",history,autonomy,official_fact,https://www.yabatech.edu.ng/history.php,current as checked on 2026-05-12
332,Please answer: How did YABATECH gain autonomy? please,"The college's autonomy came through Decree 23 of 1969, known as the Yaba College of Technology Decree 1969.",history,autonomy,generated_variation,https://www.yabatech.edu.ng/history.php,derived from official site fact; verify before public deployment
333,Can you explain: How did YABATECH gain autonomy? briefly,"The college's autonomy came through Decree 23 of 1969, known as the Yaba College of Technology Decree 1969.",history,autonomy,generated_variation,https://www.yabatech.edu.ng/history.php,derived from official site fact; verify before public deployment
334,What decree gave YABATECH autonomy?,"The college's autonomy came through Decree 23 of 1969, known as the Yaba College of Technology Decree 1969.",history,autonomy,official_fact,https://www.yabatech.edu.ng/history.php,current as checked on 2026-05-12
335,What decree gave YABATECH autonomy? in simple terms,"The college's autonomy came through Decree 23 of 1969, known as the Yaba College of Technology Decree 1969.",history,autonomy,generated_variation,https://www.yabatech.edu.ng/history.php,derived from official site fact; verify before public deployment
336,Please answer: What decree gave YABATECH autonomy? on YABATECH website,"The college's autonomy came through Decree 23 of 1969, known as the Yaba College of Technology Decree 1969.",history,autonomy,generated_variation,https://www.yabatech.edu.ng/history.php,derived from official site fact; verify before public deployment
337,What is Decree 23 of 1969 in YABATECH history?,"The college's autonomy came through Decree 23 of 1969, known as the Yaba College of Technology Decree 1969.",history,autonomy,official_fact,https://www.yabatech.edu.ng/history.php,current as checked on 2026-05-12
338,Quick question: What is Decree 23 of 1969 in YABATECH history? briefly,"The college's autonomy came through Decree 23 of 1969, known as the Yaba College of Technology Decree 1969.",history,autonomy,generated_variation,https://www.yabatech.edu.ng/history.php,derived from official site fact; verify before public deployment
339,Can you explain: What is Decree 23 of 1969 in YABATECH history?,"The college's autonomy came through Decree 23 of 1969, known as the Yaba College of Technology Decree 1969.",history,autonomy,generated_variation,https://www.yabatech.edu.ng/history.php,derived from official site fact; verify before public deployment
340,When did YABATECH gain autonomy?,"The college's autonomy came through Decree 23 of 1969, known as the Yaba College of Technology Decree 1969.",history,autonomy,official_fact,https://www.yabatech.edu.ng/history.php,current as checked on 2026-05-12
341,Class question: When did YABATECH gain autonomy? for admission learners,"The college's autonomy came through Decree 23 of 1969, known as the Yaba College of Technology Decree 1969.",history,autonomy,generated_variation,https://www.yabatech.edu.ng/history.php,derived from official site fact; verify before public deployment
342,Quick question: When did YABATECH gain autonomy? briefly,"The college's autonomy came through Decree 23 of 1969, known as the Yaba College of Technology Decree 1969.",history,autonomy,generated_variation,https://www.yabatech.edu.ng/history.php,derived from official site fact; verify before public deployment
343,Explain YABATECH autonomy,"The college's autonomy came through Decree 23 of 1969, known as the Yaba College of Technology Decree 1969.",history,autonomy,official_fact,https://www.yabatech.edu.ng/history.php,current as checked on 2026-05-12
344,Explain YABATECH autonomy as a chatbot response,"The college's autonomy came through Decree 23 of 1969, known as the Yaba College of Technology Decree 1969.",history,autonomy,generated_variation,https://www.yabatech.edu.ng/history.php,derived from official site fact; verify before public deployment
345,Class question: Explain YABATECH autonomy?,"The college's autonomy came through Decree 23 of 1969, known as the Yaba College of Technology Decree 1969.",history,autonomy,generated_variation,https://www.yabatech.edu.ng/history.php,derived from official site fact; verify before public deployment
346,What law supported YABATECH autonomy?,"The college's autonomy came through Decree 23 of 1969, known as the Yaba College of Technology Decree 1969.",history,autonomy,official_fact,https://www.yabatech.edu.ng/history.php,current as checked on 2026-05-12
347,Quick question: What law supported YABATECH autonomy? for students,"The college's autonomy came through Decree 23 of 1969, known as the Yaba College of Technology Decree 1969.",history,autonomy,generated_variation,https://www.yabatech.edu.ng/history.php,derived from official site fact; verify before public deployment
348,Quick question: What law supported YABATECH autonomy? as a chatbot response,"The college's autonomy came through Decree 23 of 1969, known as the Yaba College of Technology Decree 1969.",history,autonomy,generated_variation,https://www.yabatech.edu.ng/history.php,derived from official site fact; verify before public deployment
349,What happened to YABATECH in 1969?,"The college's autonomy came through Decree 23 of 1969, known as the Yaba College of Technology Decree 1969.",history,autonomy,official_fact,https://www.yabatech.edu.ng/history.php,current as checked on 2026-05-12
350,Student asked: What happened to YABATECH in 1969?,"The college's autonomy came through Decree 23 of 1969, known as the Yaba College of Technology Decree 1969.",history,autonomy,generated_variation,https://www.yabatech.edu.ng/history.php,derived from official site fact; verify before public deployment
351,I want to know: What happened to YABATECH in 1969?,"The college's autonomy came through Decree 23 of 1969, known as the Yaba College of Technology Decree 1969.",history,autonomy,generated_variation,https://www.yabatech.edu.ng/history.php,derived from official site fact; verify before public deployment
352,Which decree established YABATECH mandate?,"The college's autonomy came through Decree 23 of 1969, known as the Yaba College of Technology Decree 1969.",history,autonomy,official_fact,https://www.yabatech.edu.ng/history.php,current as checked on 2026-05-12
353,I want to know: Which decree established YABATECH mandate?,"The college's autonomy came through Decree 23 of 1969, known as the Yaba College of Technology Decree 1969.",history,autonomy,generated_variation,https://www.yabatech.edu.ng/history.php,derived from official site fact; verify before public deployment
354,Student asked: Which decree established YABATECH mandate?,"The college's autonomy came through Decree 23 of 1969, known as the Yaba College of Technology Decree 1969.",history,autonomy,generated_variation,https://www.yabatech.edu.ng/history.php,derived from official site fact; verify before public deployment
355,YABATECH Decree 1969 means what?,"The college's autonomy came through Decree 23 of 1969, known as the Yaba College of Technology Decree 1969.",history,autonomy,official_fact,https://www.yabatech.edu.ng/history.php,current as checked on 2026-05-12
356,YABATECH Decree 1969 means what? for admission learners,"The college's autonomy came through Decree 23 of 1969, known as the Yaba College of Technology Decree 1969.",history,autonomy,generated_variation,https://www.yabatech.edu.ng/history.php,derived from official site fact; verify before public deployment
357,Please answer: YABATECH Decree 1969 means what?,"The college's autonomy came through Decree 23 of 1969, known as the Yaba College of Technology Decree 1969.",history,autonomy,generated_variation,https://www.yabatech.edu.ng/history.php,derived from official site fact; verify before public deployment
358,Tell me about Decree 23 and YABATECH,"The college's autonomy came through Decree 23 of 1969, known as the Yaba College of Technology Decree 1969.",history,autonomy,official_fact,https://www.yabatech.edu.ng/history.php,current as checked on 2026-05-12
359,Student asked: Tell me about Decree 23 and YABATECH on YABATECH website,"The college's autonomy came through Decree 23 of 1969, known as the Yaba College of Technology Decree 1969.",history,autonomy,generated_variation,https://www.yabatech.edu.ng/history.php,derived from official site fact; verify before public deployment
360,Quick question: Tell me about Decree 23 and YABATECH for admission learners,"The college's autonomy came through Decree 23 of 1969, known as the Yaba College of Technology Decree 1969.",history,autonomy,generated_variation,https://www.yabatech.edu.ng/history.php,derived from official site fact; verify before public deployment
361,Who is the Rector of YABATECH?,"The Rector of YABATECH listed on the official site is Dr. Engr. I.A. Abdul, also shown on the homepage as Dr. Engr. Ibraheem Adedotun Abdul.",administration,rector,official_fact,https://www.yabatech.edu.ng/principalofficers.php,current as checked on 2026-05-12
362,Student asked: Who is the Rector of YABATECH? today,"The Rector of YABATECH listed on the official site is Dr. Engr. I.A. Abdul, also shown on the homepage as Dr. Engr. Ibraheem Adedotun Abdul.",administration,rector,generated_variation,https://www.yabatech.edu.ng/principalofficers.php,derived from official site fact; verify before public deployment
363,Student asked: Who is the Rector of YABATECH? for admission learners,"The Rector of YABATECH listed on the official site is Dr. Engr. I.A. Abdul, also shown on the homepage as Dr. Engr. Ibraheem Adedotun Abdul.",administration,rector,generated_variation,https://www.yabatech.edu.ng/principalofficers.php,derived from official site fact; verify before public deployment
364,Tell me the current YABATECH Rector,"The Rector of YABATECH listed on the official site is Dr. Engr. I.A. Abdul, also shown on the homepage as Dr. Engr. Ibraheem Adedotun Abdul.",administration,rector,official_fact,https://www.yabatech.edu.ng/principalofficers.php,current as checked on 2026-05-12
365,Please answer: Tell me the current YABATECH Rector?,"The Rector of YABATECH listed on the official site is Dr. Engr. I.A. Abdul, also shown on the homepage as Dr. Engr. Ibraheem Adedotun Abdul.",administration,rector,generated_variation,https://www.yabatech.edu.ng/principalofficers.php,derived from official site fact; verify before public deployment
366,"For a learner, Tell me the current YABATECH Rector?","The Rector of YABATECH listed on the official site is Dr. Engr. I.A. Abdul, also shown on the homepage as Dr. Engr. Ibraheem Adedotun Abdul.",administration,rector,generated_variation,https://www.yabatech.edu.ng/principalofficers.php,derived from official site fact; verify before public deployment
367,What is the name of YABATECH Rector?,"The Rector of YABATECH listed on the official site is Dr. Engr. I.A. Abdul, also shown on the homepage as Dr. Engr. Ibraheem Adedotun Abdul.",administration,rector,official_fact,https://www.yabatech.edu.ng/principalofficers.php,current as checked on 2026-05-12
368,Help me answer: What is the name of YABATECH Rector? on YABATECH website,"The Rector of YABATECH listed on the official site is Dr. Engr. I.A. Abdul, also shown on the homepage as Dr. Engr. Ibraheem Adedotun Abdul.",administration,rector,generated_variation,https://www.yabatech.edu.ng/principalofficers.php,derived from official site fact; verify before public deployment
369,"In simple words, What is the name of YABATECH Rector? in simple terms","The Rector of YABATECH listed on the official site is Dr. Engr. I.A. Abdul, also shown on the homepage as Dr. Engr. Ibraheem Adedotun Abdul.",administration,rector,generated_variation,https://www.yabatech.edu.ng/principalofficers.php,derived from official site fact; verify before public deployment
370,Who leads YABATECH?,"The Rector of YABATECH listed on the official site is Dr. Engr. I.A. Abdul, also shown on the homepage as Dr. Engr. Ibraheem Adedotun Abdul.",administration,rector,official_fact,https://www.yabatech.edu.ng/principalofficers.php,current as checked on 2026-05-12
371,I want to know: Who leads YABATECH? for admission learners,"The Rector of YABATECH listed on the official site is Dr. Engr. I.A. Abdul, also shown on the homepage as Dr. Engr. Ibraheem Adedotun Abdul.",administration,rector,generated_variation,https://www.yabatech.edu.ng/principalofficers.php,derived from official site fact; verify before public deployment
372,I want to know: Who leads YABATECH? please,"The Rector of YABATECH listed on the official site is Dr. Engr. I.A. Abdul, also shown on the homepage as Dr. Engr. Ibraheem Adedotun Abdul.",administration,rector,generated_variation,https://www.yabatech.edu.ng/principalofficers.php,derived from official site fact; verify before public deployment
373,Who is Dr Engr I A Abdul?,"The Rector of YABATECH listed on the official site is Dr. Engr. I.A. Abdul, also shown on the homepage as Dr. Engr. Ibraheem Adedotun Abdul.",administration,rector,official_fact,https://www.yabatech.edu.ng/principalofficers.php,current as checked on 2026-05-12
374,"For a learner, Who is Dr Engr I A Abdul? please","The Rector of YABATECH listed on the official site is Dr. Engr. I.A. Abdul, also shown on the homepage as Dr. Engr. Ibraheem Adedotun Abdul.",administration,rector,generated_variation,https://www.yabatech.edu.ng/principalofficers.php,derived from official site fact; verify before public deployment
375,Who is Dr Engr I A Abdul? on YABATECH website,"The Rector of YABATECH listed on the official site is Dr. Engr. I.A. Abdul, also shown on the homepage as Dr. Engr. Ibraheem Adedotun Abdul.",administration,rector,generated_variation,https://www.yabatech.edu.ng/principalofficers.php,derived from official site fact; verify before public deployment
376,YABATECH rector name please,"The Rector of YABATECH listed on the official site is Dr. Engr. I.A. Abdul, also shown on the homepage as Dr. Engr. Ibraheem Adedotun Abdul.",administration,rector,official_fact,https://www.yabatech.edu.ng/principalofficers.php,current as checked on 2026-05-12
377,Student asked: YABATECH rector name please for students,"The Rector of YABATECH listed on the official site is Dr. Engr. I.A. Abdul, also shown on the homepage as Dr. Engr. Ibraheem Adedotun Abdul.",administration,rector,generated_variation,https://www.yabatech.edu.ng/principalofficers.php,derived from official site fact; verify before public deployment
378,Can you explain: YABATECH rector name please briefly,"The Rector of YABATECH listed on the official site is Dr. Engr. I.A. Abdul, also shown on the homepage as Dr. Engr. Ibraheem Adedotun Abdul.",administration,rector,generated_variation,https://www.yabatech.edu.ng/principalofficers.php,derived from official site fact; verify before public deployment
379,Who is the principal officer serving as Rector?,"The Rector of YABATECH listed on the official site is Dr. Engr. I.A. Abdul, also shown on the homepage as Dr. Engr. Ibraheem Adedotun Abdul.",administration,rector,official_fact,https://www.yabatech.edu.ng/principalofficers.php,current as checked on 2026-05-12
380,Help me answer: Who is the principal officer serving as Rector? on YABATECH website,"The Rector of YABATECH listed on the official site is Dr. Engr. I.A. Abdul, also shown on the homepage as Dr. Engr. Ibraheem Adedotun Abdul.",administration,rector,generated_variation,https://www.yabatech.edu.ng/principalofficers.php,derived from official site fact; verify before public deployment
381,I want to know: Who is the principal officer serving as Rector? briefly,"The Rector of YABATECH listed on the official site is Dr. Engr. I.A. Abdul, also shown on the homepage as Dr. Engr. Ibraheem Adedotun Abdul.",administration,rector,generated_variation,https://www.yabatech.edu.ng/principalofficers.php,derived from official site fact; verify before public deployment
382,What is the Rector's name on the YABATECH site?,"The Rector of YABATECH listed on the official site is Dr. Engr. I.A. Abdul, also shown on the homepage as Dr. Engr. Ibraheem Adedotun Abdul.",administration,rector,official_fact,https://www.yabatech.edu.ng/principalofficers.php,current as checked on 2026-05-12
383,Can you explain: What is the Rector's name on the YABATECH site? for students,"The Rector of YABATECH listed on the official site is Dr. Engr. I.A. Abdul, also shown on the homepage as Dr. Engr. Ibraheem Adedotun Abdul.",administration,rector,generated_variation,https://www.yabatech.edu.ng/principalofficers.php,derived from official site fact; verify before public deployment
384,Quick question: What is the Rector's name on the YABATECH site?,"The Rector of YABATECH listed on the official site is Dr. Engr. I.A. Abdul, also shown on the homepage as Dr. Engr. Ibraheem Adedotun Abdul.",administration,rector,generated_variation,https://www.yabatech.edu.ng/principalofficers.php,derived from official site fact; verify before public deployment
385,Who is Dr Ibraheem Adedotun Abdul?,"The Rector of YABATECH listed on the official site is Dr. Engr. I.A. Abdul, also shown on the homepage as Dr. Engr. Ibraheem Adedotun Abdul.",administration,rector,official_fact,https://www.yabatech.edu.ng/principalofficers.php,current as checked on 2026-05-12
386,Please answer: Who is Dr Ibraheem Adedotun Abdul? on YABATECH website,"The Rector of YABATECH listed on the official site is Dr. Engr. I.A. Abdul, also shown on the homepage as Dr. Engr. Ibraheem Adedotun Abdul.",administration,rector,generated_variation,https://www.yabatech.edu.ng/principalofficers.php,derived from official site fact; verify before public deployment
387,"In simple words, Who is Dr Ibraheem Adedotun Abdul?","The Rector of YABATECH listed on the official site is Dr. Engr. I.A. Abdul, also shown on the homepage as Dr. Engr. Ibraheem Adedotun Abdul.",administration,rector,generated_variation,https://www.yabatech.edu.ng/principalofficers.php,derived from official site fact; verify before public deployment
388,Who is in charge of YABATECH as Rector?,"The Rector of YABATECH listed on the official site is Dr. Engr. I.A. Abdul, also shown on the homepage as Dr. Engr. Ibraheem Adedotun Abdul.",administration,rector,official_fact,https://www.yabatech.edu.ng/principalofficers.php,current as checked on 2026-05-12
389,Can you explain: Who is in charge of YABATECH as Rector? today,"The Rector of YABATECH listed on the official site is Dr. Engr. I.A. Abdul, also shown on the homepage as Dr. Engr. Ibraheem Adedotun Abdul.",administration,rector,generated_variation,https://www.yabatech.edu.ng/principalofficers.php,derived from official site fact; verify before public deployment
390,Help me answer: Who is in charge of YABATECH as Rector? briefly,"The Rector of YABATECH listed on the official site is Dr. Engr. I.A. Abdul, also shown on the homepage as Dr. Engr. Ibraheem Adedotun Abdul.",administration,rector,generated_variation,https://www.yabatech.edu.ng/principalofficers.php,derived from official site fact; verify before public deployment
391,Who is the Registrar of YABATECH?,The Registrar of YABATECH listed on the official site is Mrs. Henrietta Badejo.,administration,registrar,official_fact,https://www.yabatech.edu.ng/principalofficers.php,current as checked on 2026-05-12
392,Help me answer: Who is the Registrar of YABATECH? for students,The Registrar of YABATECH listed on the official site is Mrs. Henrietta Badejo.,administration,registrar,generated_variation,https://www.yabatech.edu.ng/principalofficers.php,derived from official site fact; verify before public deployment
393,"In simple words, Who is the Registrar of YABATECH? please",The Registrar of YABATECH listed on the official site is Mrs. Henrietta Badejo.,administration,registrar,generated_variation,https://www.yabatech.edu.ng/principalofficers.php,derived from official site fact; verify before public deployment
394,What is the name of YABATECH Registrar?,The Registrar of YABATECH listed on the official site is Mrs. Henrietta Badejo.,administration,registrar,official_fact,https://www.yabatech.edu.ng/principalofficers.php,current as checked on 2026-05-12
395,Can you explain: What is the name of YABATECH Registrar? please,The Registrar of YABATECH listed on the official site is Mrs. Henrietta Badejo.,administration,registrar,generated_variation,https://www.yabatech.edu.ng/principalofficers.php,derived from official site fact; verify before public deployment
396,Can you explain: What is the name of YABATECH Registrar? today,The Registrar of YABATECH listed on the official site is Mrs. Henrietta Badejo.,administration,registrar,generated_variation,https://www.yabatech.edu.ng/principalofficers.php,derived from official site fact; verify before public deployment
397,Tell me the YABATECH Registrar,The Registrar of YABATECH listed on the official site is Mrs. Henrietta Badejo.,administration,registrar,official_fact,https://www.yabatech.edu.ng/principalofficers.php,current as checked on 2026-05-12
398,Tell me the YABATECH Registrar,The Registrar of YABATECH listed on the official site is Mrs. Henrietta Badejo.,administration,registrar,generated_variation,https://www.yabatech.edu.ng/principalofficers.php,derived from official site fact; verify before public deployment
399,Help me answer: Tell me the YABATECH Registrar please,The Registrar of YABATECH listed on the official site is Mrs. Henrietta Badejo.,administration,registrar,generated_variation,https://www.yabatech.edu.ng/principalofficers.php,derived from official site fact; verify before public deployment
400,Who is Mrs Henrietta Badejo?,The Registrar of YABATECH listed on the official site is Mrs. Henrietta Badejo.,administration,registrar,official_fact,https://www.yabatech.edu.ng/principalofficers.php,current as checked on 2026-05-12
401,"For a learner, Who is Mrs Henrietta Badejo? for students",The Registrar of YABATECH listed on the official site is Mrs. Henrietta Badejo.,administration,registrar,generated_variation,https://www.yabatech.edu.ng/principalofficers.php,derived from official site fact; verify before public deployment
402,Help me answer: Who is Mrs Henrietta Badejo?,The Registrar of YABATECH listed on the official site is Mrs. Henrietta Badejo.,administration,registrar,generated_variation,https://www.yabatech.edu.ng/principalofficers.php,derived from official site fact; verify before public deployment
403,YABATECH registrar name please,The Registrar of YABATECH listed on the official site is Mrs. Henrietta Badejo.,administration,registrar,official_fact,https://www.yabatech.edu.ng/principalofficers.php,current as checked on 2026-05-12
404,Quick question: YABATECH registrar name please?,The Registrar of YABATECH listed on the official site is Mrs. Henrietta Badejo.,administration,registrar,generated_variation,https://www.yabatech.edu.ng/principalofficers.php,derived from official site fact; verify before public deployment
405,Please answer: YABATECH registrar name please for admission learners,The Registrar of YABATECH listed on the official site is Mrs. Henrietta Badejo.,administration,registrar,generated_variation,https://www.yabatech.edu.ng/principalofficers.php,derived from official site fact; verify before public deployment
406,Which principal officer is the Registrar?,The Registrar of YABATECH listed on the official site is Mrs. Henrietta Badejo.,administration,registrar,official_fact,https://www.yabatech.edu.ng/principalofficers.php,current as checked on 2026-05-12
407,Student asked: Which principal officer is the Registrar? please,The Registrar of YABATECH listed on the official site is Mrs. Henrietta Badejo.,administration,registrar,generated_variation,https://www.yabatech.edu.ng/principalofficers.php,derived from official site fact; verify before public deployment
408,Class question: Which principal officer is the Registrar? briefly,The Registrar of YABATECH listed on the official site is Mrs. Henrietta Badejo.,administration,registrar,generated_variation,https://www.yabatech.edu.ng/principalofficers.php,derived from official site fact; verify before public deployment
409,Who handles registry leadership at YABATECH?,The Registrar of YABATECH listed on the official site is Mrs. Henrietta Badejo.,administration,registrar,official_fact,https://www.yabatech.edu.ng/principalofficers.php,current as checked on 2026-05-12
410,Student asked: Who handles registry leadership at YABATECH? as a chatbot response,The Registrar of YABATECH listed on the official site is Mrs. Henrietta Badejo.,administration,registrar,generated_variation,https://www.yabatech.edu.ng/principalofficers.php,derived from official site fact; verify before public deployment
411,Student asked: Who handles registry leadership at YABATECH? today,The Registrar of YABATECH listed on the official site is Mrs. Henrietta Badejo.,administration,registrar,generated_variation,https://www.yabatech.edu.ng/principalofficers.php,derived from official site fact; verify before public deployment
412,Who is listed as Registrar on YABATECH website?,The Registrar of YABATECH listed on the official site is Mrs. Henrietta Badejo.,administration,registrar,official_fact,https://www.yabatech.edu.ng/principalofficers.php,current as checked on 2026-05-12
413,Help me answer: Who is listed as Registrar on YABATECH website? in simple terms,The Registrar of YABATECH listed on the official site is Mrs. Henrietta Badejo.,administration,registrar,generated_variation,https://www.yabatech.edu.ng/principalofficers.php,derived from official site fact; verify before public deployment
414,Class question: Who is listed as Registrar on YABATECH website?,The Registrar of YABATECH listed on the official site is Mrs. Henrietta Badejo.,administration,registrar,generated_variation,https://www.yabatech.edu.ng/principalofficers.php,derived from official site fact; verify before public deployment
415,Name the Registrar of Yaba College of Technology,The Registrar of YABATECH listed on the official site is Mrs. Henrietta Badejo.,administration,registrar,official_fact,https://www.yabatech.edu.ng/principalofficers.php,current as checked on 2026-05-12
416,"For a learner, Name the Registrar of Yaba College of Technology",The Registrar of YABATECH listed on the official site is Mrs. Henrietta Badejo.,administration,registrar,generated_variation,https://www.yabatech.edu.ng/principalofficers.php,derived from official site fact; verify before public deployment
417,"In simple words, Name the Registrar of Yaba College of Technology in simple terms",The Registrar of YABATECH listed on the official site is Mrs. Henrietta Badejo.,administration,registrar,generated_variation,https://www.yabatech.edu.ng/principalofficers.php,derived from official site fact; verify before public deployment
418,Who is the college registrar?,The Registrar of YABATECH listed on the official site is Mrs. Henrietta Badejo.,administration,registrar,official_fact,https://www.yabatech.edu.ng/principalofficers.php,current as checked on 2026-05-12
419,Who is the college registrar? as a chatbot response,The Registrar of YABATECH listed on the official site is Mrs. Henrietta Badejo.,administration,registrar,generated_variation,https://www.yabatech.edu.ng/principalofficers.php,derived from official site fact; verify before public deployment
420,Quick question: Who is the college registrar? briefly,The Registrar of YABATECH listed on the official site is Mrs. Henrietta Badejo.,administration,registrar,generated_variation,https://www.yabatech.edu.ng/principalofficers.php,derived from official site fact; verify before public deployment
421,Who is Deputy Rector Academics at YABATECH?,The Deputy Rector Academics listed on the official site is Dr. Ismaila Badmus.,administration,deputy rector academics,official_fact,https://www.yabatech.edu.ng/principalofficers.php,current as checked on 2026-05-12
422,Who is Deputy Rector Academics at YABATECH? for admission learners,The Deputy Rector Academics listed on the official site is Dr. Ismaila Badmus.,administration,deputy rector academics,generated_variation,https://www.yabatech.edu.ng/principalofficers.php,derived from official site fact; verify before public deployment
423,Student asked: Who is Deputy Rector Academics at YABATECH? for admission learners,The Deputy Rector Academics listed on the official site is Dr. Ismaila Badmus.,administration,deputy rector academics,generated_variation,https://www.yabatech.edu.ng/principalofficers.php,derived from official site fact; verify before public deployment
424,Tell me YABATECH Deputy Rector Academics,The Deputy Rector Academics listed on the official site is Dr. Ismaila Badmus.,administration,deputy rector academics,official_fact,https://www.yabatech.edu.ng/principalofficers.php,current as checked on 2026-05-12
425,Student asked: Tell me YABATECH Deputy Rector Academics for admission learners,The Deputy Rector Academics listed on the official site is Dr. Ismaila Badmus.,administration,deputy rector academics,generated_variation,https://www.yabatech.edu.ng/principalofficers.php,derived from official site fact; verify before public deployment
426,Student asked: Tell me YABATECH Deputy Rector Academics briefly,The Deputy Rector Academics listed on the official site is Dr. Ismaila Badmus.,administration,deputy rector academics,generated_variation,https://www.yabatech.edu.ng/principalofficers.php,derived from official site fact; verify before public deployment
427,What is the name of the Deputy Rector Academics?,The Deputy Rector Academics listed on the official site is Dr. Ismaila Badmus.,administration,deputy rector academics,official_fact,https://www.yabatech.edu.ng/principalofficers.php,current as checked on 2026-05-12
428,What is the name of the Deputy Rector Academics? for students,The Deputy Rector Academics listed on the official site is Dr. Ismaila Badmus.,administration,deputy rector academics,generated_variation,https://www.yabatech.edu.ng/principalofficers.php,derived from official site fact; verify before public deployment
429,I want to know: What is the name of the Deputy Rector Academics?,The Deputy Rector Academics listed on the official site is Dr. Ismaila Badmus.,administration,deputy rector academics,generated_variation,https://www.yabatech.edu.ng/principalofficers.php,derived from official site fact; verify before public deployment
430,Who is Dr Ismaila Badmus?,The Deputy Rector Academics listed on the official site is Dr. Ismaila Badmus.,administration,deputy rector academics,official_fact,https://www.yabatech.edu.ng/principalofficers.php,current as checked on 2026-05-12
431,Quick question: Who is Dr Ismaila Badmus? for students,The Deputy Rector Academics listed on the official site is Dr. Ismaila Badmus.,administration,deputy rector academics,generated_variation,https://www.yabatech.edu.ng/principalofficers.php,derived from official site fact; verify before public deployment
432,Can you explain: Who is Dr Ismaila Badmus? please,The Deputy Rector Academics listed on the official site is Dr. Ismaila Badmus.,administration,deputy rector academics,generated_variation,https://www.yabatech.edu.ng/principalofficers.php,derived from official site fact; verify before public deployment
433,YABATECH academic deputy rector name,The Deputy Rector Academics listed on the official site is Dr. Ismaila Badmus.,administration,deputy rector academics,official_fact,https://www.yabatech.edu.ng/principalofficers.php,current as checked on 2026-05-12
434,Class question: YABATECH academic deputy rector name for admission learners,The Deputy Rector Academics listed on the official site is Dr. Ismaila Badmus.,administration,deputy rector academics,generated_variation,https://www.yabatech.edu.ng/principalofficers.php,derived from official site fact; verify before public deployment
435,YABATECH academic deputy rector name as a chatbot response,The Deputy Rector Academics listed on the official site is Dr. Ismaila Badmus.,administration,deputy rector academics,generated_variation,https://www.yabatech.edu.ng/principalofficers.php,derived from official site fact; verify before public deployment
436,Who is responsible as Deputy Rector Academics?,The Deputy Rector Academics listed on the official site is Dr. Ismaila Badmus.,administration,deputy rector academics,official_fact,https://www.yabatech.edu.ng/principalofficers.php,current as checked on 2026-05-12
437,I want to know: Who is responsible as Deputy Rector Academics? for students,The Deputy Rector Academics listed on the official site is Dr. Ismaila Badmus.,administration,deputy rector academics,generated_variation,https://www.yabatech.edu.ng/principalofficers.php,derived from official site fact; verify before public deployment
438,"For a learner, Who is responsible as Deputy Rector Academics? please",The Deputy Rector Academics listed on the official site is Dr. Ismaila Badmus.,administration,deputy rector academics,generated_variation,https://www.yabatech.edu.ng/principalofficers.php,derived from official site fact; verify before public deployment
439,Who is the academics deputy rector?,The Deputy Rector Academics listed on the official site is Dr. Ismaila Badmus.,administration,deputy rector academics,official_fact,https://www.yabatech.edu.ng/principalofficers.php,current as checked on 2026-05-12
440,"For a learner, Who is the academics deputy rector? for admission learners",The Deputy Rector Academics listed on the official site is Dr. Ismaila Badmus.,administration,deputy rector academics,generated_variation,https://www.yabatech.edu.ng/principalofficers.php,derived from official site fact; verify before public deployment
441,"In simple words, Who is the academics deputy rector? today",The Deputy Rector Academics listed on the official site is Dr. Ismaila Badmus.,administration,deputy rector academics,generated_variation,https://www.yabatech.edu.ng/principalofficers.php,derived from official site fact; verify before public deployment
442,Name YABATECH Deputy Rector Academic,The Deputy Rector Academics listed on the official site is Dr. Ismaila Badmus.,administration,deputy rector academics,official_fact,https://www.yabatech.edu.ng/principalofficers.php,current as checked on 2026-05-12
443,I want to know: Name YABATECH Deputy Rector Academic today,The Deputy Rector Academics listed on the official site is Dr. Ismaila Badmus.,administration,deputy rector academics,generated_variation,https://www.yabatech.edu.ng/principalofficers.php,derived from official site fact; verify before public deployment
444,Please answer: Name YABATECH Deputy Rector Academic as a chatbot response,The Deputy Rector Academics listed on the official site is Dr. Ismaila Badmus.,administration,deputy rector academics,generated_variation,https://www.yabatech.edu.ng/principalofficers.php,derived from official site fact; verify before public deployment
445,Who is listed for Deputy Rector Academics?,The Deputy Rector Academics listed on the official site is Dr. Ismaila Badmus.,administration,deputy rector academics,official_fact,https://www.yabatech.edu.ng/principalofficers.php,current as checked on 2026-05-12
446,"For a learner, Who is listed for Deputy Rector Academics? for students",The Deputy Rector Academics listed on the official site is Dr. Ismaila Badmus.,administration,deputy rector academics,generated_variation,https://www.yabatech.edu.ng/principalofficers.php,derived from official site fact; verify before public deployment
447,"In simple words, Who is listed for Deputy Rector Academics? briefly",The Deputy Rector Academics listed on the official site is Dr. Ismaila Badmus.,administration,deputy rector academics,generated_variation,https://www.yabatech.edu.ng/principalofficers.php,derived from official site fact; verify before public deployment
448,Who oversees academics as deputy rector?,The Deputy Rector Academics listed on the official site is Dr. Ismaila Badmus.,administration,deputy rector academics,official_fact,https://www.yabatech.edu.ng/principalofficers.php,current as checked on 2026-05-12
449,Can you explain: Who oversees academics as deputy rector? for students,The Deputy Rector Academics listed on the official site is Dr. Ismaila Badmus.,administration,deputy rector academics,generated_variation,https://www.yabatech.edu.ng/principalofficers.php,derived from official site fact; verify before public deployment
450,Please answer: Who oversees academics as deputy rector? today,The Deputy Rector Academics listed on the official site is Dr. Ismaila Badmus.,administration,deputy rector academics,generated_variation,https://www.yabatech.edu.ng/principalofficers.php,derived from official site fact; verify before public deployment
451,Who is Deputy Rector Admin at YABATECH?,The Deputy Rector Admin listed on the official site is Arc. Lawal Afeez Adefemi.,administration,deputy rector admin,official_fact,https://www.yabatech.edu.ng/principalofficers.php,current as checked on 2026-05-12
452,Quick question: Who is Deputy Rector Admin at YABATECH?,The Deputy Rector Admin listed on the official site is Arc. Lawal Afeez Adefemi.,administration,deputy rector admin,generated_variation,https://www.yabatech.edu.ng/principalofficers.php,derived from official site fact; verify before public deployment
453,I want to know: Who is Deputy Rector Admin at YABATECH? briefly,The Deputy Rector Admin listed on the official site is Arc. Lawal Afeez Adefemi.,administration,deputy rector admin,generated_variation,https://www.yabatech.edu.ng/principalofficers.php,derived from official site fact; verify before public deployment
454,Tell me YABATECH Deputy Rector Administration,The Deputy Rector Admin listed on the official site is Arc. Lawal Afeez Adefemi.,administration,deputy rector admin,official_fact,https://www.yabatech.edu.ng/principalofficers.php,current as checked on 2026-05-12
455,I want to know: Tell me YABATECH Deputy Rector Administration,The Deputy Rector Admin listed on the official site is Arc. Lawal Afeez Adefemi.,administration,deputy rector admin,generated_variation,https://www.yabatech.edu.ng/principalofficers.php,derived from official site fact; verify before public deployment
456,"In simple words, Tell me YABATECH Deputy Rector Administration for students",The Deputy Rector Admin listed on the official site is Arc. Lawal Afeez Adefemi.,administration,deputy rector admin,generated_variation,https://www.yabatech.edu.ng/principalofficers.php,derived from official site fact; verify before public deployment
457,What is the name of Deputy Rector Admin?,The Deputy Rector Admin listed on the official site is Arc. Lawal Afeez Adefemi.,administration,deputy rector admin,official_fact,https://www.yabatech.edu.ng/principalofficers.php,current as checked on 2026-05-12
458,Can you explain: What is the name of Deputy Rector Admin?,The Deputy Rector Admin listed on the official site is Arc. Lawal Afeez Adefemi.,administration,deputy rector admin,generated_variation,https://www.yabatech.edu.ng/principalofficers.php,derived from official site fact; verify before public deployment
459,Help me answer: What is the name of Deputy Rector Admin?,The Deputy Rector Admin listed on the official site is Arc. Lawal Afeez Adefemi.,administration,deputy rector admin,generated_variation,https://www.yabatech.edu.ng/principalofficers.php,derived from official site fact; verify before public deployment
460,Who is Arc Lawal Afeez Adefemi?,The Deputy Rector Admin listed on the official site is Arc. Lawal Afeez Adefemi.,administration,deputy rector admin,official_fact,https://www.yabatech.edu.ng/principalofficers.php,current as checked on 2026-05-12
461,Student asked: Who is Arc Lawal Afeez Adefemi? for admission learners,The Deputy Rector Admin listed on the official site is Arc. Lawal Afeez Adefemi.,administration,deputy rector admin,generated_variation,https://www.yabatech.edu.ng/principalofficers.php,derived from official site fact; verify before public deployment
462,"In simple words, Who is Arc Lawal Afeez Adefemi? for admission learners",The Deputy Rector Admin listed on the official site is Arc. Lawal Afeez Adefemi.,administration,deputy rector admin,generated_variation,https://www.yabatech.edu.ng/principalofficers.php,derived from official site fact; verify before public deployment
463,YABATECH admin deputy rector name,The Deputy Rector Admin listed on the official site is Arc. Lawal Afeez Adefemi.,administration,deputy rector admin,official_fact,https://www.yabatech.edu.ng/principalofficers.php,current as checked on 2026-05-12
464,YABATECH admin deputy rector name in simple terms,The Deputy Rector Admin listed on the official site is Arc. Lawal Afeez Adefemi.,administration,deputy rector admin,generated_variation,https://www.yabatech.edu.ng/principalofficers.php,derived from official site fact; verify before public deployment
465,Help me answer: YABATECH admin deputy rector name today,The Deputy Rector Admin listed on the official site is Arc. Lawal Afeez Adefemi.,administration,deputy rector admin,generated_variation,https://www.yabatech.edu.ng/principalofficers.php,derived from official site fact; verify before public deployment
466,Who is responsible as Deputy Rector Admin?,The Deputy Rector Admin listed on the official site is Arc. Lawal Afeez Adefemi.,administration,deputy rector admin,official_fact,https://www.yabatech.edu.ng/principalofficers.php,current as checked on 2026-05-12
467,Quick question: Who is responsible as Deputy Rector Admin? for admission learners,The Deputy Rector Admin listed on the official site is Arc. Lawal Afeez Adefemi.,administration,deputy rector admin,generated_variation,https://www.yabatech.edu.ng/principalofficers.php,derived from official site fact; verify before public deployment
468,Quick question: Who is responsible as Deputy Rector Admin? as a chatbot response,The Deputy Rector Admin listed on the official site is Arc. Lawal Afeez Adefemi.,administration,deputy rector admin,generated_variation,https://www.yabatech.edu.ng/principalofficers.php,derived from official site fact; verify before public deployment
469,Who is the administration deputy rector?,The Deputy Rector Admin listed on the official site is Arc. Lawal Afeez Adefemi.,administration,deputy rector admin,official_fact,https://www.yabatech.edu.ng/principalofficers.php,current as checked on 2026-05-12
470,Help me answer: Who is the administration deputy rector? on YABATECH website,The Deputy Rector Admin listed on the official site is Arc. Lawal Afeez Adefemi.,administration,deputy rector admin,generated_variation,https://www.yabatech.edu.ng/principalofficers.php,derived from official site fact; verify before public deployment
471,I want to know: Who is the administration deputy rector? for admission learners,The Deputy Rector Admin listed on the official site is Arc. Lawal Afeez Adefemi.,administration,deputy rector admin,generated_variation,https://www.yabatech.edu.ng/principalofficers.php,derived from official site fact; verify before public deployment
472,Name YABATECH Deputy Rector Admin,The Deputy Rector Admin listed on the official site is Arc. Lawal Afeez Adefemi.,administration,deputy rector admin,official_fact,https://www.yabatech.edu.ng/principalofficers.php,current as checked on 2026-05-12
473,Help me answer: Name YABATECH Deputy Rector Admin for admission learners,The Deputy Rector Admin listed on the official site is Arc. Lawal Afeez Adefemi.,administration,deputy rector admin,generated_variation,https://www.yabatech.edu.ng/principalofficers.php,derived from official site fact; verify before public deployment
474,Name YABATECH Deputy Rector Admin in simple terms,The Deputy Rector Admin listed on the official site is Arc. Lawal Afeez Adefemi.,administration,deputy rector admin,generated_variation,https://www.yabatech.edu.ng/principalofficers.php,derived from official site fact; verify before public deployment
475,Who is listed for Deputy Rector Admin?,The Deputy Rector Admin listed on the official site is Arc. Lawal Afeez Adefemi.,administration,deputy rector admin,official_fact,https://www.yabatech.edu.ng/principalofficers.php,current as checked on 2026-05-12
476,Quick question: Who is listed for Deputy Rector Admin? briefly,The Deputy Rector Admin listed on the official site is Arc. Lawal Afeez Adefemi.,administration,deputy rector admin,generated_variation,https://www.yabatech.edu.ng/principalofficers.php,derived from official site fact; verify before public deployment
477,I want to know: Who is listed for Deputy Rector Admin? on YABATECH website,The Deputy Rector Admin listed on the official site is Arc. Lawal Afeez Adefemi.,administration,deputy rector admin,generated_variation,https://www.yabatech.edu.ng/principalofficers.php,derived from official site fact; verify before public deployment
478,Who oversees administration as deputy rector?,The Deputy Rector Admin listed on the official site is Arc. Lawal Afeez Adefemi.,administration,deputy rector admin,official_fact,https://www.yabatech.edu.ng/principalofficers.php,current as checked on 2026-05-12
479,"In simple words, Who oversees administration as deputy rector?",The Deputy Rector Admin listed on the official site is Arc. Lawal Afeez Adefemi.,administration,deputy rector admin,generated_variation,https://www.yabatech.edu.ng/principalofficers.php,derived from official site fact; verify before public deployment
480,Quick question: Who oversees administration as deputy rector?,The Deputy Rector Admin listed on the official site is Arc. Lawal Afeez Adefemi.,administration,deputy rector admin,generated_variation,https://www.yabatech.edu.ng/principalofficers.php,derived from official site fact; verify before public deployment
481,Who is the Bursar of YABATECH?,The Bursar of YABATECH listed on the official site is Mr. John Olusola Dada.,administration,bursar,official_fact,https://www.yabatech.edu.ng/principalofficers.php,current as checked on 2026-05-12
482,Who is the Bursar of YABATECH? in simple terms,The Bursar of YABATECH listed on the official site is Mr. John Olusola Dada.,administration,bursar,generated_variation,https://www.yabatech.edu.ng/principalofficers.php,derived from official site fact; verify before public deployment
483,Class question: Who is the Bursar of YABATECH? please,The Bursar of YABATECH listed on the official site is Mr. John Olusola Dada.,administration,bursar,generated_variation,https://www.yabatech.edu.ng/principalofficers.php,derived from official site fact; verify before public deployment
484,Tell me YABATECH Bursar,The Bursar of YABATECH listed on the official site is Mr. John Olusola Dada.,administration,bursar,official_fact,https://www.yabatech.edu.ng/principalofficers.php,current as checked on 2026-05-12
485,Student asked: Tell me YABATECH Bursar on YABATECH website,The Bursar of YABATECH listed on the official site is Mr. John Olusola Dada.,administration,bursar,generated_variation,https://www.yabatech.edu.ng/principalofficers.php,derived from official site fact; verify before public deployment
486,Quick question: Tell me YABATECH Bursar briefly,The Bursar of YABATECH listed on the official site is Mr. John Olusola Dada.,administration,bursar,generated_variation,https://www.yabatech.edu.ng/principalofficers.php,derived from official site fact; verify before public deployment
487,What is the name of YABATECH Bursar?,The Bursar of YABATECH listed on the official site is Mr. John Olusola Dada.,administration,bursar,official_fact,https://www.yabatech.edu.ng/principalofficers.php,current as checked on 2026-05-12
488,Help me answer: What is the name of YABATECH Bursar? on YABATECH website,The Bursar of YABATECH listed on the official site is Mr. John Olusola Dada.,administration,bursar,generated_variation,https://www.yabatech.edu.ng/principalofficers.php,derived from official site fact; verify before public deployment
489,Quick question: What is the name of YABATECH Bursar? on YABATECH website,The Bursar of YABATECH listed on the official site is Mr. John Olusola Dada.,administration,bursar,generated_variation,https://www.yabatech.edu.ng/principalofficers.php,derived from official site fact; verify before public deployment
490,Who is Mr John Olusola Dada?,The Bursar of YABATECH listed on the official site is Mr. John Olusola Dada.,administration,bursar,official_fact,https://www.yabatech.edu.ng/principalofficers.php,current as checked on 2026-05-12
491,Please answer: Who is Mr John Olusola Dada?,The Bursar of YABATECH listed on the official site is Mr. John Olusola Dada.,administration,bursar,generated_variation,https://www.yabatech.edu.ng/principalofficers.php,derived from official site fact; verify before public deployment
492,"In simple words, Who is Mr John Olusola Dada? for students",The Bursar of YABATECH listed on the official site is Mr. John Olusola Dada.,administration,bursar,generated_variation,https://www.yabatech.edu.ng/principalofficers.php,derived from official site fact; verify before public deployment
493,YABATECH bursar name please,The Bursar of YABATECH listed on the official site is Mr. John Olusola Dada.,administration,bursar,official_fact,https://www.yabatech.edu.ng/principalofficers.php,current as checked on 2026-05-12
494,Can you explain: YABATECH bursar name please briefly,The Bursar of YABATECH listed on the official site is Mr. John Olusola Dada.,administration,bursar,generated_variation,https://www.yabatech.edu.ng/principalofficers.php,derived from official site fact; verify before public deployment
495,"In simple words, YABATECH bursar name please briefly",The Bursar of YABATECH listed on the official site is Mr. John Olusola Dada.,administration,bursar,generated_variation,https://www.yabatech.edu.ng/principalofficers.php,derived from official site fact; verify before public deployment
496,Which principal officer is the bursar?,The Bursar of YABATECH listed on the official site is Mr. John Olusola Dada.,administration,bursar,official_fact,https://www.yabatech.edu.ng/principalofficers.php,current as checked on 2026-05-12
497,Help me answer: Which principal officer is the bursar? briefly,The Bursar of YABATECH listed on the official site is Mr. John Olusola Dada.,administration,bursar,generated_variation,https://www.yabatech.edu.ng/principalofficers.php,derived from official site fact; verify before public deployment
498,Student asked: Which principal officer is the bursar? on YABATECH website,The Bursar of YABATECH listed on the official site is Mr. John Olusola Dada.,administration,bursar,generated_variation,https://www.yabatech.edu.ng/principalofficers.php,derived from official site fact; verify before public deployment
499,Who handles bursary leadership at YABATECH?,The Bursar of YABATECH listed on the official site is Mr. John Olusola Dada.,administration,bursar,official_fact,https://www.yabatech.edu.ng/principalofficers.php,current as checked on 2026-05-12
500,Class question: Who handles bursary leadership at YABATECH? as a chatbot response,The Bursar of YABATECH listed on the official site is Mr. John Olusola Dada.,administration,bursar,generated_variation,https://www.yabatech.edu.ng/principalofficers.php,derived from official site fact; verify before public deployment
501,Please answer: Who handles bursary leadership at YABATECH? for admission learners,The Bursar of YABATECH listed on the official site is Mr. John Olusola Dada.,administration,bursar,generated_variation,https://www.yabatech.edu.ng/principalofficers.php,derived from official site fact; verify before public deployment
502,Who is listed as Bursar on YABATECH website?,The Bursar of YABATECH listed on the official site is Mr. John Olusola Dada.,administration,bursar,official_fact,https://www.yabatech.edu.ng/principalofficers.php,current as checked on 2026-05-12
503,Quick question: Who is listed as Bursar on YABATECH website? briefly,The Bursar of YABATECH listed on the official site is Mr. John Olusola Dada.,administration,bursar,generated_variation,https://www.yabatech.edu.ng/principalofficers.php,derived from official site fact; verify before public deployment
504,Can you explain: Who is listed as Bursar on YABATECH website? on YABATECH website,The Bursar of YABATECH listed on the official site is Mr. John Olusola Dada.,administration,bursar,generated_variation,https://www.yabatech.edu.ng/principalofficers.php,derived from official site fact; verify before public deployment
505,Name the Bursar of Yaba College of Technology,The Bursar of YABATECH listed on the official site is Mr. John Olusola Dada.,administration,bursar,official_fact,https://www.yabatech.edu.ng/principalofficers.php,current as checked on 2026-05-12
506,Name the Bursar of Yaba College of Technology briefly,The Bursar of YABATECH listed on the official site is Mr. John Olusola Dada.,administration,bursar,generated_variation,https://www.yabatech.edu.ng/principalofficers.php,derived from official site fact; verify before public deployment
507,"For a learner, Name the Bursar of Yaba College of Technology briefly",The Bursar of YABATECH listed on the official site is Mr. John Olusola Dada.,administration,bursar,generated_variation,https://www.yabatech.edu.ng/principalofficers.php,derived from official site fact; verify before public deployment
508,Who is the college bursar?,The Bursar of YABATECH listed on the official site is Mr. John Olusola Dada.,administration,bursar,official_fact,https://www.yabatech.edu.ng/principalofficers.php,current as checked on 2026-05-12
509,"For a learner, Who is the college bursar? for admission learners",The Bursar of YABATECH listed on the official site is Mr. John Olusola Dada.,administration,bursar,generated_variation,https://www.yabatech.edu.ng/principalofficers.php,derived from official site fact; verify before public deployment
510,"In simple words, Who is the college bursar?",The Bursar of YABATECH listed on the official site is Mr. John Olusola Dada.,administration,bursar,generated_variation,https://www.yabatech.edu.ng/principalofficers.php,derived from official site fact; verify before public deployment
511,Who is the Polytechnic Librarian of YABATECH?,The Polytechnic Librarian listed on the official site is Dr. (Mrs.) S.F. Oketunji.,administration,librarian,official_fact,https://www.yabatech.edu.ng/principalofficers.php,current as checked on 2026-05-12
512,Quick question: Who is the Polytechnic Librarian of YABATECH? as a chatbot response,The Polytechnic Librarian listed on the official site is Dr. (Mrs.) S.F. Oketunji.,administration,librarian,generated_variation,https://www.yabatech.edu.ng/principalofficers.php,derived from official site fact; verify before public deployment
513,Class question: Who is the Polytechnic Librarian of YABATECH? today,The Polytechnic Librarian listed on the official site is Dr. (Mrs.) S.F. Oketunji.,administration,librarian,generated_variation,https://www.yabatech.edu.ng/principalofficers.php,derived from official site fact; verify before public deployment
514,Tell me YABATECH Polytechnic Librarian,The Polytechnic Librarian listed on the official site is Dr. (Mrs.) S.F. Oketunji.,administration,librarian,official_fact,https://www.yabatech.edu.ng/principalofficers.php,current as checked on 2026-05-12
515,Student asked: Tell me YABATECH Polytechnic Librarian today,The Polytechnic Librarian listed on the official site is Dr. (Mrs.) S.F. Oketunji.,administration,librarian,generated_variation,https://www.yabatech.edu.ng/principalofficers.php,derived from official site fact; verify before public deployment
516,Can you explain: Tell me YABATECH Polytechnic Librarian as a chatbot response,The Polytechnic Librarian listed on the official site is Dr. (Mrs.) S.F. Oketunji.,administration,librarian,generated_variation,https://www.yabatech.edu.ng/principalofficers.php,derived from official site fact; verify before public deployment
517,What is the name of YABATECH librarian?,The Polytechnic Librarian listed on the official site is Dr. (Mrs.) S.F. Oketunji.,administration,librarian,official_fact,https://www.yabatech.edu.ng/principalofficers.php,current as checked on 2026-05-12
518,"For a learner, What is the name of YABATECH librarian? in simple terms",The Polytechnic Librarian listed on the official site is Dr. (Mrs.) S.F. Oketunji.,administration,librarian,generated_variation,https://www.yabatech.edu.ng/principalofficers.php,derived from official site fact; verify before public deployment
519,Please answer: What is the name of YABATECH librarian? on YABATECH website,The Polytechnic Librarian listed on the official site is Dr. (Mrs.) S.F. Oketunji.,administration,librarian,generated_variation,https://www.yabatech.edu.ng/principalofficers.php,derived from official site fact; verify before public deployment
520,Who is Dr Mrs S F Oketunji?,The Polytechnic Librarian listed on the official site is Dr. (Mrs.) S.F. Oketunji.,administration,librarian,official_fact,https://www.yabatech.edu.ng/principalofficers.php,current as checked on 2026-05-12
521,Student asked: Who is Dr Mrs S F Oketunji? for admission learners,The Polytechnic Librarian listed on the official site is Dr. (Mrs.) S.F. Oketunji.,administration,librarian,generated_variation,https://www.yabatech.edu.ng/principalofficers.php,derived from official site fact; verify before public deployment
522,"For a learner, Who is Dr Mrs S F Oketunji? please",The Polytechnic Librarian listed on the official site is Dr. (Mrs.) S.F. Oketunji.,administration,librarian,generated_variation,https://www.yabatech.edu.ng/principalofficers.php,derived from official site fact; verify before public deployment
523,YABATECH librarian name please,The Polytechnic Librarian listed on the official site is Dr. (Mrs.) S.F. Oketunji.,administration,librarian,official_fact,https://www.yabatech.edu.ng/principalofficers.php,current as checked on 2026-05-12
524,Student asked: YABATECH librarian name please briefly,The Polytechnic Librarian listed on the official site is Dr. (Mrs.) S.F. Oketunji.,administration,librarian,generated_variation,https://www.yabatech.edu.ng/principalofficers.php,derived from official site fact; verify before public deployment
525,Quick question: YABATECH librarian name please?,The Polytechnic Librarian listed on the official site is Dr. (Mrs.) S.F. Oketunji.,administration,librarian,generated_variation,https://www.yabatech.edu.ng/principalofficers.php,derived from official site fact; verify before public deployment
526,Which principal officer is the Polytechnic Librarian?,The Polytechnic Librarian listed on the official site is Dr. (Mrs.) S.F. Oketunji.,administration,librarian,official_fact,https://www.yabatech.edu.ng/principalofficers.php,current as checked on 2026-05-12
527,Can you explain: Which principal officer is the Polytechnic Librarian? for admission learners,The Polytechnic Librarian listed on the official site is Dr. (Mrs.) S.F. Oketunji.,administration,librarian,generated_variation,https://www.yabatech.edu.ng/principalofficers.php,derived from official site fact; verify before public deployment
528,"For a learner, Which principal officer is the Polytechnic Librarian?",The Polytechnic Librarian listed on the official site is Dr. (Mrs.) S.F. Oketunji.,administration,librarian,generated_variation,https://www.yabatech.edu.ng/principalofficers.php,derived from official site fact; verify before public deployment
529,Who leads the library at YABATECH?,The Polytechnic Librarian listed on the official site is Dr. (Mrs.) S.F. Oketunji.,administration,librarian,official_fact,https://www.yabatech.edu.ng/principalofficers.php,current as checked on 2026-05-12
530,Can you explain: Who leads the library at YABATECH? for admission learners,The Polytechnic Librarian listed on the official site is Dr. (Mrs.) S.F. Oketunji.,administration,librarian,generated_variation,https://www.yabatech.edu.ng/principalofficers.php,derived from official site fact; verify before public deployment
531,I want to know: Who leads the library at YABATECH? on YABATECH website,The Polytechnic Librarian listed on the official site is Dr. (Mrs.) S.F. Oketunji.,administration,librarian,generated_variation,https://www.yabatech.edu.ng/principalofficers.php,derived from official site fact; verify before public deployment
532,Who is listed as Polytechnic Librarian?,The Polytechnic Librarian listed on the official site is Dr. (Mrs.) S.F. Oketunji.,administration,librarian,official_fact,https://www.yabatech.edu.ng/principalofficers.php,current as checked on 2026-05-12
533,Class question: Who is listed as Polytechnic Librarian? for students,The Polytechnic Librarian listed on the official site is Dr. (Mrs.) S.F. Oketunji.,administration,librarian,generated_variation,https://www.yabatech.edu.ng/principalofficers.php,derived from official site fact; verify before public deployment
534,Can you explain: Who is listed as Polytechnic Librarian? briefly,The Polytechnic Librarian listed on the official site is Dr. (Mrs.) S.F. Oketunji.,administration,librarian,generated_variation,https://www.yabatech.edu.ng/principalofficers.php,derived from official site fact; verify before public deployment
535,Name the Polytechnic Librarian of Yaba College of Technology,The Polytechnic Librarian listed on the official site is Dr. (Mrs.) S.F. Oketunji.,administration,librarian,official_fact,https://www.yabatech.edu.ng/principalofficers.php,current as checked on 2026-05-12
536,I want to know: Name the Polytechnic Librarian of Yaba College of Technology for students,The Polytechnic Librarian listed on the official site is Dr. (Mrs.) S.F. Oketunji.,administration,librarian,generated_variation,https://www.yabatech.edu.ng/principalofficers.php,derived from official site fact; verify before public deployment
537,Class question: Name the Polytechnic Librarian of Yaba College of Technology,The Polytechnic Librarian listed on the official site is Dr. (Mrs.) S.F. Oketunji.,administration,librarian,generated_variation,https://www.yabatech.edu.ng/principalofficers.php,derived from official site fact; verify before public deployment
538,Who is the college librarian?,The Polytechnic Librarian listed on the official site is Dr. (Mrs.) S.F. Oketunji.,administration,librarian,official_fact,https://www.yabatech.edu.ng/principalofficers.php,current as checked on 2026-05-12
539,Student asked: Who is the college librarian?,The Polytechnic Librarian listed on the official site is Dr. (Mrs.) S.F. Oketunji.,administration,librarian,generated_variation,https://www.yabatech.edu.ng/principalofficers.php,derived from official site fact; verify before public deployment
540,"For a learner, Who is the college librarian?",The Polytechnic Librarian listed on the official site is Dr. (Mrs.) S.F. Oketunji.,administration,librarian,generated_variation,https://www.yabatech.edu.ng/principalofficers.php,derived from official site fact; verify before public deployment
541,How many schools does YABATECH have?,"YABATECH lists eight schools: Art, Design and Printing; Engineering; Environmental Studies; Liberal Studies; Management and Business Studies; Science; Technical Education; and Technology.",academics,schools,official_fact,https://www.yabatech.edu.ng/,current as checked on 2026-05-12
542,How many schools does YABATECH have? on YABATECH website,"YABATECH lists eight schools: Art, Design and Printing; Engineering; Environmental Studies; Liberal Studies; Management and Business Studies; Science; Technical Education; and Technology.",academics,schools,generated_variation,https://www.yabatech.edu.ng/,derived from official site fact; verify before public deployment
543,"In simple words, How many schools does YABATECH have? today","YABATECH lists eight schools: Art, Design and Printing; Engineering; Environmental Studies; Liberal Studies; Management and Business Studies; Science; Technical Education; and Technology.",academics,schools,generated_variation,https://www.yabatech.edu.ng/,derived from official site fact; verify before public deployment
544,List the schools in YABATECH,"YABATECH lists eight schools: Art, Design and Printing; Engineering; Environmental Studies; Liberal Studies; Management and Business Studies; Science; Technical Education; and Technology.",academics,schools,official_fact,https://www.yabatech.edu.ng/,current as checked on 2026-05-12
545,I want to know: List the schools in YABATECH,"YABATECH lists eight schools: Art, Design and Printing; Engineering; Environmental Studies; Liberal Studies; Management and Business Studies; Science; Technical Education; and Technology.",academics,schools,generated_variation,https://www.yabatech.edu.ng/,derived from official site fact; verify before public deployment
546,List the schools in YABATECH please,"YABATECH lists eight schools: Art, Design and Printing; Engineering; Environmental Studies; Liberal Studies; Management and Business Studies; Science; Technical Education; and Technology.",academics,schools,generated_variation,https://www.yabatech.edu.ng/,derived from official site fact; verify before public deployment
547,What are the eight schools in YABATECH?,"YABATECH lists eight schools: Art, Design and Printing; Engineering; Environmental Studies; Liberal Studies; Management and Business Studies; Science; Technical Education; and Technology.",academics,schools,official_fact,https://www.yabatech.edu.ng/,current as checked on 2026-05-12
548,I want to know: What are the eight schools in YABATECH? briefly,"YABATECH lists eight schools: Art, Design and Printing; Engineering; Environmental Studies; Liberal Studies; Management and Business Studies; Science; Technical Education; and Technology.",academics,schools,generated_variation,https://www.yabatech.edu.ng/,derived from official site fact; verify before public deployment
549,Please answer: What are the eight schools in YABATECH? for admission learners,"YABATECH lists eight schools: Art, Design and Printing; Engineering; Environmental Studies; Liberal Studies; Management and Business Studies; Science; Technical Education; and Technology.",academics,schools,generated_variation,https://www.yabatech.edu.ng/,derived from official site fact; verify before public deployment
550,Name YABATECH schools,"YABATECH lists eight schools: Art, Design and Printing; Engineering; Environmental Studies; Liberal Studies; Management and Business Studies; Science; Technical Education; and Technology.",academics,schools,official_fact,https://www.yabatech.edu.ng/,current as checked on 2026-05-12
551,"In simple words, Name YABATECH schools as a chatbot response","YABATECH lists eight schools: Art, Design and Printing; Engineering; Environmental Studies; Liberal Studies; Management and Business Studies; Science; Technical Education; and Technology.",academics,schools,generated_variation,https://www.yabatech.edu.ng/,derived from official site fact; verify before public deployment
552,Please answer: Name YABATECH schools for students,"YABATECH lists eight schools: Art, Design and Printing; Engineering; Environmental Studies; Liberal Studies; Management and Business Studies; Science; Technical Education; and Technology.",academics,schools,generated_variation,https://www.yabatech.edu.ng/,derived from official site fact; verify before public deployment
553,What schools are listed under academics at YABATECH?,"YABATECH lists eight schools: Art, Design and Printing; Engineering; Environmental Studies; Liberal Studies; Management and Business Studies; Science; Technical Education; and Technology.",academics,schools,official_fact,https://www.yabatech.edu.ng/,current as checked on 2026-05-12
554,"For a learner, What schools are listed under academics at YABATECH?","YABATECH lists eight schools: Art, Design and Printing; Engineering; Environmental Studies; Liberal Studies; Management and Business Studies; Science; Technical Education; and Technology.",academics,schools,generated_variation,https://www.yabatech.edu.ng/,derived from official site fact; verify before public deployment
555,What schools are listed under academics at YABATECH? in simple terms,"YABATECH lists eight schools: Art, Design and Printing; Engineering; Environmental Studies; Liberal Studies; Management and Business Studies; Science; Technical Education; and Technology.",academics,schools,generated_variation,https://www.yabatech.edu.ng/,derived from official site fact; verify before public deployment
556,Does YABATECH have School of Engineering?,"YABATECH lists eight schools: Art, Design and Printing; Engineering; Environmental Studies; Liberal Studies; Management and Business Studies; Science; Technical Education; and Technology.",academics,schools,official_fact,https://www.yabatech.edu.ng/,current as checked on 2026-05-12
557,Does YABATECH have School of Engineering? in simple terms,"YABATECH lists eight schools: Art, Design and Printing; Engineering; Environmental Studies; Liberal Studies; Management and Business Studies; Science; Technical Education; and Technology.",academics,schools,generated_variation,https://www.yabatech.edu.ng/,derived from official site fact; verify before public deployment
558,Does YABATECH have School of Engineering? on YABATECH website,"YABATECH lists eight schools: Art, Design and Printing; Engineering; Environmental Studies; Liberal Studies; Management and Business Studies; Science; Technical Education; and Technology.",academics,schools,generated_variation,https://www.yabatech.edu.ng/,derived from official site fact; verify before public deployment
559,What academic schools are on the YABATECH website?,"YABATECH lists eight schools: Art, Design and Printing; Engineering; Environmental Studies; Liberal Studies; Management and Business Studies; Science; Technical Education; and Technology.",academics,schools,official_fact,https://www.yabatech.edu.ng/,current as checked on 2026-05-12
560,Class question: What academic schools are on the YABATECH website? in simple terms,"YABATECH lists eight schools: Art, Design and Printing; Engineering; Environmental Studies; Liberal Studies; Management and Business Studies; Science; Technical Education; and Technology.",academics,schools,generated_variation,https://www.yabatech.edu.ng/,derived from official site fact; verify before public deployment
561,What academic schools are on the YABATECH website? on YABATECH website,"YABATECH lists eight schools: Art, Design and Printing; Engineering; Environmental Studies; Liberal Studies; Management and Business Studies; Science; Technical Education; and Technology.",academics,schools,generated_variation,https://www.yabatech.edu.ng/,derived from official site fact; verify before public deployment
562,Give me YABATECH school list,"YABATECH lists eight schools: Art, Design and Printing; Engineering; Environmental Studies; Liberal Studies; Management and Business Studies; Science; Technical Education; and Technology.",academics,schools,official_fact,https://www.yabatech.edu.ng/,current as checked on 2026-05-12
563,I want to know: Give me YABATECH school list?,"YABATECH lists eight schools: Art, Design and Printing; Engineering; Environmental Studies; Liberal Studies; Management and Business Studies; Science; Technical Education; and Technology.",academics,schools,generated_variation,https://www.yabatech.edu.ng/,derived from official site fact; verify before public deployment
564,"In simple words, Give me YABATECH school list on YABATECH website","YABATECH lists eight schools: Art, Design and Printing; Engineering; Environmental Studies; Liberal Studies; Management and Business Studies; Science; Technical Education; and Technology.",academics,schools,generated_variation,https://www.yabatech.edu.ng/,derived from official site fact; verify before public deployment
565,Which schools make up YABATECH?,"YABATECH lists eight schools: Art, Design and Printing; Engineering; Environmental Studies; Liberal Studies; Management and Business Studies; Science; Technical Education; and Technology.",academics,schools,official_fact,https://www.yabatech.edu.ng/,current as checked on 2026-05-12
566,"In simple words, Which schools make up YABATECH? on YABATECH website","YABATECH lists eight schools: Art, Design and Printing; Engineering; Environmental Studies; Liberal Studies; Management and Business Studies; Science; Technical Education; and Technology.",academics,schools,generated_variation,https://www.yabatech.edu.ng/,derived from official site fact; verify before public deployment
567,"In simple words, Which schools make up YABATECH? on YABATECH website","YABATECH lists eight schools: Art, Design and Printing; Engineering; Environmental Studies; Liberal Studies; Management and Business Studies; Science; Technical Education; and Technology.",academics,schools,generated_variation,https://www.yabatech.edu.ng/,derived from official site fact; verify before public deployment
568,Tell me about YABATECH academic schools,"YABATECH lists eight schools: Art, Design and Printing; Engineering; Environmental Studies; Liberal Studies; Management and Business Studies; Science; Technical Education; and Technology.",academics,schools,official_fact,https://www.yabatech.edu.ng/,current as checked on 2026-05-12
569,Help me answer: Tell me about YABATECH academic schools please,"YABATECH lists eight schools: Art, Design and Printing; Engineering; Environmental Studies; Liberal Studies; Management and Business Studies; Science; Technical Education; and Technology.",academics,schools,generated_variation,https://www.yabatech.edu.ng/,derived from official site fact; verify before public deployment
570,Tell me about YABATECH academic schools for admission learners,"YABATECH lists eight schools: Art, Design and Printing; Engineering; Environmental Studies; Liberal Studies; Management and Business Studies; Science; Technical Education; and Technology.",academics,schools,generated_variation,https://www.yabatech.edu.ng/,derived from official site fact; verify before public deployment
571,Where is the YABATECH student portal?,Students can access the Student Portal through portal.yabatech.edu.ng as linked on the official YABATECH website.,portal,student portal,official_fact,https://www.yabatech.edu.ng/,current as checked on 2026-05-12
572,Student asked: Where is the YABATECH student portal? for students,Students can access the Student Portal through portal.yabatech.edu.ng as linked on the official YABATECH website.,portal,student portal,generated_variation,https://www.yabatech.edu.ng/,derived from official site fact; verify before public deployment
573,"For a learner, Where is the YABATECH student portal? for admission learners",Students can access the Student Portal through portal.yabatech.edu.ng as linked on the official YABATECH website.,portal,student portal,generated_variation,https://www.yabatech.edu.ng/,derived from official site fact; verify before public deployment
574,How can students access YABATECH portal?,Students can access the Student Portal through portal.yabatech.edu.ng as linked on the official YABATECH website.,portal,student portal,official_fact,https://www.yabatech.edu.ng/,current as checked on 2026-05-12
575,I want to know: How can students access YABATECH portal? please,Students can access the Student Portal through portal.yabatech.edu.ng as linked on the official YABATECH website.,portal,student portal,generated_variation,https://www.yabatech.edu.ng/,derived from official site fact; verify before public deployment
576,Class question: How can students access YABATECH portal? today,Students can access the Student Portal through portal.yabatech.edu.ng as linked on the official YABATECH website.,portal,student portal,generated_variation,https://www.yabatech.edu.ng/,derived from official site fact; verify before public deployment
577,What is YABATECH student portal link?,Students can access the Student Portal through portal.yabatech.edu.ng as linked on the official YABATECH website.,portal,student portal,official_fact,https://www.yabatech.edu.ng/,current as checked on 2026-05-12
578,What is YABATECH student portal link? as a chatbot response,Students can access the Student Portal through portal.yabatech.edu.ng as linked on the official YABATECH website.,portal,student portal,generated_variation,https://www.yabatech.edu.ng/,derived from official site fact; verify before public deployment
579,What is YABATECH student portal link? please,Students can access the Student Portal through portal.yabatech.edu.ng as linked on the official YABATECH website.,portal,student portal,generated_variation,https://www.yabatech.edu.ng/,derived from official site fact; verify before public deployment
580,Where do YABATECH students login?,Students can access the Student Portal through portal.yabatech.edu.ng as linked on the official YABATECH website.,portal,student portal,official_fact,https://www.yabatech.edu.ng/,current as checked on 2026-05-12
581,"In simple words, Where do YABATECH students login?",Students can access the Student Portal through portal.yabatech.edu.ng as linked on the official YABATECH website.,portal,student portal,generated_variation,https://www.yabatech.edu.ng/,derived from official site fact; verify before public deployment
582,"In simple words, Where do YABATECH students login? for admission learners",Students can access the Student Portal through portal.yabatech.edu.ng as linked on the official YABATECH website.,portal,student portal,generated_variation,https://www.yabatech.edu.ng/,derived from official site fact; verify before public deployment
583,Tell me the student portal for YABATECH,Students can access the Student Portal through portal.yabatech.edu.ng as linked on the official YABATECH website.,portal,student portal,official_fact,https://www.yabatech.edu.ng/,current as checked on 2026-05-12
584,I want to know: Tell me the student portal for YABATECH today,Students can access the Student Portal through portal.yabatech.edu.ng as linked on the official YABATECH website.,portal,student portal,generated_variation,https://www.yabatech.edu.ng/,derived from official site fact; verify before public deployment
585,Tell me the student portal for YABATECH for admission learners,Students can access the Student Portal through portal.yabatech.edu.ng as linked on the official YABATECH website.,portal,student portal,generated_variation,https://www.yabatech.edu.ng/,derived from official site fact; verify before public deployment
586,How do I open YABATECH student portal?,Students can access the Student Portal through portal.yabatech.edu.ng as linked on the official YABATECH website.,portal,student portal,official_fact,https://www.yabatech.edu.ng/,current as checked on 2026-05-12
587,I want to know: How do I open YABATECH student portal?,Students can access the Student Portal through portal.yabatech.edu.ng as linked on the official YABATECH website.,portal,student portal,generated_variation,https://www.yabatech.edu.ng/,derived from official site fact; verify before public deployment
588,Quick question: How do I open YABATECH student portal? for admission learners,Students can access the Student Portal through portal.yabatech.edu.ng as linked on the official YABATECH website.,portal,student portal,generated_variation,https://www.yabatech.edu.ng/,derived from official site fact; verify before public deployment
589,Which portal is for YABATECH students?,Students can access the Student Portal through portal.yabatech.edu.ng as linked on the official YABATECH website.,portal,student portal,official_fact,https://www.yabatech.edu.ng/,current as checked on 2026-05-12
590,Quick question: Which portal is for YABATECH students?,Students can access the Student Portal through portal.yabatech.edu.ng as linked on the official YABATECH website.,portal,student portal,generated_variation,https://www.yabatech.edu.ng/,derived from official site fact; verify before public deployment
591,Which portal is for YABATECH students? on YABATECH website,Students can access the Student Portal through portal.yabatech.edu.ng as linked on the official YABATECH website.,portal,student portal,generated_variation,https://www.yabatech.edu.ng/,derived from official site fact; verify before public deployment
592,YABATECH portal for registration,Students can access the Student Portal through portal.yabatech.edu.ng as linked on the official YABATECH website.,portal,student portal,official_fact,https://www.yabatech.edu.ng/,current as checked on 2026-05-12
593,YABATECH portal for registration for admission learners,Students can access the Student Portal through portal.yabatech.edu.ng as linked on the official YABATECH website.,portal,student portal,generated_variation,https://www.yabatech.edu.ng/,derived from official site fact; verify before public deployment
594,"For a learner, YABATECH portal for registration",Students can access the Student Portal through portal.yabatech.edu.ng as linked on the official YABATECH website.,portal,student portal,generated_variation,https://www.yabatech.edu.ng/,derived from official site fact; verify before public deployment
595,Where can students handle application registration and payment?,Students can access the Student Portal through portal.yabatech.edu.ng as linked on the official YABATECH website.,portal,student portal,official_fact,https://www.yabatech.edu.ng/,current as checked on 2026-05-12
596,Please answer: Where can students handle application registration and payment?,Students can access the Student Portal through portal.yabatech.edu.ng as linked on the official YABATECH website.,portal,student portal,generated_variation,https://www.yabatech.edu.ng/,derived from official site fact; verify before public deployment
597,Student asked: Where can students handle application registration and payment? as a chatbot response,Students can access the Student Portal through portal.yabatech.edu.ng as linked on the official YABATECH website.,portal,student portal,generated_variation,https://www.yabatech.edu.ng/,derived from official site fact; verify before public deployment
598,Give me YABATECH student portal information,Students can access the Student Portal through portal.yabatech.edu.ng as linked on the official YABATECH website.,portal,student portal,official_fact,https://www.yabatech.edu.ng/,current as checked on 2026-05-12
599,Class question: Give me YABATECH student portal information on YABATECH website,Students can access the Student Portal through portal.yabatech.edu.ng as linked on the official YABATECH website.,portal,student portal,generated_variation,https://www.yabatech.edu.ng/,derived from official site fact; verify before public deployment
600,"In simple words, Give me YABATECH student portal information",Students can access the Student Portal through portal.yabatech.edu.ng as linked on the official YABATECH website.,portal,student portal,generated_variation,https://www.yabatech.edu.ng/,derived from official site fact; verify before public deployment
601,What is CODFEL in YABATECH?,YABATECH links CODFEL through codfel.yabatech.edu.ng and also provides a CODFEL registration/application portal.,portal,codfel,official_fact,https://www.yabatech.edu.ng/,current as checked on 2026-05-12
602,Class question: What is CODFEL in YABATECH? in simple terms,YABATECH links CODFEL through codfel.yabatech.edu.ng and also provides a CODFEL registration/application portal.,portal,codfel,generated_variation,https://www.yabatech.edu.ng/,derived from official site fact; verify before public deployment
603,I want to know: What is CODFEL in YABATECH? on YABATECH website,YABATECH links CODFEL through codfel.yabatech.edu.ng and also provides a CODFEL registration/application portal.,portal,codfel,generated_variation,https://www.yabatech.edu.ng/,derived from official site fact; verify before public deployment
604,Where is YABATECH CODFEL portal?,YABATECH links CODFEL through codfel.yabatech.edu.ng and also provides a CODFEL registration/application portal.,portal,codfel,official_fact,https://www.yabatech.edu.ng/,current as checked on 2026-05-12
605,Where is YABATECH CODFEL portal? on YABATECH website,YABATECH links CODFEL through codfel.yabatech.edu.ng and also provides a CODFEL registration/application portal.,portal,codfel,generated_variation,https://www.yabatech.edu.ng/,derived from official site fact; verify before public deployment
606,Can you explain: Where is YABATECH CODFEL portal? briefly,YABATECH links CODFEL through codfel.yabatech.edu.ng and also provides a CODFEL registration/application portal.,portal,codfel,generated_variation,https://www.yabatech.edu.ng/,derived from official site fact; verify before public deployment
607,How can I access CODFEL at YABATECH?,YABATECH links CODFEL through codfel.yabatech.edu.ng and also provides a CODFEL registration/application portal.,portal,codfel,official_fact,https://www.yabatech.edu.ng/,current as checked on 2026-05-12
608,Can you explain: How can I access CODFEL at YABATECH? for admission learners,YABATECH links CODFEL through codfel.yabatech.edu.ng and also provides a CODFEL registration/application portal.,portal,codfel,generated_variation,https://www.yabatech.edu.ng/,derived from official site fact; verify before public deployment
609,Please answer: How can I access CODFEL at YABATECH? for students,YABATECH links CODFEL through codfel.yabatech.edu.ng and also provides a CODFEL registration/application portal.,portal,codfel,generated_variation,https://www.yabatech.edu.ng/,derived from official site fact; verify before public deployment
610,Does YABATECH have CODFEL?,YABATECH links CODFEL through codfel.yabatech.edu.ng and also provides a CODFEL registration/application portal.,portal,codfel,official_fact,https://www.yabatech.edu.ng/,current as checked on 2026-05-12
611,Help me answer: Does YABATECH have CODFEL? for students,YABATECH links CODFEL through codfel.yabatech.edu.ng and also provides a CODFEL registration/application portal.,portal,codfel,generated_variation,https://www.yabatech.edu.ng/,derived from official site fact; verify before public deployment
612,"For a learner, Does YABATECH have CODFEL? please",YABATECH links CODFEL through codfel.yabatech.edu.ng and also provides a CODFEL registration/application portal.,portal,codfel,generated_variation,https://www.yabatech.edu.ng/,derived from official site fact; verify before public deployment
613,Tell me about CODFEL link,YABATECH links CODFEL through codfel.yabatech.edu.ng and also provides a CODFEL registration/application portal.,portal,codfel,official_fact,https://www.yabatech.edu.ng/,current as checked on 2026-05-12
614,Class question: Tell me about CODFEL link,YABATECH links CODFEL through codfel.yabatech.edu.ng and also provides a CODFEL registration/application portal.,portal,codfel,generated_variation,https://www.yabatech.edu.ng/,derived from official site fact; verify before public deployment
615,I want to know: Tell me about CODFEL link,YABATECH links CODFEL through codfel.yabatech.edu.ng and also provides a CODFEL registration/application portal.,portal,codfel,generated_variation,https://www.yabatech.edu.ng/,derived from official site fact; verify before public deployment
616,YABATECH CODFEL application portal,YABATECH links CODFEL through codfel.yabatech.edu.ng and also provides a CODFEL registration/application portal.,portal,codfel,official_fact,https://www.yabatech.edu.ng/,current as checked on 2026-05-12
617,Quick question: YABATECH CODFEL application portal for admission learners,YABATECH links CODFEL through codfel.yabatech.edu.ng and also provides a CODFEL registration/application portal.,portal,codfel,generated_variation,https://www.yabatech.edu.ng/,derived from official site fact; verify before public deployment
618,Please answer: YABATECH CODFEL application portal?,YABATECH links CODFEL through codfel.yabatech.edu.ng and also provides a CODFEL registration/application portal.,portal,codfel,generated_variation,https://www.yabatech.edu.ng/,derived from official site fact; verify before public deployment
619,Where can CODFEL students register?,YABATECH links CODFEL through codfel.yabatech.edu.ng and also provides a CODFEL registration/application portal.,portal,codfel,official_fact,https://www.yabatech.edu.ng/,current as checked on 2026-05-12
620,Help me answer: Where can CODFEL students register? briefly,YABATECH links CODFEL through codfel.yabatech.edu.ng and also provides a CODFEL registration/application portal.,portal,codfel,generated_variation,https://www.yabatech.edu.ng/,derived from official site fact; verify before public deployment
621,Can you explain: Where can CODFEL students register? as a chatbot response,YABATECH links CODFEL through codfel.yabatech.edu.ng and also provides a CODFEL registration/application portal.,portal,codfel,generated_variation,https://www.yabatech.edu.ng/,derived from official site fact; verify before public deployment
622,Which site is used for CODFEL?,YABATECH links CODFEL through codfel.yabatech.edu.ng and also provides a CODFEL registration/application portal.,portal,codfel,official_fact,https://www.yabatech.edu.ng/,current as checked on 2026-05-12
623,Class question: Which site is used for CODFEL? for students,YABATECH links CODFEL through codfel.yabatech.edu.ng and also provides a CODFEL registration/application portal.,portal,codfel,generated_variation,https://www.yabatech.edu.ng/,derived from official site fact; verify before public deployment
624,Quick question: Which site is used for CODFEL?,YABATECH links CODFEL through codfel.yabatech.edu.ng and also provides a CODFEL registration/application portal.,portal,codfel,generated_variation,https://www.yabatech.edu.ng/,derived from official site fact; verify before public deployment
625,How do I apply to CODFEL?,YABATECH links CODFEL through codfel.yabatech.edu.ng and also provides a CODFEL registration/application portal.,portal,codfel,official_fact,https://www.yabatech.edu.ng/,current as checked on 2026-05-12
626,Please answer: How do I apply to CODFEL?,YABATECH links CODFEL through codfel.yabatech.edu.ng and also provides a CODFEL registration/application portal.,portal,codfel,generated_variation,https://www.yabatech.edu.ng/,derived from official site fact; verify before public deployment
627,"For a learner, How do I apply to CODFEL? for admission learners",YABATECH links CODFEL through codfel.yabatech.edu.ng and also provides a CODFEL registration/application portal.,portal,codfel,generated_variation,https://www.yabatech.edu.ng/,derived from official site fact; verify before public deployment
628,What portal supports open distance and flexible learning?,YABATECH links CODFEL through codfel.yabatech.edu.ng and also provides a CODFEL registration/application portal.,portal,codfel,official_fact,https://www.yabatech.edu.ng/,current as checked on 2026-05-12
629,What portal supports open distance and flexible learning? for students,YABATECH links CODFEL through codfel.yabatech.edu.ng and also provides a CODFEL registration/application portal.,portal,codfel,generated_variation,https://www.yabatech.edu.ng/,derived from official site fact; verify before public deployment
630,Help me answer: What portal supports open distance and flexible learning?,YABATECH links CODFEL through codfel.yabatech.edu.ng and also provides a CODFEL registration/application portal.,portal,codfel,generated_variation,https://www.yabatech.edu.ng/,derived from official site fact; verify before public deployment
631,What student services are on YABATECH website?,"The official site provides student links for the Student Portal, CODFEL Registration, Student Email, Sports and Societies, Calendar, Handbook, Downloads, and Flexible Skills.",students,student services,official_fact,https://www.yabatech.edu.ng/,current as checked on 2026-05-12
632,Help me answer: What student services are on YABATECH website? please,"The official site provides student links for the Student Portal, CODFEL Registration, Student Email, Sports and Societies, Calendar, Handbook, Downloads, and Flexible Skills.",students,student services,generated_variation,https://www.yabatech.edu.ng/,derived from official site fact; verify before public deployment
633,What student services are on YABATECH website? in simple terms,"The official site provides student links for the Student Portal, CODFEL Registration, Student Email, Sports and Societies, Calendar, Handbook, Downloads, and Flexible Skills.",students,student services,generated_variation,https://www.yabatech.edu.ng/,derived from official site fact; verify before public deployment
634,List YABATECH student links,"The official site provides student links for the Student Portal, CODFEL Registration, Student Email, Sports and Societies, Calendar, Handbook, Downloads, and Flexible Skills.",students,student services,official_fact,https://www.yabatech.edu.ng/,current as checked on 2026-05-12
635,"In simple words, List YABATECH student links please","The official site provides student links for the Student Portal, CODFEL Registration, Student Email, Sports and Societies, Calendar, Handbook, Downloads, and Flexible Skills.",students,student services,generated_variation,https://www.yabatech.edu.ng/,derived from official site fact; verify before public deployment
636,Class question: List YABATECH student links in simple terms,"The official site provides student links for the Student Portal, CODFEL Registration, Student Email, Sports and Societies, Calendar, Handbook, Downloads, and Flexible Skills.",students,student services,generated_variation,https://www.yabatech.edu.ng/,derived from official site fact; verify before public deployment
637,Where can students find downloads and handbook?,"The official site provides student links for the Student Portal, CODFEL Registration, Student Email, Sports and Societies, Calendar, Handbook, Downloads, and Flexible Skills.",students,student services,official_fact,https://www.yabatech.edu.ng/,current as checked on 2026-05-12
638,Quick question: Where can students find downloads and handbook? on YABATECH website,"The official site provides student links for the Student Portal, CODFEL Registration, Student Email, Sports and Societies, Calendar, Handbook, Downloads, and Flexible Skills.",students,student services,generated_variation,https://www.yabatech.edu.ng/,derived from official site fact; verify before public deployment
639,Can you explain: Where can students find downloads and handbook? briefly,"The official site provides student links for the Student Portal, CODFEL Registration, Student Email, Sports and Societies, Calendar, Handbook, Downloads, and Flexible Skills.",students,student services,generated_variation,https://www.yabatech.edu.ng/,derived from official site fact; verify before public deployment
640,Does YABATECH site have student email?,"The official site provides student links for the Student Portal, CODFEL Registration, Student Email, Sports and Societies, Calendar, Handbook, Downloads, and Flexible Skills.",students,student services,official_fact,https://www.yabatech.edu.ng/,current as checked on 2026-05-12
641,"In simple words, Does YABATECH site have student email? for students","The official site provides student links for the Student Portal, CODFEL Registration, Student Email, Sports and Societies, Calendar, Handbook, Downloads, and Flexible Skills.",students,student services,generated_variation,https://www.yabatech.edu.ng/,derived from official site fact; verify before public deployment
642,Can you explain: Does YABATECH site have student email? on YABATECH website,"The official site provides student links for the Student Portal, CODFEL Registration, Student Email, Sports and Societies, Calendar, Handbook, Downloads, and Flexible Skills.",students,student services,generated_variation,https://www.yabatech.edu.ng/,derived from official site fact; verify before public deployment
643,What links are under students on YABATECH?,"The official site provides student links for the Student Portal, CODFEL Registration, Student Email, Sports and Societies, Calendar, Handbook, Downloads, and Flexible Skills.",students,student services,official_fact,https://www.yabatech.edu.ng/,current as checked on 2026-05-12
644,Help me answer: What links are under students on YABATECH?,"The official site provides student links for the Student Portal, CODFEL Registration, Student Email, Sports and Societies, Calendar, Handbook, Downloads, and Flexible Skills.",students,student services,generated_variation,https://www.yabatech.edu.ng/,derived from official site fact; verify before public deployment
645,Help me answer: What links are under students on YABATECH? please,"The official site provides student links for the Student Portal, CODFEL Registration, Student Email, Sports and Societies, Calendar, Handbook, Downloads, and Flexible Skills.",students,student services,generated_variation,https://www.yabatech.edu.ng/,derived from official site fact; verify before public deployment
646,What online services are available for YABATECH students?,"The official site provides student links for the Student Portal, CODFEL Registration, Student Email, Sports and Societies, Calendar, Handbook, Downloads, and Flexible Skills.",students,student services,official_fact,https://www.yabatech.edu.ng/,current as checked on 2026-05-12
647,What online services are available for YABATECH students? for admission learners,"The official site provides student links for the Student Portal, CODFEL Registration, Student Email, Sports and Societies, Calendar, Handbook, Downloads, and Flexible Skills.",students,student services,generated_variation,https://www.yabatech.edu.ng/,derived from official site fact; verify before public deployment
648,Class question: What online services are available for YABATECH students? on YABATECH website,"The official site provides student links for the Student Portal, CODFEL Registration, Student Email, Sports and Societies, Calendar, Handbook, Downloads, and Flexible Skills.",students,student services,generated_variation,https://www.yabatech.edu.ng/,derived from official site fact; verify before public deployment
649,Can students access sports and societies online?,"The official site provides student links for the Student Portal, CODFEL Registration, Student Email, Sports and Societies, Calendar, Handbook, Downloads, and Flexible Skills.",students,student services,official_fact,https://www.yabatech.edu.ng/,current as checked on 2026-05-12
650,Quick question: Can students access sports and societies online? on YABATECH website,"The official site provides student links for the Student Portal, CODFEL Registration, Student Email, Sports and Societies, Calendar, Handbook, Downloads, and Flexible Skills.",students,student services,generated_variation,https://www.yabatech.edu.ng/,derived from official site fact; verify before public deployment
651,"For a learner, Can students access sports and societies online? for admission learners","The official site provides student links for the Student Portal, CODFEL Registration, Student Email, Sports and Societies, Calendar, Handbook, Downloads, and Flexible Skills.",students,student services,generated_variation,https://www.yabatech.edu.ng/,derived from official site fact; verify before public deployment
652,Where can I find YABATECH calendar?,"The official site provides student links for the Student Portal, CODFEL Registration, Student Email, Sports and Societies, Calendar, Handbook, Downloads, and Flexible Skills.",students,student services,official_fact,https://www.yabatech.edu.ng/,current as checked on 2026-05-12
653,"In simple words, Where can I find YABATECH calendar? for admission learners","The official site provides student links for the Student Portal, CODFEL Registration, Student Email, Sports and Societies, Calendar, Handbook, Downloads, and Flexible Skills.",students,student services,generated_variation,https://www.yabatech.edu.ng/,derived from official site fact; verify before public deployment
654,Help me answer: Where can I find YABATECH calendar? briefly,"The official site provides student links for the Student Portal, CODFEL Registration, Student Email, Sports and Societies, Calendar, Handbook, Downloads, and Flexible Skills.",students,student services,generated_variation,https://www.yabatech.edu.ng/,derived from official site fact; verify before public deployment
655,What does the students section contain?,"The official site provides student links for the Student Portal, CODFEL Registration, Student Email, Sports and Societies, Calendar, Handbook, Downloads, and Flexible Skills.",students,student services,official_fact,https://www.yabatech.edu.ng/,current as checked on 2026-05-12
656,"In simple words, What does the students section contain? for students","The official site provides student links for the Student Portal, CODFEL Registration, Student Email, Sports and Societies, Calendar, Handbook, Downloads, and Flexible Skills.",students,student services,generated_variation,https://www.yabatech.edu.ng/,derived from official site fact; verify before public deployment
657,"In simple words, What does the students section contain? please","The official site provides student links for the Student Portal, CODFEL Registration, Student Email, Sports and Societies, Calendar, Handbook, Downloads, and Flexible Skills.",students,student services,generated_variation,https://www.yabatech.edu.ng/,derived from official site fact; verify before public deployment
658,Tell me about student resources on YABATECH site,"The official site provides student links for the Student Portal, CODFEL Registration, Student Email, Sports and Societies, Calendar, Handbook, Downloads, and Flexible Skills.",students,student services,official_fact,https://www.yabatech.edu.ng/,current as checked on 2026-05-12
659,Quick question: Tell me about student resources on YABATECH site in simple terms,"The official site provides student links for the Student Portal, CODFEL Registration, Student Email, Sports and Societies, Calendar, Handbook, Downloads, and Flexible Skills.",students,student services,generated_variation,https://www.yabatech.edu.ng/,derived from official site fact; verify before public deployment
660,Quick question: Tell me about student resources on YABATECH site in simple terms,"The official site provides student links for the Student Portal, CODFEL Registration, Student Email, Sports and Societies, Calendar, Handbook, Downloads, and Flexible Skills.",students,student services,generated_variation,https://www.yabatech.edu.ng/,derived from official site fact; verify before public deployment
661,What is the latest YABATECH news on April 29 2026?,"One recent official news item is 'YASUG Election Voters List', dated April 29, 2026.",latest_news,2026 election voters list,official_fact,https://www.yabatech.edu.ng/yabatechallnews.php,current as checked on 2026-05-12
662,"For a learner, What is the latest YABATECH news on April 29 2026? for students","One recent official news item is 'YASUG Election Voters List', dated April 29, 2026.",latest_news,2026 election voters list,generated_variation,https://www.yabatech.edu.ng/yabatechallnews.php,derived from official site fact; verify before public deployment
663,What is the latest YABATECH news on April 29 2026? for students,"One recent official news item is 'YASUG Election Voters List', dated April 29, 2026.",latest_news,2026 election voters list,generated_variation,https://www.yabatech.edu.ng/yabatechallnews.php,derived from official site fact; verify before public deployment
664,Tell me about YASUG election voters list,"One recent official news item is 'YASUG Election Voters List', dated April 29, 2026.",latest_news,2026 election voters list,official_fact,https://www.yabatech.edu.ng/yabatechallnews.php,current as checked on 2026-05-12
665,Quick question: Tell me about YASUG election voters list as a chatbot response,"One recent official news item is 'YASUG Election Voters List', dated April 29, 2026.",latest_news,2026 election voters list,generated_variation,https://www.yabatech.edu.ng/yabatechallnews.php,derived from official site fact; verify before public deployment
666,Student asked: Tell me about YASUG election voters list for admission learners,"One recent official news item is 'YASUG Election Voters List', dated April 29, 2026.",latest_news,2026 election voters list,generated_variation,https://www.yabatech.edu.ng/yabatechallnews.php,derived from official site fact; verify before public deployment
667,Is there a YASUG election voters list notice?,"One recent official news item is 'YASUG Election Voters List', dated April 29, 2026.",latest_news,2026 election voters list,official_fact,https://www.yabatech.edu.ng/yabatechallnews.php,current as checked on 2026-05-12
668,Class question: Is there a YASUG election voters list notice? as a chatbot response,"One recent official news item is 'YASUG Election Voters List', dated April 29, 2026.",latest_news,2026 election voters list,generated_variation,https://www.yabatech.edu.ng/yabatechallnews.php,derived from official site fact; verify before public deployment
669,Student asked: Is there a YASUG election voters list notice? in simple terms,"One recent official news item is 'YASUG Election Voters List', dated April 29, 2026.",latest_news,2026 election voters list,generated_variation,https://www.yabatech.edu.ng/yabatechallnews.php,derived from official site fact; verify before public deployment
670,What news did YABATECH post on April 29 2026?,"One recent official news item is 'YASUG Election Voters List', dated April 29, 2026.",latest_news,2026 election voters list,official_fact,https://www.yabatech.edu.ng/yabatechallnews.php,current as checked on 2026-05-12
671,What news did YABATECH post on April 29 2026? for admission learners,"One recent official news item is 'YASUG Election Voters List', dated April 29, 2026.",latest_news,2026 election voters list,generated_variation,https://www.yabatech.edu.ng/yabatechallnews.php,derived from official site fact; verify before public deployment
672,Class question: What news did YABATECH post on April 29 2026?,"One recent official news item is 'YASUG Election Voters List', dated April 29, 2026.",latest_news,2026 election voters list,generated_variation,https://www.yabatech.edu.ng/yabatechallnews.php,derived from official site fact; verify before public deployment
673,YABATECH latest student union election voters list,"One recent official news item is 'YASUG Election Voters List', dated April 29, 2026.",latest_news,2026 election voters list,official_fact,https://www.yabatech.edu.ng/yabatechallnews.php,current as checked on 2026-05-12
674,YABATECH latest student union election voters list?,"One recent official news item is 'YASUG Election Voters List', dated April 29, 2026.",latest_news,2026 election voters list,generated_variation,https://www.yabatech.edu.ng/yabatechallnews.php,derived from official site fact; verify before public deployment
675,I want to know: YABATECH latest student union election voters list for students,"One recent official news item is 'YASUG Election Voters List', dated April 29, 2026.",latest_news,2026 election voters list,generated_variation,https://www.yabatech.edu.ng/yabatechallnews.php,derived from official site fact; verify before public deployment
676,What is the recent YASUG voters list update?,"One recent official news item is 'YASUG Election Voters List', dated April 29, 2026.",latest_news,2026 election voters list,official_fact,https://www.yabatech.edu.ng/yabatechallnews.php,current as checked on 2026-05-12
677,Can you explain: What is the recent YASUG voters list update? briefly,"One recent official news item is 'YASUG Election Voters List', dated April 29, 2026.",latest_news,2026 election voters list,generated_variation,https://www.yabatech.edu.ng/yabatechallnews.php,derived from official site fact; verify before public deployment
678,Class question: What is the recent YASUG voters list update? as a chatbot response,"One recent official news item is 'YASUG Election Voters List', dated April 29, 2026.",latest_news,2026 election voters list,generated_variation,https://www.yabatech.edu.ng/yabatechallnews.php,derived from official site fact; verify before public deployment
679,Which YABATECH news is dated Apr 29 2026?,"One recent official news item is 'YASUG Election Voters List', dated April 29, 2026.",latest_news,2026 election voters list,official_fact,https://www.yabatech.edu.ng/yabatechallnews.php,current as checked on 2026-05-12
680,Class question: Which YABATECH news is dated Apr 29 2026? on YABATECH website,"One recent official news item is 'YASUG Election Voters List', dated April 29, 2026.",latest_news,2026 election voters list,generated_variation,https://www.yabatech.edu.ng/yabatechallnews.php,derived from official site fact; verify before public deployment
681,Which YABATECH news is dated Apr 29 2026?,"One recent official news item is 'YASUG Election Voters List', dated April 29, 2026.",latest_news,2026 election voters list,generated_variation,https://www.yabatech.edu.ng/yabatechallnews.php,derived from official site fact; verify before public deployment
682,YASUG election voters list date,"One recent official news item is 'YASUG Election Voters List', dated April 29, 2026.",latest_news,2026 election voters list,official_fact,https://www.yabatech.edu.ng/yabatechallnews.php,current as checked on 2026-05-12
683,I want to know: YASUG election voters list date,"One recent official news item is 'YASUG Election Voters List', dated April 29, 2026.",latest_news,2026 election voters list,generated_variation,https://www.yabatech.edu.ng/yabatechallnews.php,derived from official site fact; verify before public deployment
684,Class question: YASUG election voters list date please,"One recent official news item is 'YASUG Election Voters List', dated April 29, 2026.",latest_news,2026 election voters list,generated_variation,https://www.yabatech.edu.ng/yabatechallnews.php,derived from official site fact; verify before public deployment
685,What is the latest YABATECH election notice?,"One recent official news item is 'YASUG Election Voters List', dated April 29, 2026.",latest_news,2026 election voters list,official_fact,https://www.yabatech.edu.ng/yabatechallnews.php,current as checked on 2026-05-12
686,Please answer: What is the latest YABATECH election notice?,"One recent official news item is 'YASUG Election Voters List', dated April 29, 2026.",latest_news,2026 election voters list,generated_variation,https://www.yabatech.edu.ng/yabatechallnews.php,derived from official site fact; verify before public deployment
687,What is the latest YABATECH election notice?,"One recent official news item is 'YASUG Election Voters List', dated April 29, 2026.",latest_news,2026 election voters list,generated_variation,https://www.yabatech.edu.ng/yabatechallnews.php,derived from official site fact; verify before public deployment
688,Tell me the 2026 YASUG voters list news,"One recent official news item is 'YASUG Election Voters List', dated April 29, 2026.",latest_news,2026 election voters list,official_fact,https://www.yabatech.edu.ng/yabatechallnews.php,current as checked on 2026-05-12
689,"For a learner, Tell me the 2026 YASUG voters list news today","One recent official news item is 'YASUG Election Voters List', dated April 29, 2026.",latest_news,2026 election voters list,generated_variation,https://www.yabatech.edu.ng/yabatechallnews.php,derived from official site fact; verify before public deployment
690,Student asked: Tell me the 2026 YASUG voters list news today,"One recent official news item is 'YASUG Election Voters List', dated April 29, 2026.",latest_news,2026 election voters list,generated_variation,https://www.yabatech.edu.ng/yabatechallnews.php,derived from official site fact; verify before public deployment
691,What is the YABATECH Attention Please notice about?,"YABATECH posted an 'Attention Please' notice on April 22, 2026 warning the public against fraudsters extorting money under false claims such as application forms or portal activation.",latest_news,attention notice,official_fact,https://www.yabatech.edu.ng/,current as checked on 2026-05-12
692,Please answer: What is the YABATECH Attention Please notice about? as a chatbot response,"YABATECH posted an 'Attention Please' notice on April 22, 2026 warning the public against fraudsters extorting money under false claims such as application forms or portal activation.",latest_news,attention notice,generated_variation,https://www.yabatech.edu.ng/,derived from official site fact; verify before public deployment
693,"For a learner, What is the YABATECH Attention Please notice about?","YABATECH posted an 'Attention Please' notice on April 22, 2026 warning the public against fraudsters extorting money under false claims such as application forms or portal activation.",latest_news,attention notice,generated_variation,https://www.yabatech.edu.ng/,derived from official site fact; verify before public deployment
694,Did YABATECH warn about fraudsters?,"YABATECH posted an 'Attention Please' notice on April 22, 2026 warning the public against fraudsters extorting money under false claims such as application forms or portal activation.",latest_news,attention notice,official_fact,https://www.yabatech.edu.ng/,current as checked on 2026-05-12
695,Class question: Did YABATECH warn about fraudsters? for admission learners,"YABATECH posted an 'Attention Please' notice on April 22, 2026 warning the public against fraudsters extorting money under false claims such as application forms or portal activation.",latest_news,attention notice,generated_variation,https://www.yabatech.edu.ng/,derived from official site fact; verify before public deployment
696,I want to know: Did YABATECH warn about fraudsters? today,"YABATECH posted an 'Attention Please' notice on April 22, 2026 warning the public against fraudsters extorting money under false claims such as application forms or portal activation.",latest_news,attention notice,generated_variation,https://www.yabatech.edu.ng/,derived from official site fact; verify before public deployment
697,What fraud warning did YABATECH publish?,"YABATECH posted an 'Attention Please' notice on April 22, 2026 warning the public against fraudsters extorting money under false claims such as application forms or portal activation.",latest_news,attention notice,official_fact,https://www.yabatech.edu.ng/,current as checked on 2026-05-12
698,Can you explain: What fraud warning did YABATECH publish? please,"YABATECH posted an 'Attention Please' notice on April 22, 2026 warning the public against fraudsters extorting money under false claims such as application forms or portal activation.",latest_news,attention notice,generated_variation,https://www.yabatech.edu.ng/,derived from official site fact; verify before public deployment
699,Can you explain: What fraud warning did YABATECH publish? briefly,"YABATECH posted an 'Attention Please' notice on April 22, 2026 warning the public against fraudsters extorting money under false claims such as application forms or portal activation.",latest_news,attention notice,generated_variation,https://www.yabatech.edu.ng/,derived from official site fact; verify before public deployment
700,Tell me about the April 22 2026 YABATECH notice,"YABATECH posted an 'Attention Please' notice on April 22, 2026 warning the public against fraudsters extorting money under false claims such as application forms or portal activation.",latest_news,attention notice,official_fact,https://www.yabatech.edu.ng/,current as checked on 2026-05-12
701,I want to know: Tell me about the April 22 2026 YABATECH notice please,"YABATECH posted an 'Attention Please' notice on April 22, 2026 warning the public against fraudsters extorting money under false claims such as application forms or portal activation.",latest_news,attention notice,generated_variation,https://www.yabatech.edu.ng/,derived from official site fact; verify before public deployment
702,Student asked: Tell me about the April 22 2026 YABATECH notice,"YABATECH posted an 'Attention Please' notice on April 22, 2026 warning the public against fraudsters extorting money under false claims such as application forms or portal activation.",latest_news,attention notice,generated_variation,https://www.yabatech.edu.ng/,derived from official site fact; verify before public deployment
703,What is YABATECH warning prospective candidates about?,"YABATECH posted an 'Attention Please' notice on April 22, 2026 warning the public against fraudsters extorting money under false claims such as application forms or portal activation.",latest_news,attention notice,official_fact,https://www.yabatech.edu.ng/,current as checked on 2026-05-12
704,Please answer: What is YABATECH warning prospective candidates about? for admission learners,"YABATECH posted an 'Attention Please' notice on April 22, 2026 warning the public against fraudsters extorting money under false claims such as application forms or portal activation.",latest_news,attention notice,generated_variation,https://www.yabatech.edu.ng/,derived from official site fact; verify before public deployment
705,Student asked: What is YABATECH warning prospective candidates about? please,"YABATECH posted an 'Attention Please' notice on April 22, 2026 warning the public against fraudsters extorting money under false claims such as application forms or portal activation.",latest_news,attention notice,generated_variation,https://www.yabatech.edu.ng/,derived from official site fact; verify before public deployment
706,Is portal activation fraud mentioned by YABATECH?,"YABATECH posted an 'Attention Please' notice on April 22, 2026 warning the public against fraudsters extorting money under false claims such as application forms or portal activation.",latest_news,attention notice,official_fact,https://www.yabatech.edu.ng/,current as checked on 2026-05-12
707,I want to know: Is portal activation fraud mentioned by YABATECH? briefly,"YABATECH posted an 'Attention Please' notice on April 22, 2026 warning the public against fraudsters extorting money under false claims such as application forms or portal activation.",latest_news,attention notice,generated_variation,https://www.yabatech.edu.ng/,derived from official site fact; verify before public deployment
708,Help me answer: Is portal activation fraud mentioned by YABATECH? briefly,"YABATECH posted an 'Attention Please' notice on April 22, 2026 warning the public against fraudsters extorting money under false claims such as application forms or portal activation.",latest_news,attention notice,generated_variation,https://www.yabatech.edu.ng/,derived from official site fact; verify before public deployment
709,What should students know about YABATECH payment fraud?,"YABATECH posted an 'Attention Please' notice on April 22, 2026 warning the public against fraudsters extorting money under false claims such as application forms or portal activation.",latest_news,attention notice,official_fact,https://www.yabatech.edu.ng/,current as checked on 2026-05-12
710,Class question: What should students know about YABATECH payment fraud? in simple terms,"YABATECH posted an 'Attention Please' notice on April 22, 2026 warning the public against fraudsters extorting money under false claims such as application forms or portal activation.",latest_news,attention notice,generated_variation,https://www.yabatech.edu.ng/,derived from official site fact; verify before public deployment
711,Help me answer: What should students know about YABATECH payment fraud? as a chatbot response,"YABATECH posted an 'Attention Please' notice on April 22, 2026 warning the public against fraudsters extorting money under false claims such as application forms or portal activation.",latest_news,attention notice,generated_variation,https://www.yabatech.edu.ng/,derived from official site fact; verify before public deployment
712,What does the attention notice say?,"YABATECH posted an 'Attention Please' notice on April 22, 2026 warning the public against fraudsters extorting money under false claims such as application forms or portal activation.",latest_news,attention notice,official_fact,https://www.yabatech.edu.ng/,current as checked on 2026-05-12
713,Help me answer: What does the attention notice say? as a chatbot response,"YABATECH posted an 'Attention Please' notice on April 22, 2026 warning the public against fraudsters extorting money under false claims such as application forms or portal activation.",latest_news,attention notice,generated_variation,https://www.yabatech.edu.ng/,derived from official site fact; verify before public deployment
714,Class question: What does the attention notice say? for admission learners,"YABATECH posted an 'Attention Please' notice on April 22, 2026 warning the public against fraudsters extorting money under false claims such as application forms or portal activation.",latest_news,attention notice,generated_variation,https://www.yabatech.edu.ng/,derived from official site fact; verify before public deployment
715,YABATECH warning about application form scams,"YABATECH posted an 'Attention Please' notice on April 22, 2026 warning the public against fraudsters extorting money under false claims such as application forms or portal activation.",latest_news,attention notice,official_fact,https://www.yabatech.edu.ng/,current as checked on 2026-05-12
716,Class question: YABATECH warning about application form scams on YABATECH website,"YABATECH posted an 'Attention Please' notice on April 22, 2026 warning the public against fraudsters extorting money under false claims such as application forms or portal activation.",latest_news,attention notice,generated_variation,https://www.yabatech.edu.ng/,derived from official site fact; verify before public deployment
717,"For a learner, YABATECH warning about application form scams please","YABATECH posted an 'Attention Please' notice on April 22, 2026 warning the public against fraudsters extorting money under false claims such as application forms or portal activation.",latest_news,attention notice,generated_variation,https://www.yabatech.edu.ng/,derived from official site fact; verify before public deployment
718,How does YABATECH advise the public about payments?,"YABATECH posted an 'Attention Please' notice on April 22, 2026 warning the public against fraudsters extorting money under false claims such as application forms or portal activation.",latest_news,attention notice,official_fact,https://www.yabatech.edu.ng/,current as checked on 2026-05-12
719,Please answer: How does YABATECH advise the public about payments? as a chatbot response,"YABATECH posted an 'Attention Please' notice on April 22, 2026 warning the public against fraudsters extorting money under false claims such as application forms or portal activation.",latest_news,attention notice,generated_variation,https://www.yabatech.edu.ng/,derived from official site fact; verify before public deployment
720,Student asked: How does YABATECH advise the public about payments? briefly,"YABATECH posted an 'Attention Please' notice on April 22, 2026 warning the public against fraudsters extorting money under false claims such as application forms or portal activation.",latest_news,attention notice,generated_variation,https://www.yabatech.edu.ng/,derived from official site fact; verify before public deployment
721,What is the 2026 YABATECH Students Union election notice?,"YABATECH posted a notice titled 'YABATECH Students' Union Election 2026' on April 15, 2026.",latest_news,students union election 2026,official_fact,https://www.yabatech.edu.ng/yabatechallnews.php,current as checked on 2026-05-12
722,"For a learner, What is the 2026 YABATECH Students Union election notice? today","YABATECH posted a notice titled 'YABATECH Students' Union Election 2026' on April 15, 2026.",latest_news,students union election 2026,generated_variation,https://www.yabatech.edu.ng/yabatechallnews.php,derived from official site fact; verify before public deployment
723,"For a learner, What is the 2026 YABATECH Students Union election notice? for admission learners","YABATECH posted a notice titled 'YABATECH Students' Union Election 2026' on April 15, 2026.",latest_news,students union election 2026,generated_variation,https://www.yabatech.edu.ng/yabatechallnews.php,derived from official site fact; verify before public deployment
724,When was YABATECH Students Union Election 2026 posted?,"YABATECH posted a notice titled 'YABATECH Students' Union Election 2026' on April 15, 2026.",latest_news,students union election 2026,official_fact,https://www.yabatech.edu.ng/yabatechallnews.php,current as checked on 2026-05-12
725,"In simple words, When was YABATECH Students Union Election 2026 posted?","YABATECH posted a notice titled 'YABATECH Students' Union Election 2026' on April 15, 2026.",latest_news,students union election 2026,generated_variation,https://www.yabatech.edu.ng/yabatechallnews.php,derived from official site fact; verify before public deployment
726,Can you explain: When was YABATECH Students Union Election 2026 posted? briefly,"YABATECH posted a notice titled 'YABATECH Students' Union Election 2026' on April 15, 2026.",latest_news,students union election 2026,generated_variation,https://www.yabatech.edu.ng/yabatechallnews.php,derived from official site fact; verify before public deployment
727,Tell me about YABATECH student union election 2026,"YABATECH posted a notice titled 'YABATECH Students' Union Election 2026' on April 15, 2026.",latest_news,students union election 2026,official_fact,https://www.yabatech.edu.ng/yabatechallnews.php,current as checked on 2026-05-12
728,Can you explain: Tell me about YABATECH student union election 2026 for admission learners,"YABATECH posted a notice titled 'YABATECH Students' Union Election 2026' on April 15, 2026.",latest_news,students union election 2026,generated_variation,https://www.yabatech.edu.ng/yabatechallnews.php,derived from official site fact; verify before public deployment
729,Help me answer: Tell me about YABATECH student union election 2026 briefly,"YABATECH posted a notice titled 'YABATECH Students' Union Election 2026' on April 15, 2026.",latest_news,students union election 2026,generated_variation,https://www.yabatech.edu.ng/yabatechallnews.php,derived from official site fact; verify before public deployment
730,What election news was posted on April 15 2026?,"YABATECH posted a notice titled 'YABATECH Students' Union Election 2026' on April 15, 2026.",latest_news,students union election 2026,official_fact,https://www.yabatech.edu.ng/yabatechallnews.php,current as checked on 2026-05-12
731,Help me answer: What election news was posted on April 15 2026? on YABATECH website,"YABATECH posted a notice titled 'YABATECH Students' Union Election 2026' on April 15, 2026.",latest_news,students union election 2026,generated_variation,https://www.yabatech.edu.ng/yabatechallnews.php,derived from official site fact; verify before public deployment
732,Help me answer: What election news was posted on April 15 2026? for admission learners,"YABATECH posted a notice titled 'YABATECH Students' Union Election 2026' on April 15, 2026.",latest_news,students union election 2026,generated_variation,https://www.yabatech.edu.ng/yabatechallnews.php,derived from official site fact; verify before public deployment
733,Is there a YABATECH students union election notice?,"YABATECH posted a notice titled 'YABATECH Students' Union Election 2026' on April 15, 2026.",latest_news,students union election 2026,official_fact,https://www.yabatech.edu.ng/yabatechallnews.php,current as checked on 2026-05-12
734,Quick question: Is there a YABATECH students union election notice? in simple terms,"YABATECH posted a notice titled 'YABATECH Students' Union Election 2026' on April 15, 2026.",latest_news,students union election 2026,generated_variation,https://www.yabatech.edu.ng/yabatechallnews.php,derived from official site fact; verify before public deployment
735,Class question: Is there a YABATECH students union election notice?,"YABATECH posted a notice titled 'YABATECH Students' Union Election 2026' on April 15, 2026.",latest_news,students union election 2026,generated_variation,https://www.yabatech.edu.ng/yabatechallnews.php,derived from official site fact; verify before public deployment
736,YABATECH students union election date notice,"YABATECH posted a notice titled 'YABATECH Students' Union Election 2026' on April 15, 2026.",latest_news,students union election 2026,official_fact,https://www.yabatech.edu.ng/yabatechallnews.php,current as checked on 2026-05-12
737,Can you explain: YABATECH students union election date notice today,"YABATECH posted a notice titled 'YABATECH Students' Union Election 2026' on April 15, 2026.",latest_news,students union election 2026,generated_variation,https://www.yabatech.edu.ng/yabatechallnews.php,derived from official site fact; verify before public deployment
738,"In simple words, YABATECH students union election date notice briefly","YABATECH posted a notice titled 'YABATECH Students' Union Election 2026' on April 15, 2026.",latest_news,students union election 2026,generated_variation,https://www.yabatech.edu.ng/yabatechallnews.php,derived from official site fact; verify before public deployment
739,What did YABATECH post about YASUG election?,"YABATECH posted a notice titled 'YABATECH Students' Union Election 2026' on April 15, 2026.",latest_news,students union election 2026,official_fact,https://www.yabatech.edu.ng/yabatechallnews.php,current as checked on 2026-05-12
740,Can you explain: What did YABATECH post about YASUG election? as a chatbot response,"YABATECH posted a notice titled 'YABATECH Students' Union Election 2026' on April 15, 2026.",latest_news,students union election 2026,generated_variation,https://www.yabatech.edu.ng/yabatechallnews.php,derived from official site fact; verify before public deployment
741,Can you explain: What did YABATECH post about YASUG election? for admission learners,"YABATECH posted a notice titled 'YABATECH Students' Union Election 2026' on April 15, 2026.",latest_news,students union election 2026,generated_variation,https://www.yabatech.edu.ng/yabatechallnews.php,derived from official site fact; verify before public deployment
742,What is the April 15 2026 election update?,"YABATECH posted a notice titled 'YABATECH Students' Union Election 2026' on April 15, 2026.",latest_news,students union election 2026,official_fact,https://www.yabatech.edu.ng/yabatechallnews.php,current as checked on 2026-05-12
743,Quick question: What is the April 15 2026 election update?,"YABATECH posted a notice titled 'YABATECH Students' Union Election 2026' on April 15, 2026.",latest_news,students union election 2026,generated_variation,https://www.yabatech.edu.ng/yabatechallnews.php,derived from official site fact; verify before public deployment
744,"In simple words, What is the April 15 2026 election update?","YABATECH posted a notice titled 'YABATECH Students' Union Election 2026' on April 15, 2026.",latest_news,students union election 2026,generated_variation,https://www.yabatech.edu.ng/yabatechallnews.php,derived from official site fact; verify before public deployment
745,Tell me about the student union election news,"YABATECH posted a notice titled 'YABATECH Students' Union Election 2026' on April 15, 2026.",latest_news,students union election 2026,official_fact,https://www.yabatech.edu.ng/yabatechallnews.php,current as checked on 2026-05-12
746,"For a learner, Tell me about the student union election news?","YABATECH posted a notice titled 'YABATECH Students' Union Election 2026' on April 15, 2026.",latest_news,students union election 2026,generated_variation,https://www.yabatech.edu.ng/yabatechallnews.php,derived from official site fact; verify before public deployment
747,Quick question: Tell me about the student union election news as a chatbot response,"YABATECH posted a notice titled 'YABATECH Students' Union Election 2026' on April 15, 2026.",latest_news,students union election 2026,generated_variation,https://www.yabatech.edu.ng/yabatechallnews.php,derived from official site fact; verify before public deployment
748,Which recent news mentions YABATECH Students' Union Election 2026?,"YABATECH posted a notice titled 'YABATECH Students' Union Election 2026' on April 15, 2026.",latest_news,students union election 2026,official_fact,https://www.yabatech.edu.ng/yabatechallnews.php,current as checked on 2026-05-12
749,"In simple words, Which recent news mentions YABATECH Students' Union Election 2026? please","YABATECH posted a notice titled 'YABATECH Students' Union Election 2026' on April 15, 2026.",latest_news,students union election 2026,generated_variation,https://www.yabatech.edu.ng/yabatechallnews.php,derived from official site fact; verify before public deployment
750,Please answer: Which recent news mentions YABATECH Students' Union Election 2026? for students,"YABATECH posted a notice titled 'YABATECH Students' Union Election 2026' on April 15, 2026.",latest_news,students union election 2026,generated_variation,https://www.yabatech.edu.ng/yabatechallnews.php,derived from official site fact; verify before public deployment
751,What is the NELFUND loan notice from YABATECH?,"YABATECH posted 'Acknowledgement of Receipt of NELFUND Loan' on April 9, 2026.",latest_news,nelfund loan,official_fact,https://www.yabatech.edu.ng/yabatechallnews.php,current as checked on 2026-05-12
752,I want to know: What is the NELFUND loan notice from YABATECH? briefly,"YABATECH posted 'Acknowledgement of Receipt of NELFUND Loan' on April 9, 2026.",latest_news,nelfund loan,generated_variation,https://www.yabatech.edu.ng/yabatechallnews.php,derived from official site fact; verify before public deployment
753,Quick question: What is the NELFUND loan notice from YABATECH? for students,"YABATECH posted 'Acknowledgement of Receipt of NELFUND Loan' on April 9, 2026.",latest_news,nelfund loan,generated_variation,https://www.yabatech.edu.ng/yabatechallnews.php,derived from official site fact; verify before public deployment
754,When did YABATECH post acknowledgement of NELFUND loan?,"YABATECH posted 'Acknowledgement of Receipt of NELFUND Loan' on April 9, 2026.",latest_news,nelfund loan,official_fact,https://www.yabatech.edu.ng/yabatechallnews.php,current as checked on 2026-05-12
755,"In simple words, When did YABATECH post acknowledgement of NELFUND loan?","YABATECH posted 'Acknowledgement of Receipt of NELFUND Loan' on April 9, 2026.",latest_news,nelfund loan,generated_variation,https://www.yabatech.edu.ng/yabatechallnews.php,derived from official site fact; verify before public deployment
756,Student asked: When did YABATECH post acknowledgement of NELFUND loan? today,"YABATECH posted 'Acknowledgement of Receipt of NELFUND Loan' on April 9, 2026.",latest_news,nelfund loan,generated_variation,https://www.yabatech.edu.ng/yabatechallnews.php,derived from official site fact; verify before public deployment
757,Tell me about YABATECH NELFUND update,"YABATECH posted 'Acknowledgement of Receipt of NELFUND Loan' on April 9, 2026.",latest_news,nelfund loan,official_fact,https://www.yabatech.edu.ng/yabatechallnews.php,current as checked on 2026-05-12
758,Help me answer: Tell me about YABATECH NELFUND update?,"YABATECH posted 'Acknowledgement of Receipt of NELFUND Loan' on April 9, 2026.",latest_news,nelfund loan,generated_variation,https://www.yabatech.edu.ng/yabatechallnews.php,derived from official site fact; verify before public deployment
759,Quick question: Tell me about YABATECH NELFUND update,"YABATECH posted 'Acknowledgement of Receipt of NELFUND Loan' on April 9, 2026.",latest_news,nelfund loan,generated_variation,https://www.yabatech.edu.ng/yabatechallnews.php,derived from official site fact; verify before public deployment
760,What news did YABATECH post on April 9 2026?,"YABATECH posted 'Acknowledgement of Receipt of NELFUND Loan' on April 9, 2026.",latest_news,nelfund loan,official_fact,https://www.yabatech.edu.ng/yabatechallnews.php,current as checked on 2026-05-12
761,What news did YABATECH post on April 9 2026? on YABATECH website,"YABATECH posted 'Acknowledgement of Receipt of NELFUND Loan' on April 9, 2026.",latest_news,nelfund loan,generated_variation,https://www.yabatech.edu.ng/yabatechallnews.php,derived from official site fact; verify before public deployment
762,I want to know: What news did YABATECH post on April 9 2026? briefly,"YABATECH posted 'Acknowledgement of Receipt of NELFUND Loan' on April 9, 2026.",latest_news,nelfund loan,generated_variation,https://www.yabatech.edu.ng/yabatechallnews.php,derived from official site fact; verify before public deployment
763,Is there a YABATECH NELFUND loan notice?,"YABATECH posted 'Acknowledgement of Receipt of NELFUND Loan' on April 9, 2026.",latest_news,nelfund loan,official_fact,https://www.yabatech.edu.ng/yabatechallnews.php,current as checked on 2026-05-12
764,Quick question: Is there a YABATECH NELFUND loan notice? please,"YABATECH posted 'Acknowledgement of Receipt of NELFUND Loan' on April 9, 2026.",latest_news,nelfund loan,generated_variation,https://www.yabatech.edu.ng/yabatechallnews.php,derived from official site fact; verify before public deployment
765,"For a learner, Is there a YABATECH NELFUND loan notice? on YABATECH website","YABATECH posted 'Acknowledgement of Receipt of NELFUND Loan' on April 9, 2026.",latest_news,nelfund loan,generated_variation,https://www.yabatech.edu.ng/yabatechallnews.php,derived from official site fact; verify before public deployment
766,YABATECH NELFUND loan acknowledgement,"YABATECH posted 'Acknowledgement of Receipt of NELFUND Loan' on April 9, 2026.",latest_news,nelfund loan,official_fact,https://www.yabatech.edu.ng/yabatechallnews.php,current as checked on 2026-05-12
767,YABATECH NELFUND loan acknowledgement today,"YABATECH posted 'Acknowledgement of Receipt of NELFUND Loan' on April 9, 2026.",latest_news,nelfund loan,generated_variation,https://www.yabatech.edu.ng/yabatechallnews.php,derived from official site fact; verify before public deployment
768,Please answer: YABATECH NELFUND loan acknowledgement as a chatbot response,"YABATECH posted 'Acknowledgement of Receipt of NELFUND Loan' on April 9, 2026.",latest_news,nelfund loan,generated_variation,https://www.yabatech.edu.ng/yabatechallnews.php,derived from official site fact; verify before public deployment
769,What is the April 2026 NELFUND news?,"YABATECH posted 'Acknowledgement of Receipt of NELFUND Loan' on April 9, 2026.",latest_news,nelfund loan,official_fact,https://www.yabatech.edu.ng/yabatechallnews.php,current as checked on 2026-05-12
770,Quick question: What is the April 2026 NELFUND news?,"YABATECH posted 'Acknowledgement of Receipt of NELFUND Loan' on April 9, 2026.",latest_news,nelfund loan,generated_variation,https://www.yabatech.edu.ng/yabatechallnews.php,derived from official site fact; verify before public deployment
771,"In simple words, What is the April 2026 NELFUND news? please","YABATECH posted 'Acknowledgement of Receipt of NELFUND Loan' on April 9, 2026.",latest_news,nelfund loan,generated_variation,https://www.yabatech.edu.ng/yabatechallnews.php,derived from official site fact; verify before public deployment
772,Does YABATECH have a NELFUND update?,"YABATECH posted 'Acknowledgement of Receipt of NELFUND Loan' on April 9, 2026.",latest_news,nelfund loan,official_fact,https://www.yabatech.edu.ng/yabatechallnews.php,current as checked on 2026-05-12
773,Help me answer: Does YABATECH have a NELFUND update?,"YABATECH posted 'Acknowledgement of Receipt of NELFUND Loan' on April 9, 2026.",latest_news,nelfund loan,generated_variation,https://www.yabatech.edu.ng/yabatechallnews.php,derived from official site fact; verify before public deployment
774,Quick question: Does YABATECH have a NELFUND update? on YABATECH website,"YABATECH posted 'Acknowledgement of Receipt of NELFUND Loan' on April 9, 2026.",latest_news,nelfund loan,generated_variation,https://www.yabatech.edu.ng/yabatechallnews.php,derived from official site fact; verify before public deployment
775,What does YABATECH say about NELFUND loan?,"YABATECH posted 'Acknowledgement of Receipt of NELFUND Loan' on April 9, 2026.",latest_news,nelfund loan,official_fact,https://www.yabatech.edu.ng/yabatechallnews.php,current as checked on 2026-05-12
776,Can you explain: What does YABATECH say about NELFUND loan? for students,"YABATECH posted 'Acknowledgement of Receipt of NELFUND Loan' on April 9, 2026.",latest_news,nelfund loan,generated_variation,https://www.yabatech.edu.ng/yabatechallnews.php,derived from official site fact; verify before public deployment
777,Student asked: What does YABATECH say about NELFUND loan? briefly,"YABATECH posted 'Acknowledgement of Receipt of NELFUND Loan' on April 9, 2026.",latest_news,nelfund loan,generated_variation,https://www.yabatech.edu.ng/yabatechallnews.php,derived from official site fact; verify before public deployment
778,Give me the YABATECH loan acknowledgement news,"YABATECH posted 'Acknowledgement of Receipt of NELFUND Loan' on April 9, 2026.",latest_news,nelfund loan,official_fact,https://www.yabatech.edu.ng/yabatechallnews.php,current as checked on 2026-05-12
779,Student asked: Give me the YABATECH loan acknowledgement news today,"YABATECH posted 'Acknowledgement of Receipt of NELFUND Loan' on April 9, 2026.",latest_news,nelfund loan,generated_variation,https://www.yabatech.edu.ng/yabatechallnews.php,derived from official site fact; verify before public deployment
780,I want to know: Give me the YABATECH loan acknowledgement news on YABATECH website,"YABATECH posted 'Acknowledgement of Receipt of NELFUND Loan' on April 9, 2026.",latest_news,nelfund loan,generated_variation,https://www.yabatech.edu.ng/yabatechallnews.php,derived from official site fact; verify before public deployment
781,What is the latest HND applicants notice from YABATECH?,"YABATECH posted an important notice to HND full-time applicants on February 17, 2026, and also had notices about 2025/2026 HND applicants in December 2025.",latest_news,hnd applicants,official_fact,https://www.yabatech.edu.ng/yabatechallnews.php,current as checked on 2026-05-12
782,"For a learner, What is the latest HND applicants notice from YABATECH? today","YABATECH posted an important notice to HND full-time applicants on February 17, 2026, and also had notices about 2025/2026 HND applicants in December 2025.",latest_news,hnd applicants,generated_variation,https://www.yabatech.edu.ng/yabatechallnews.php,derived from official site fact; verify before public deployment
783,I want to know: What is the latest HND applicants notice from YABATECH?,"YABATECH posted an important notice to HND full-time applicants on February 17, 2026, and also had notices about 2025/2026 HND applicants in December 2025.",latest_news,hnd applicants,generated_variation,https://www.yabatech.edu.ng/yabatechallnews.php,derived from official site fact; verify before public deployment
784,When did YABATECH post notice to HND full-time applicants?,"YABATECH posted an important notice to HND full-time applicants on February 17, 2026, and also had notices about 2025/2026 HND applicants in December 2025.",latest_news,hnd applicants,official_fact,https://www.yabatech.edu.ng/yabatechallnews.php,current as checked on 2026-05-12
785,Can you explain: When did YABATECH post notice to HND full-time applicants?,"YABATECH posted an important notice to HND full-time applicants on February 17, 2026, and also had notices about 2025/2026 HND applicants in December 2025.",latest_news,hnd applicants,generated_variation,https://www.yabatech.edu.ng/yabatechallnews.php,derived from official site fact; verify before public deployment
786,"For a learner, When did YABATECH post notice to HND full-time applicants? please","YABATECH posted an important notice to HND full-time applicants on February 17, 2026, and also had notices about 2025/2026 HND applicants in December 2025.",latest_news,hnd applicants,generated_variation,https://www.yabatech.edu.ng/yabatechallnews.php,derived from official site fact; verify before public deployment
787,Tell me about YABATECH HND full-time applicants notice,"YABATECH posted an important notice to HND full-time applicants on February 17, 2026, and also had notices about 2025/2026 HND applicants in December 2025.",latest_news,hnd applicants,official_fact,https://www.yabatech.edu.ng/yabatechallnews.php,current as checked on 2026-05-12
788,Please answer: Tell me about YABATECH HND full-time applicants notice today,"YABATECH posted an important notice to HND full-time applicants on February 17, 2026, and also had notices about 2025/2026 HND applicants in December 2025.",latest_news,hnd applicants,generated_variation,https://www.yabatech.edu.ng/yabatechallnews.php,derived from official site fact; verify before public deployment
789,Help me answer: Tell me about YABATECH HND full-time applicants notice today,"YABATECH posted an important notice to HND full-time applicants on February 17, 2026, and also had notices about 2025/2026 HND applicants in December 2025.",latest_news,hnd applicants,generated_variation,https://www.yabatech.edu.ng/yabatechallnews.php,derived from official site fact; verify before public deployment
790,What HND notice was posted in February 2026?,"YABATECH posted an important notice to HND full-time applicants on February 17, 2026, and also had notices about 2025/2026 HND applicants in December 2025.",latest_news,hnd applicants,official_fact,https://www.yabatech.edu.ng/yabatechallnews.php,current as checked on 2026-05-12
791,Can you explain: What HND notice was posted in February 2026? as a chatbot response,"YABATECH posted an important notice to HND full-time applicants on February 17, 2026, and also had notices about 2025/2026 HND applicants in December 2025.",latest_news,hnd applicants,generated_variation,https://www.yabatech.edu.ng/yabatechallnews.php,derived from official site fact; verify before public deployment
792,Class question: What HND notice was posted in February 2026? for admission learners,"YABATECH posted an important notice to HND full-time applicants on February 17, 2026, and also had notices about 2025/2026 HND applicants in December 2025.",latest_news,hnd applicants,generated_variation,https://www.yabatech.edu.ng/yabatechallnews.php,derived from official site fact; verify before public deployment
793,Does YABATECH have a HND applicants update?,"YABATECH posted an important notice to HND full-time applicants on February 17, 2026, and also had notices about 2025/2026 HND applicants in December 2025.",latest_news,hnd applicants,official_fact,https://www.yabatech.edu.ng/yabatechallnews.php,current as checked on 2026-05-12
794,Help me answer: Does YABATECH have a HND applicants update? for admission learners,"YABATECH posted an important notice to HND full-time applicants on February 17, 2026, and also had notices about 2025/2026 HND applicants in December 2025.",latest_news,hnd applicants,generated_variation,https://www.yabatech.edu.ng/yabatechallnews.php,derived from official site fact; verify before public deployment
795,"For a learner, Does YABATECH have a HND applicants update? for admission learners","YABATECH posted an important notice to HND full-time applicants on February 17, 2026, and also had notices about 2025/2026 HND applicants in December 2025.",latest_news,hnd applicants,generated_variation,https://www.yabatech.edu.ng/yabatechallnews.php,derived from official site fact; verify before public deployment
796,YABATECH HND 2025 2026 application notice,"YABATECH posted an important notice to HND full-time applicants on February 17, 2026, and also had notices about 2025/2026 HND applicants in December 2025.",latest_news,hnd applicants,official_fact,https://www.yabatech.edu.ng/yabatechallnews.php,current as checked on 2026-05-12
797,Class question: YABATECH HND 2025 2026 application notice on YABATECH website,"YABATECH posted an important notice to HND full-time applicants on February 17, 2026, and also had notices about 2025/2026 HND applicants in December 2025.",latest_news,hnd applicants,generated_variation,https://www.yabatech.edu.ng/yabatechallnews.php,derived from official site fact; verify before public deployment
798,"In simple words, YABATECH HND 2025 2026 application notice today","YABATECH posted an important notice to HND full-time applicants on February 17, 2026, and also had notices about 2025/2026 HND applicants in December 2025.",latest_news,hnd applicants,generated_variation,https://www.yabatech.edu.ng/yabatechallnews.php,derived from official site fact; verify before public deployment
799,What should HND applicants check on YABATECH site?,"YABATECH posted an important notice to HND full-time applicants on February 17, 2026, and also had notices about 2025/2026 HND applicants in December 2025.",latest_news,hnd applicants,official_fact,https://www.yabatech.edu.ng/yabatechallnews.php,current as checked on 2026-05-12
800,"In simple words, What should HND applicants check on YABATECH site? for admission learners","YABATECH posted an important notice to HND full-time applicants on February 17, 2026, and also had notices about 2025/2026 HND applicants in December 2025.",latest_news,hnd applicants,generated_variation,https://www.yabatech.edu.ng/yabatechallnews.php,derived from official site fact; verify before public deployment
801,"For a learner, What should HND applicants check on YABATECH site? for students","YABATECH posted an important notice to HND full-time applicants on February 17, 2026, and also had notices about 2025/2026 HND applicants in December 2025.",latest_news,hnd applicants,generated_variation,https://www.yabatech.edu.ng/yabatechallnews.php,derived from official site fact; verify before public deployment
802,What is the HND full-time applicants announcement?,"YABATECH posted an important notice to HND full-time applicants on February 17, 2026, and also had notices about 2025/2026 HND applicants in December 2025.",latest_news,hnd applicants,official_fact,https://www.yabatech.edu.ng/yabatechallnews.php,current as checked on 2026-05-12
803,Quick question: What is the HND full-time applicants announcement? for students,"YABATECH posted an important notice to HND full-time applicants on February 17, 2026, and also had notices about 2025/2026 HND applicants in December 2025.",latest_news,hnd applicants,generated_variation,https://www.yabatech.edu.ng/yabatechallnews.php,derived from official site fact; verify before public deployment
804,Help me answer: What is the HND full-time applicants announcement?,"YABATECH posted an important notice to HND full-time applicants on February 17, 2026, and also had notices about 2025/2026 HND applicants in December 2025.",latest_news,hnd applicants,generated_variation,https://www.yabatech.edu.ng/yabatechallnews.php,derived from official site fact; verify before public deployment
805,Which YABATECH news mentions HND applicants?,"YABATECH posted an important notice to HND full-time applicants on February 17, 2026, and also had notices about 2025/2026 HND applicants in December 2025.",latest_news,hnd applicants,official_fact,https://www.yabatech.edu.ng/yabatechallnews.php,current as checked on 2026-05-12
806,Which YABATECH news mentions HND applicants? in simple terms,"YABATECH posted an important notice to HND full-time applicants on February 17, 2026, and also had notices about 2025/2026 HND applicants in December 2025.",latest_news,hnd applicants,generated_variation,https://www.yabatech.edu.ng/yabatechallnews.php,derived from official site fact; verify before public deployment
807,Help me answer: Which YABATECH news mentions HND applicants? as a chatbot response,"YABATECH posted an important notice to HND full-time applicants on February 17, 2026, and also had notices about 2025/2026 HND applicants in December 2025.",latest_news,hnd applicants,generated_variation,https://www.yabatech.edu.ng/yabatechallnews.php,derived from official site fact; verify before public deployment
808,Tell me about YABATECH HND admissions news,"YABATECH posted an important notice to HND full-time applicants on February 17, 2026, and also had notices about 2025/2026 HND applicants in December 2025.",latest_news,hnd applicants,official_fact,https://www.yabatech.edu.ng/yabatechallnews.php,current as checked on 2026-05-12
809,Tell me about YABATECH HND admissions news today,"YABATECH posted an important notice to HND full-time applicants on February 17, 2026, and also had notices about 2025/2026 HND applicants in December 2025.",latest_news,hnd applicants,generated_variation,https://www.yabatech.edu.ng/yabatechallnews.php,derived from official site fact; verify before public deployment
810,Quick question: Tell me about YABATECH HND admissions news as a chatbot response,"YABATECH posted an important notice to HND full-time applicants on February 17, 2026, and also had notices about 2025/2026 HND applicants in December 2025.",latest_news,hnd applicants,generated_variation,https://www.yabatech.edu.ng/yabatechallnews.php,derived from official site fact; verify before public deployment
811,When is ND1 part-time screening for 2025/2026?,"YABATECH announced 2025/2026 screening and registration for newly admitted ND1 part-time candidates, with online screening January 5–12, 2026 and physical screening January 13–20, 2026.",latest_news,nd1 part time screening,official_fact,https://www.yabatech.edu.ng/,current as checked on 2026-05-12
812,I want to know: When is ND1 part-time screening for 2025/2026? please,"YABATECH announced 2025/2026 screening and registration for newly admitted ND1 part-time candidates, with online screening January 5–12, 2026 and physical screening January 13–20, 2026.",latest_news,nd1 part time screening,generated_variation,https://www.yabatech.edu.ng/,derived from official site fact; verify before public deployment
813,Help me answer: When is ND1 part-time screening for 2025/2026? briefly,"YABATECH announced 2025/2026 screening and registration for newly admitted ND1 part-time candidates, with online screening January 5–12, 2026 and physical screening January 13–20, 2026.",latest_news,nd1 part time screening,generated_variation,https://www.yabatech.edu.ng/,derived from official site fact; verify before public deployment
814,Tell me YABATECH ND1 part time screening dates,"YABATECH announced 2025/2026 screening and registration for newly admitted ND1 part-time candidates, with online screening January 5–12, 2026 and physical screening January 13–20, 2026.",latest_news,nd1 part time screening,official_fact,https://www.yabatech.edu.ng/,current as checked on 2026-05-12
815,Class question: Tell me YABATECH ND1 part time screening dates in simple terms,"YABATECH announced 2025/2026 screening and registration for newly admitted ND1 part-time candidates, with online screening January 5–12, 2026 and physical screening January 13–20, 2026.",latest_news,nd1 part time screening,generated_variation,https://www.yabatech.edu.ng/,derived from official site fact; verify before public deployment
816,Class question: Tell me YABATECH ND1 part time screening dates please,"YABATECH announced 2025/2026 screening and registration for newly admitted ND1 part-time candidates, with online screening January 5–12, 2026 and physical screening January 13–20, 2026.",latest_news,nd1 part time screening,generated_variation,https://www.yabatech.edu.ng/,derived from official site fact; verify before public deployment
817,What are the online screening dates for ND1 part-time candidates?,"YABATECH announced 2025/2026 screening and registration for newly admitted ND1 part-time candidates, with online screening January 5–12, 2026 and physical screening January 13–20, 2026.",latest_news,nd1 part time screening,official_fact,https://www.yabatech.edu.ng/,current as checked on 2026-05-12
818,Class question: What are the online screening dates for ND1 part-time candidates? as a chatbot response,"YABATECH announced 2025/2026 screening and registration for newly admitted ND1 part-time candidates, with online screening January 5–12, 2026 and physical screening January 13–20, 2026.",latest_news,nd1 part time screening,generated_variation,https://www.yabatech.edu.ng/,derived from official site fact; verify before public deployment
819,Quick question: What are the online screening dates for ND1 part-time candidates? on YABATECH website,"YABATECH announced 2025/2026 screening and registration for newly admitted ND1 part-time candidates, with online screening January 5–12, 2026 and physical screening January 13–20, 2026.",latest_news,nd1 part time screening,generated_variation,https://www.yabatech.edu.ng/,derived from official site fact; verify before public deployment
820,When is physical screening for newly admitted ND1 part time candidates?,"YABATECH announced 2025/2026 screening and registration for newly admitted ND1 part-time candidates, with online screening January 5–12, 2026 and physical screening January 13–20, 2026.",latest_news,nd1 part time screening,official_fact,https://www.yabatech.edu.ng/,current as checked on 2026-05-12
821,Student asked: When is physical screening for newly admitted ND1 part time candidates? as a chatbot response,"YABATECH announced 2025/2026 screening and registration for newly admitted ND1 part-time candidates, with online screening January 5–12, 2026 and physical screening January 13–20, 2026.",latest_news,nd1 part time screening,generated_variation,https://www.yabatech.edu.ng/,derived from official site fact; verify before public deployment
822,When is physical screening for newly admitted ND1 part time candidates? today,"YABATECH announced 2025/2026 screening and registration for newly admitted ND1 part-time candidates, with online screening January 5–12, 2026 and physical screening January 13–20, 2026.",latest_news,nd1 part time screening,generated_variation,https://www.yabatech.edu.ng/,derived from official site fact; verify before public deployment
823,YABATECH 2025/2026 ND1 part-time registration schedule,"YABATECH announced 2025/2026 screening and registration for newly admitted ND1 part-time candidates, with online screening January 5–12, 2026 and physical screening January 13–20, 2026.",latest_news,nd1 part time screening,official_fact,https://www.yabatech.edu.ng/,current as checked on 2026-05-12
824,YABATECH 2025/2026 ND1 part-time registration schedule on YABATECH website,"YABATECH announced 2025/2026 screening and registration for newly admitted ND1 part-time candidates, with online screening January 5–12, 2026 and physical screening January 13–20, 2026.",latest_news,nd1 part time screening,generated_variation,https://www.yabatech.edu.ng/,derived from official site fact; verify before public deployment
825,Can you explain: YABATECH 2025/2026 ND1 part-time registration schedule for admission learners,"YABATECH announced 2025/2026 screening and registration for newly admitted ND1 part-time candidates, with online screening January 5–12, 2026 and physical screening January 13–20, 2026.",latest_news,nd1 part time screening,generated_variation,https://www.yabatech.edu.ng/,derived from official site fact; verify before public deployment
826,What did YABATECH say about ND1 part time candidates?,"YABATECH announced 2025/2026 screening and registration for newly admitted ND1 part-time candidates, with online screening January 5–12, 2026 and physical screening January 13–20, 2026.",latest_news,nd1 part time screening,official_fact,https://www.yabatech.edu.ng/,current as checked on 2026-05-12
827,Class question: What did YABATECH say about ND1 part time candidates? for students,"YABATECH announced 2025/2026 screening and registration for newly admitted ND1 part-time candidates, with online screening January 5–12, 2026 and physical screening January 13–20, 2026.",latest_news,nd1 part time screening,generated_variation,https://www.yabatech.edu.ng/,derived from official site fact; verify before public deployment
828,I want to know: What did YABATECH say about ND1 part time candidates?,"YABATECH announced 2025/2026 screening and registration for newly admitted ND1 part-time candidates, with online screening January 5–12, 2026 and physical screening January 13–20, 2026.",latest_news,nd1 part time screening,generated_variation,https://www.yabatech.edu.ng/,derived from official site fact; verify before public deployment
829,When does registration begin for ND1 part time candidates?,"YABATECH announced 2025/2026 screening and registration for newly admitted ND1 part-time candidates, with online screening January 5–12, 2026 and physical screening January 13–20, 2026.",latest_news,nd1 part time screening,official_fact,https://www.yabatech.edu.ng/,current as checked on 2026-05-12
830,Class question: When does registration begin for ND1 part time candidates? in simple terms,"YABATECH announced 2025/2026 screening and registration for newly admitted ND1 part-time candidates, with online screening January 5–12, 2026 and physical screening January 13–20, 2026.",latest_news,nd1 part time screening,generated_variation,https://www.yabatech.edu.ng/,derived from official site fact; verify before public deployment
831,Can you explain: When does registration begin for ND1 part time candidates?,"YABATECH announced 2025/2026 screening and registration for newly admitted ND1 part-time candidates, with online screening January 5–12, 2026 and physical screening January 13–20, 2026.",latest_news,nd1 part time screening,generated_variation,https://www.yabatech.edu.ng/,derived from official site fact; verify before public deployment
832,What are the screening dates in January 2026?,"YABATECH announced 2025/2026 screening and registration for newly admitted ND1 part-time candidates, with online screening January 5–12, 2026 and physical screening January 13–20, 2026.",latest_news,nd1 part time screening,official_fact,https://www.yabatech.edu.ng/,current as checked on 2026-05-12
833,"In simple words, What are the screening dates in January 2026?","YABATECH announced 2025/2026 screening and registration for newly admitted ND1 part-time candidates, with online screening January 5–12, 2026 and physical screening January 13–20, 2026.",latest_news,nd1 part time screening,generated_variation,https://www.yabatech.edu.ng/,derived from official site fact; verify before public deployment
834,I want to know: What are the screening dates in January 2026? today,"YABATECH announced 2025/2026 screening and registration for newly admitted ND1 part-time candidates, with online screening January 5–12, 2026 and physical screening January 13–20, 2026.",latest_news,nd1 part time screening,generated_variation,https://www.yabatech.edu.ng/,derived from official site fact; verify before public deployment
835,YABATECH ND1 part-time screening information,"YABATECH announced 2025/2026 screening and registration for newly admitted ND1 part-time candidates, with online screening January 5–12, 2026 and physical screening January 13–20, 2026.",latest_news,nd1 part time screening,official_fact,https://www.yabatech.edu.ng/,current as checked on 2026-05-12
836,YABATECH ND1 part-time screening information on YABATECH website,"YABATECH announced 2025/2026 screening and registration for newly admitted ND1 part-time candidates, with online screening January 5–12, 2026 and physical screening January 13–20, 2026.",latest_news,nd1 part time screening,generated_variation,https://www.yabatech.edu.ng/,derived from official site fact; verify before public deployment
837,I want to know: YABATECH ND1 part-time screening information for admission learners,"YABATECH announced 2025/2026 screening and registration for newly admitted ND1 part-time candidates, with online screening January 5–12, 2026 and physical screening January 13–20, 2026.",latest_news,nd1 part time screening,generated_variation,https://www.yabatech.edu.ng/,derived from official site fact; verify before public deployment
838,What is the 2025/2026 ND1 part-time screening notice?,"YABATECH announced 2025/2026 screening and registration for newly admitted ND1 part-time candidates, with online screening January 5–12, 2026 and physical screening January 13–20, 2026.",latest_news,nd1 part time screening,official_fact,https://www.yabatech.edu.ng/,current as checked on 2026-05-12
839,Quick question: What is the 2025/2026 ND1 part-time screening notice? please,"YABATECH announced 2025/2026 screening and registration for newly admitted ND1 part-time candidates, with online screening January 5–12, 2026 and physical screening January 13–20, 2026.",latest_news,nd1 part time screening,generated_variation,https://www.yabatech.edu.ng/,derived from official site fact; verify before public deployment
840,Can you explain: What is the 2025/2026 ND1 part-time screening notice? on YABATECH website,"YABATECH announced 2025/2026 screening and registration for newly admitted ND1 part-time candidates, with online screening January 5–12, 2026 and physical screening January 13–20, 2026.",latest_news,nd1 part time screening,generated_variation,https://www.yabatech.edu.ng/,derived from official site fact; verify before public deployment
841,Is YABATECH change of course form available?,YABATECH announced that the 2025/2026 change of course form is available for candidates who applied for full-time ND and are yet to be offered admission.,latest_news,change of course,official_fact,https://www.yabatech.edu.ng/,current as checked on 2026-05-12
842,Is YABATECH change of course form available? for admission learners,YABATECH announced that the 2025/2026 change of course form is available for candidates who applied for full-time ND and are yet to be offered admission.,latest_news,change of course,generated_variation,https://www.yabatech.edu.ng/,derived from official site fact; verify before public deployment
843,I want to know: Is YABATECH change of course form available? please,YABATECH announced that the 2025/2026 change of course form is available for candidates who applied for full-time ND and are yet to be offered admission.,latest_news,change of course,generated_variation,https://www.yabatech.edu.ng/,derived from official site fact; verify before public deployment
844,Who can use YABATECH change of course form?,YABATECH announced that the 2025/2026 change of course form is available for candidates who applied for full-time ND and are yet to be offered admission.,latest_news,change of course,official_fact,https://www.yabatech.edu.ng/,current as checked on 2026-05-12
845,I want to know: Who can use YABATECH change of course form? in simple terms,YABATECH announced that the 2025/2026 change of course form is available for candidates who applied for full-time ND and are yet to be offered admission.,latest_news,change of course,generated_variation,https://www.yabatech.edu.ng/,derived from official site fact; verify before public deployment
846,Who can use YABATECH change of course form? today,YABATECH announced that the 2025/2026 change of course form is available for candidates who applied for full-time ND and are yet to be offered admission.,latest_news,change of course,generated_variation,https://www.yabatech.edu.ng/,derived from official site fact; verify before public deployment
847,Tell me about YABATECH 2025/2026 change of course,YABATECH announced that the 2025/2026 change of course form is available for candidates who applied for full-time ND and are yet to be offered admission.,latest_news,change of course,official_fact,https://www.yabatech.edu.ng/,current as checked on 2026-05-12
848,Can you explain: Tell me about YABATECH 2025/2026 change of course briefly,YABATECH announced that the 2025/2026 change of course form is available for candidates who applied for full-time ND and are yet to be offered admission.,latest_news,change of course,generated_variation,https://www.yabatech.edu.ng/,derived from official site fact; verify before public deployment
849,Please answer: Tell me about YABATECH 2025/2026 change of course?,YABATECH announced that the 2025/2026 change of course form is available for candidates who applied for full-time ND and are yet to be offered admission.,latest_news,change of course,generated_variation,https://www.yabatech.edu.ng/,derived from official site fact; verify before public deployment
850,What is the change of course notice about?,YABATECH announced that the 2025/2026 change of course form is available for candidates who applied for full-time ND and are yet to be offered admission.,latest_news,change of course,official_fact,https://www.yabatech.edu.ng/,current as checked on 2026-05-12
851,Can you explain: What is the change of course notice about?,YABATECH announced that the 2025/2026 change of course form is available for candidates who applied for full-time ND and are yet to be offered admission.,latest_news,change of course,generated_variation,https://www.yabatech.edu.ng/,derived from official site fact; verify before public deployment
852,Can you explain: What is the change of course notice about? today,YABATECH announced that the 2025/2026 change of course form is available for candidates who applied for full-time ND and are yet to be offered admission.,latest_news,change of course,generated_variation,https://www.yabatech.edu.ng/,derived from official site fact; verify before public deployment
853,YABATECH change of course for ND candidates,YABATECH announced that the 2025/2026 change of course form is available for candidates who applied for full-time ND and are yet to be offered admission.,latest_news,change of course,official_fact,https://www.yabatech.edu.ng/,current as checked on 2026-05-12
854,Quick question: YABATECH change of course for ND candidates briefly,YABATECH announced that the 2025/2026 change of course form is available for candidates who applied for full-time ND and are yet to be offered admission.,latest_news,change of course,generated_variation,https://www.yabatech.edu.ng/,derived from official site fact; verify before public deployment
855,Can you explain: YABATECH change of course for ND candidates as a chatbot response,YABATECH announced that the 2025/2026 change of course form is available for candidates who applied for full-time ND and are yet to be offered admission.,latest_news,change of course,generated_variation,https://www.yabatech.edu.ng/,derived from official site fact; verify before public deployment
856,Can full-time ND applicants change course?,YABATECH announced that the 2025/2026 change of course form is available for candidates who applied for full-time ND and are yet to be offered admission.,latest_news,change of course,official_fact,https://www.yabatech.edu.ng/,current as checked on 2026-05-12
857,Quick question: Can full-time ND applicants change course? on YABATECH website,YABATECH announced that the 2025/2026 change of course form is available for candidates who applied for full-time ND and are yet to be offered admission.,latest_news,change of course,generated_variation,https://www.yabatech.edu.ng/,derived from official site fact; verify before public deployment
858,Student asked: Can full-time ND applicants change course?,YABATECH announced that the 2025/2026 change of course form is available for candidates who applied for full-time ND and are yet to be offered admission.,latest_news,change of course,generated_variation,https://www.yabatech.edu.ng/,derived from official site fact; verify before public deployment
859,What did YABATECH say about change of course?,YABATECH announced that the 2025/2026 change of course form is available for candidates who applied for full-time ND and are yet to be offered admission.,latest_news,change of course,official_fact,https://www.yabatech.edu.ng/,current as checked on 2026-05-12
860,Student asked: What did YABATECH say about change of course? as a chatbot response,YABATECH announced that the 2025/2026 change of course form is available for candidates who applied for full-time ND and are yet to be offered admission.,latest_news,change of course,generated_variation,https://www.yabatech.edu.ng/,derived from official site fact; verify before public deployment
861,Help me answer: What did YABATECH say about change of course? please,YABATECH announced that the 2025/2026 change of course form is available for candidates who applied for full-time ND and are yet to be offered admission.,latest_news,change of course,generated_variation,https://www.yabatech.edu.ng/,derived from official site fact; verify before public deployment
862,Is there a 2025/2026 change of course announcement?,YABATECH announced that the 2025/2026 change of course form is available for candidates who applied for full-time ND and are yet to be offered admission.,latest_news,change of course,official_fact,https://www.yabatech.edu.ng/,current as checked on 2026-05-12
863,Is there a 2025/2026 change of course announcement? for admission learners,YABATECH announced that the 2025/2026 change of course form is available for candidates who applied for full-time ND and are yet to be offered admission.,latest_news,change of course,generated_variation,https://www.yabatech.edu.ng/,derived from official site fact; verify before public deployment
864,Is there a 2025/2026 change of course announcement? in simple terms,YABATECH announced that the 2025/2026 change of course form is available for candidates who applied for full-time ND and are yet to be offered admission.,latest_news,change of course,generated_variation,https://www.yabatech.edu.ng/,derived from official site fact; verify before public deployment
865,What candidates are eligible for change of course?,YABATECH announced that the 2025/2026 change of course form is available for candidates who applied for full-time ND and are yet to be offered admission.,latest_news,change of course,official_fact,https://www.yabatech.edu.ng/,current as checked on 2026-05-12
866,Student asked: What candidates are eligible for change of course? on YABATECH website,YABATECH announced that the 2025/2026 change of course form is available for candidates who applied for full-time ND and are yet to be offered admission.,latest_news,change of course,generated_variation,https://www.yabatech.edu.ng/,derived from official site fact; verify before public deployment
867,What candidates are eligible for change of course? on YABATECH website,YABATECH announced that the 2025/2026 change of course form is available for candidates who applied for full-time ND and are yet to be offered admission.,latest_news,change of course,generated_variation,https://www.yabatech.edu.ng/,derived from official site fact; verify before public deployment
868,Give me YABATECH change of course update,YABATECH announced that the 2025/2026 change of course form is available for candidates who applied for full-time ND and are yet to be offered admission.,latest_news,change of course,official_fact,https://www.yabatech.edu.ng/,current as checked on 2026-05-12
869,"For a learner, Give me YABATECH change of course update briefly",YABATECH announced that the 2025/2026 change of course form is available for candidates who applied for full-time ND and are yet to be offered admission.,latest_news,change of course,generated_variation,https://www.yabatech.edu.ng/,derived from official site fact; verify before public deployment
870,Student asked: Give me YABATECH change of course update for admission learners,YABATECH announced that the 2025/2026 change of course form is available for candidates who applied for full-time ND and are yet to be offered admission.,latest_news,change of course,generated_variation,https://www.yabatech.edu.ng/,derived from official site fact; verify before public deployment
871,What tourism award did YABATECH win?,YABATECH was reported as Best Tourism Tertiary Institution in Southwest Nigeria at the 2025 Southwest International Tourism Expo.,latest_news,tourism award,official_fact,https://www.yabatech.edu.ng/,current as checked on 2026-05-12
872,Quick question: What tourism award did YABATECH win? briefly,YABATECH was reported as Best Tourism Tertiary Institution in Southwest Nigeria at the 2025 Southwest International Tourism Expo.,latest_news,tourism award,generated_variation,https://www.yabatech.edu.ng/,derived from official site fact; verify before public deployment
873,"For a learner, What tourism award did YABATECH win? on YABATECH website",YABATECH was reported as Best Tourism Tertiary Institution in Southwest Nigeria at the 2025 Southwest International Tourism Expo.,latest_news,tourism award,generated_variation,https://www.yabatech.edu.ng/,derived from official site fact; verify before public deployment
874,Did YABATECH win Best Tourism Tertiary Institution?,YABATECH was reported as Best Tourism Tertiary Institution in Southwest Nigeria at the 2025 Southwest International Tourism Expo.,latest_news,tourism award,official_fact,https://www.yabatech.edu.ng/,current as checked on 2026-05-12
875,Please answer: Did YABATECH win Best Tourism Tertiary Institution? today,YABATECH was reported as Best Tourism Tertiary Institution in Southwest Nigeria at the 2025 Southwest International Tourism Expo.,latest_news,tourism award,generated_variation,https://www.yabatech.edu.ng/,derived from official site fact; verify before public deployment
876,"For a learner, Did YABATECH win Best Tourism Tertiary Institution? in simple terms",YABATECH was reported as Best Tourism Tertiary Institution in Southwest Nigeria at the 2025 Southwest International Tourism Expo.,latest_news,tourism award,generated_variation,https://www.yabatech.edu.ng/,derived from official site fact; verify before public deployment
877,Tell me about YABATECH tourism award,YABATECH was reported as Best Tourism Tertiary Institution in Southwest Nigeria at the 2025 Southwest International Tourism Expo.,latest_news,tourism award,official_fact,https://www.yabatech.edu.ng/,current as checked on 2026-05-12
878,Help me answer: Tell me about YABATECH tourism award for students,YABATECH was reported as Best Tourism Tertiary Institution in Southwest Nigeria at the 2025 Southwest International Tourism Expo.,latest_news,tourism award,generated_variation,https://www.yabatech.edu.ng/,derived from official site fact; verify before public deployment
879,Can you explain: Tell me about YABATECH tourism award please,YABATECH was reported as Best Tourism Tertiary Institution in Southwest Nigeria at the 2025 Southwest International Tourism Expo.,latest_news,tourism award,generated_variation,https://www.yabatech.edu.ng/,derived from official site fact; verify before public deployment
880,What happened at Southwest International Tourism Expo 2025?,YABATECH was reported as Best Tourism Tertiary Institution in Southwest Nigeria at the 2025 Southwest International Tourism Expo.,latest_news,tourism award,official_fact,https://www.yabatech.edu.ng/,current as checked on 2026-05-12
881,Help me answer: What happened at Southwest International Tourism Expo 2025?,YABATECH was reported as Best Tourism Tertiary Institution in Southwest Nigeria at the 2025 Southwest International Tourism Expo.,latest_news,tourism award,generated_variation,https://www.yabatech.edu.ng/,derived from official site fact; verify before public deployment
882,Class question: What happened at Southwest International Tourism Expo 2025? for students,YABATECH was reported as Best Tourism Tertiary Institution in Southwest Nigeria at the 2025 Southwest International Tourism Expo.,latest_news,tourism award,generated_variation,https://www.yabatech.edu.ng/,derived from official site fact; verify before public deployment
883,YABATECH best tourism tertiary institution award,YABATECH was reported as Best Tourism Tertiary Institution in Southwest Nigeria at the 2025 Southwest International Tourism Expo.,latest_news,tourism award,official_fact,https://www.yabatech.edu.ng/,current as checked on 2026-05-12
884,YABATECH best tourism tertiary institution award?,YABATECH was reported as Best Tourism Tertiary Institution in Southwest Nigeria at the 2025 Southwest International Tourism Expo.,latest_news,tourism award,generated_variation,https://www.yabatech.edu.ng/,derived from official site fact; verify before public deployment
885,"For a learner, YABATECH best tourism tertiary institution award for admission learners",YABATECH was reported as Best Tourism Tertiary Institution in Southwest Nigeria at the 2025 Southwest International Tourism Expo.,latest_news,tourism award,generated_variation,https://www.yabatech.edu.ng/,derived from official site fact; verify before public deployment
886,Which award did YABATECH win in tourism?,YABATECH was reported as Best Tourism Tertiary Institution in Southwest Nigeria at the 2025 Southwest International Tourism Expo.,latest_news,tourism award,official_fact,https://www.yabatech.edu.ng/,current as checked on 2026-05-12
887,Class question: Which award did YABATECH win in tourism? for students,YABATECH was reported as Best Tourism Tertiary Institution in Southwest Nigeria at the 2025 Southwest International Tourism Expo.,latest_news,tourism award,generated_variation,https://www.yabatech.edu.ng/,derived from official site fact; verify before public deployment
888,Quick question: Which award did YABATECH win in tourism?,YABATECH was reported as Best Tourism Tertiary Institution in Southwest Nigeria at the 2025 Southwest International Tourism Expo.,latest_news,tourism award,generated_variation,https://www.yabatech.edu.ng/,derived from official site fact; verify before public deployment
889,How did YABATECH shine in Southwest tourism?,YABATECH was reported as Best Tourism Tertiary Institution in Southwest Nigeria at the 2025 Southwest International Tourism Expo.,latest_news,tourism award,official_fact,https://www.yabatech.edu.ng/,current as checked on 2026-05-12
890,Please answer: How did YABATECH shine in Southwest tourism? today,YABATECH was reported as Best Tourism Tertiary Institution in Southwest Nigeria at the 2025 Southwest International Tourism Expo.,latest_news,tourism award,generated_variation,https://www.yabatech.edu.ng/,derived from official site fact; verify before public deployment
891,Quick question: How did YABATECH shine in Southwest tourism? please,YABATECH was reported as Best Tourism Tertiary Institution in Southwest Nigeria at the 2025 Southwest International Tourism Expo.,latest_news,tourism award,generated_variation,https://www.yabatech.edu.ng/,derived from official site fact; verify before public deployment
892,What is SWITE 2025 and YABATECH?,YABATECH was reported as Best Tourism Tertiary Institution in Southwest Nigeria at the 2025 Southwest International Tourism Expo.,latest_news,tourism award,official_fact,https://www.yabatech.edu.ng/,current as checked on 2026-05-12
893,Class question: What is SWITE 2025 and YABATECH? today,YABATECH was reported as Best Tourism Tertiary Institution in Southwest Nigeria at the 2025 Southwest International Tourism Expo.,latest_news,tourism award,generated_variation,https://www.yabatech.edu.ng/,derived from official site fact; verify before public deployment
894,"For a learner, What is SWITE 2025 and YABATECH? as a chatbot response",YABATECH was reported as Best Tourism Tertiary Institution in Southwest Nigeria at the 2025 Southwest International Tourism Expo.,latest_news,tourism award,generated_variation,https://www.yabatech.edu.ng/,derived from official site fact; verify before public deployment
895,YABATECH tourism achievement in 2025,YABATECH was reported as Best Tourism Tertiary Institution in Southwest Nigeria at the 2025 Southwest International Tourism Expo.,latest_news,tourism award,official_fact,https://www.yabatech.edu.ng/,current as checked on 2026-05-12
896,Student asked: YABATECH tourism achievement in 2025 please,YABATECH was reported as Best Tourism Tertiary Institution in Southwest Nigeria at the 2025 Southwest International Tourism Expo.,latest_news,tourism award,generated_variation,https://www.yabatech.edu.ng/,derived from official site fact; verify before public deployment
897,Class question: YABATECH tourism achievement in 2025?,YABATECH was reported as Best Tourism Tertiary Institution in Southwest Nigeria at the 2025 Southwest International Tourism Expo.,latest_news,tourism award,generated_variation,https://www.yabatech.edu.ng/,derived from official site fact; verify before public deployment
898,What recognition did YABATECH get in Southwest Nigeria?,YABATECH was reported as Best Tourism Tertiary Institution in Southwest Nigeria at the 2025 Southwest International Tourism Expo.,latest_news,tourism award,official_fact,https://www.yabatech.edu.ng/,current as checked on 2026-05-12
899,Quick question: What recognition did YABATECH get in Southwest Nigeria? for students,YABATECH was reported as Best Tourism Tertiary Institution in Southwest Nigeria at the 2025 Southwest International Tourism Expo.,latest_news,tourism award,generated_variation,https://www.yabatech.edu.ng/,derived from official site fact; verify before public deployment
900,Quick question: What recognition did YABATECH get in Southwest Nigeria? for admission learners,YABATECH was reported as Best Tourism Tertiary Institution in Southwest Nigeria at the 2025 Southwest International Tourism Expo.,latest_news,tourism award,generated_variation,https://www.yabatech.edu.ng/,derived from official site fact; verify before public deployment
901,What is First Bank doing with YABATECH?,First Bank expressed interest in establishing a 24-hour Digital Experience Centre within YABATECH.,latest_news,digital experience centre,official_fact,https://www.yabatech.edu.ng/,current as checked on 2026-05-12
902,"For a learner, What is First Bank doing with YABATECH? briefly",First Bank expressed interest in establishing a 24-hour Digital Experience Centre within YABATECH.,latest_news,digital experience centre,generated_variation,https://www.yabatech.edu.ng/,derived from official site fact; verify before public deployment
903,Please answer: What is First Bank doing with YABATECH? briefly,First Bank expressed interest in establishing a 24-hour Digital Experience Centre within YABATECH.,latest_news,digital experience centre,generated_variation,https://www.yabatech.edu.ng/,derived from official site fact; verify before public deployment
904,Tell me about First Bank Digital Experience Centre at YABATECH,First Bank expressed interest in establishing a 24-hour Digital Experience Centre within YABATECH.,latest_news,digital experience centre,official_fact,https://www.yabatech.edu.ng/,current as checked on 2026-05-12
905,I want to know: Tell me about First Bank Digital Experience Centre at YABATECH,First Bank expressed interest in establishing a 24-hour Digital Experience Centre within YABATECH.,latest_news,digital experience centre,generated_variation,https://www.yabatech.edu.ng/,derived from official site fact; verify before public deployment
906,Help me answer: Tell me about First Bank Digital Experience Centre at YABATECH as a chatbot response,First Bank expressed interest in establishing a 24-hour Digital Experience Centre within YABATECH.,latest_news,digital experience centre,generated_variation,https://www.yabatech.edu.ng/,derived from official site fact; verify before public deployment
907,Did First Bank partner with YABATECH?,First Bank expressed interest in establishing a 24-hour Digital Experience Centre within YABATECH.,latest_news,digital experience centre,official_fact,https://www.yabatech.edu.ng/,current as checked on 2026-05-12
908,Please answer: Did First Bank partner with YABATECH? in simple terms,First Bank expressed interest in establishing a 24-hour Digital Experience Centre within YABATECH.,latest_news,digital experience centre,generated_variation,https://www.yabatech.edu.ng/,derived from official site fact; verify before public deployment
909,"In simple words, Did First Bank partner with YABATECH?",First Bank expressed interest in establishing a 24-hour Digital Experience Centre within YABATECH.,latest_news,digital experience centre,generated_variation,https://www.yabatech.edu.ng/,derived from official site fact; verify before public deployment
910,What is the 24-hour Digital Experience Centre news?,First Bank expressed interest in establishing a 24-hour Digital Experience Centre within YABATECH.,latest_news,digital experience centre,official_fact,https://www.yabatech.edu.ng/,current as checked on 2026-05-12
911,What is the 24-hour Digital Experience Centre news? in simple terms,First Bank expressed interest in establishing a 24-hour Digital Experience Centre within YABATECH.,latest_news,digital experience centre,generated_variation,https://www.yabatech.edu.ng/,derived from official site fact; verify before public deployment
912,Student asked: What is the 24-hour Digital Experience Centre news?,First Bank expressed interest in establishing a 24-hour Digital Experience Centre within YABATECH.,latest_news,digital experience centre,generated_variation,https://www.yabatech.edu.ng/,derived from official site fact; verify before public deployment
913,YABATECH and First Bank digital centre,First Bank expressed interest in establishing a 24-hour Digital Experience Centre within YABATECH.,latest_news,digital experience centre,official_fact,https://www.yabatech.edu.ng/,current as checked on 2026-05-12
914,YABATECH and First Bank digital centre?,First Bank expressed interest in establishing a 24-hour Digital Experience Centre within YABATECH.,latest_news,digital experience centre,generated_variation,https://www.yabatech.edu.ng/,derived from official site fact; verify before public deployment
915,Help me answer: YABATECH and First Bank digital centre for admission learners,First Bank expressed interest in establishing a 24-hour Digital Experience Centre within YABATECH.,latest_news,digital experience centre,generated_variation,https://www.yabatech.edu.ng/,derived from official site fact; verify before public deployment
916,What banking innovation is planned for YABATECH?,First Bank expressed interest in establishing a 24-hour Digital Experience Centre within YABATECH.,latest_news,digital experience centre,official_fact,https://www.yabatech.edu.ng/,current as checked on 2026-05-12
917,Please answer: What banking innovation is planned for YABATECH?,First Bank expressed interest in establishing a 24-hour Digital Experience Centre within YABATECH.,latest_news,digital experience centre,generated_variation,https://www.yabatech.edu.ng/,derived from official site fact; verify before public deployment
918,What banking innovation is planned for YABATECH? as a chatbot response,First Bank expressed interest in establishing a 24-hour Digital Experience Centre within YABATECH.,latest_news,digital experience centre,generated_variation,https://www.yabatech.edu.ng/,derived from official site fact; verify before public deployment
919,What did FBN express interest in at YABATECH?,First Bank expressed interest in establishing a 24-hour Digital Experience Centre within YABATECH.,latest_news,digital experience centre,official_fact,https://www.yabatech.edu.ng/,current as checked on 2026-05-12
920,Student asked: What did FBN express interest in at YABATECH? for admission learners,First Bank expressed interest in establishing a 24-hour Digital Experience Centre within YABATECH.,latest_news,digital experience centre,generated_variation,https://www.yabatech.edu.ng/,derived from official site fact; verify before public deployment
921,Help me answer: What did FBN express interest in at YABATECH? for admission learners,First Bank expressed interest in establishing a 24-hour Digital Experience Centre within YABATECH.,latest_news,digital experience centre,generated_variation,https://www.yabatech.edu.ng/,derived from official site fact; verify before public deployment
922,Is there a digital experience centre at YABATECH?,First Bank expressed interest in establishing a 24-hour Digital Experience Centre within YABATECH.,latest_news,digital experience centre,official_fact,https://www.yabatech.edu.ng/,current as checked on 2026-05-12
923,I want to know: Is there a digital experience centre at YABATECH? for students,First Bank expressed interest in establishing a 24-hour Digital Experience Centre within YABATECH.,latest_news,digital experience centre,generated_variation,https://www.yabatech.edu.ng/,derived from official site fact; verify before public deployment
924,Help me answer: Is there a digital experience centre at YABATECH?,First Bank expressed interest in establishing a 24-hour Digital Experience Centre within YABATECH.,latest_news,digital experience centre,generated_variation,https://www.yabatech.edu.ng/,derived from official site fact; verify before public deployment
925,What is the First Bank techs YABATECH news?,First Bank expressed interest in establishing a 24-hour Digital Experience Centre within YABATECH.,latest_news,digital experience centre,official_fact,https://www.yabatech.edu.ng/,current as checked on 2026-05-12
926,Class question: What is the First Bank techs YABATECH news?,First Bank expressed interest in establishing a 24-hour Digital Experience Centre within YABATECH.,latest_news,digital experience centre,generated_variation,https://www.yabatech.edu.ng/,derived from official site fact; verify before public deployment
927,"For a learner, What is the First Bank techs YABATECH news? as a chatbot response",First Bank expressed interest in establishing a 24-hour Digital Experience Centre within YABATECH.,latest_news,digital experience centre,generated_variation,https://www.yabatech.edu.ng/,derived from official site fact; verify before public deployment
928,How is First Bank supporting YABATECH?,First Bank expressed interest in establishing a 24-hour Digital Experience Centre within YABATECH.,latest_news,digital experience centre,official_fact,https://www.yabatech.edu.ng/,current as checked on 2026-05-12
929,Help me answer: How is First Bank supporting YABATECH?,First Bank expressed interest in establishing a 24-hour Digital Experience Centre within YABATECH.,latest_news,digital experience centre,generated_variation,https://www.yabatech.edu.ng/,derived from official site fact; verify before public deployment
930,Class question: How is First Bank supporting YABATECH? on YABATECH website,First Bank expressed interest in establishing a 24-hour Digital Experience Centre within YABATECH.,latest_news,digital experience centre,generated_variation,https://www.yabatech.edu.ng/,derived from official site fact; verify before public deployment
931,What opportunities did CIS unveil for YABATECH students?,"The Chartered Institute of Stockbrokers announced funding support, training programmes and career pathways for YABATECH students.",latest_news,CIS opportunities,official_fact,https://www.yabatech.edu.ng/,current as checked on 2026-05-12
932,Student asked: What opportunities did CIS unveil for YABATECH students? on YABATECH website,"The Chartered Institute of Stockbrokers announced funding support, training programmes and career pathways for YABATECH students.",latest_news,CIS opportunities,generated_variation,https://www.yabatech.edu.ng/,derived from official site fact; verify before public deployment
933,Quick question: What opportunities did CIS unveil for YABATECH students? today,"The Chartered Institute of Stockbrokers announced funding support, training programmes and career pathways for YABATECH students.",latest_news,CIS opportunities,generated_variation,https://www.yabatech.edu.ng/,derived from official site fact; verify before public deployment
934,Tell me about Chartered Institute of Stockbrokers and YABATECH,"The Chartered Institute of Stockbrokers announced funding support, training programmes and career pathways for YABATECH students.",latest_news,CIS opportunities,official_fact,https://www.yabatech.edu.ng/,current as checked on 2026-05-12
935,"For a learner, Tell me about Chartered Institute of Stockbrokers and YABATECH","The Chartered Institute of Stockbrokers announced funding support, training programmes and career pathways for YABATECH students.",latest_news,CIS opportunities,generated_variation,https://www.yabatech.edu.ng/,derived from official site fact; verify before public deployment
936,Quick question: Tell me about Chartered Institute of Stockbrokers and YABATECH in simple terms,"The Chartered Institute of Stockbrokers announced funding support, training programmes and career pathways for YABATECH students.",latest_news,CIS opportunities,generated_variation,https://www.yabatech.edu.ng/,derived from official site fact; verify before public deployment
937,Did CIS support YABATECH students?,"The Chartered Institute of Stockbrokers announced funding support, training programmes and career pathways for YABATECH students.",latest_news,CIS opportunities,official_fact,https://www.yabatech.edu.ng/,current as checked on 2026-05-12
938,Did CIS support YABATECH students? for admission learners,"The Chartered Institute of Stockbrokers announced funding support, training programmes and career pathways for YABATECH students.",latest_news,CIS opportunities,generated_variation,https://www.yabatech.edu.ng/,derived from official site fact; verify before public deployment
939,Student asked: Did CIS support YABATECH students? briefly,"The Chartered Institute of Stockbrokers announced funding support, training programmes and career pathways for YABATECH students.",latest_news,CIS opportunities,generated_variation,https://www.yabatech.edu.ng/,derived from official site fact; verify before public deployment
940,What career opportunities were announced for YABATECH students?,"The Chartered Institute of Stockbrokers announced funding support, training programmes and career pathways for YABATECH students.",latest_news,CIS opportunities,official_fact,https://www.yabatech.edu.ng/,current as checked on 2026-05-12
941,Please answer: What career opportunities were announced for YABATECH students? for students,"The Chartered Institute of Stockbrokers announced funding support, training programmes and career pathways for YABATECH students.",latest_news,CIS opportunities,generated_variation,https://www.yabatech.edu.ng/,derived from official site fact; verify before public deployment
942,"In simple words, What career opportunities were announced for YABATECH students? for admission learners","The Chartered Institute of Stockbrokers announced funding support, training programmes and career pathways for YABATECH students.",latest_news,CIS opportunities,generated_variation,https://www.yabatech.edu.ng/,derived from official site fact; verify before public deployment
943,YABATECH CIS funding training career pathways,"The Chartered Institute of Stockbrokers announced funding support, training programmes and career pathways for YABATECH students.",latest_news,CIS opportunities,official_fact,https://www.yabatech.edu.ng/,current as checked on 2026-05-12
944,Help me answer: YABATECH CIS funding training career pathways on YABATECH website,"The Chartered Institute of Stockbrokers announced funding support, training programmes and career pathways for YABATECH students.",latest_news,CIS opportunities,generated_variation,https://www.yabatech.edu.ng/,derived from official site fact; verify before public deployment
945,Help me answer: YABATECH CIS funding training career pathways on YABATECH website,"The Chartered Institute of Stockbrokers announced funding support, training programmes and career pathways for YABATECH students.",latest_news,CIS opportunities,generated_variation,https://www.yabatech.edu.ng/,derived from official site fact; verify before public deployment
946,What is the CIS package for students?,"The Chartered Institute of Stockbrokers announced funding support, training programmes and career pathways for YABATECH students.",latest_news,CIS opportunities,official_fact,https://www.yabatech.edu.ng/,current as checked on 2026-05-12
947,Please answer: What is the CIS package for students? on YABATECH website,"The Chartered Institute of Stockbrokers announced funding support, training programmes and career pathways for YABATECH students.",latest_news,CIS opportunities,generated_variation,https://www.yabatech.edu.ng/,derived from official site fact; verify before public deployment
948,Class question: What is the CIS package for students? today,"The Chartered Institute of Stockbrokers announced funding support, training programmes and career pathways for YABATECH students.",latest_news,CIS opportunities,generated_variation,https://www.yabatech.edu.ng/,derived from official site fact; verify before public deployment
949,How did CIS boost YABATECH students?,"The Chartered Institute of Stockbrokers announced funding support, training programmes and career pathways for YABATECH students.",latest_news,CIS opportunities,official_fact,https://www.yabatech.edu.ng/,current as checked on 2026-05-12
950,Help me answer: How did CIS boost YABATECH students? please,"The Chartered Institute of Stockbrokers announced funding support, training programmes and career pathways for YABATECH students.",latest_news,CIS opportunities,generated_variation,https://www.yabatech.edu.ng/,derived from official site fact; verify before public deployment
951,Please answer: How did CIS boost YABATECH students?,"The Chartered Institute of Stockbrokers announced funding support, training programmes and career pathways for YABATECH students.",latest_news,CIS opportunities,generated_variation,https://www.yabatech.edu.ng/,derived from official site fact; verify before public deployment
952,What financial market opportunities were offered?,"The Chartered Institute of Stockbrokers announced funding support, training programmes and career pathways for YABATECH students.",latest_news,CIS opportunities,official_fact,https://www.yabatech.edu.ng/,current as checked on 2026-05-12
953,I want to know: What financial market opportunities were offered? on YABATECH website,"The Chartered Institute of Stockbrokers announced funding support, training programmes and career pathways for YABATECH students.",latest_news,CIS opportunities,generated_variation,https://www.yabatech.edu.ng/,derived from official site fact; verify before public deployment
954,Quick question: What financial market opportunities were offered? in simple terms,"The Chartered Institute of Stockbrokers announced funding support, training programmes and career pathways for YABATECH students.",latest_news,CIS opportunities,generated_variation,https://www.yabatech.edu.ng/,derived from official site fact; verify before public deployment
955,Does YABATECH have stockbrokers career support?,"The Chartered Institute of Stockbrokers announced funding support, training programmes and career pathways for YABATECH students.",latest_news,CIS opportunities,official_fact,https://www.yabatech.edu.ng/,current as checked on 2026-05-12
956,"In simple words, Does YABATECH have stockbrokers career support? as a chatbot response","The Chartered Institute of Stockbrokers announced funding support, training programmes and career pathways for YABATECH students.",latest_news,CIS opportunities,generated_variation,https://www.yabatech.edu.ng/,derived from official site fact; verify before public deployment
957,Student asked: Does YABATECH have stockbrokers career support? for students,"The Chartered Institute of Stockbrokers announced funding support, training programmes and career pathways for YABATECH students.",latest_news,CIS opportunities,generated_variation,https://www.yabatech.edu.ng/,derived from official site fact; verify before public deployment
958,What student funding opportunity was announced by CIS?,"The Chartered Institute of Stockbrokers announced funding support, training programmes and career pathways for YABATECH students.",latest_news,CIS opportunities,official_fact,https://www.yabatech.edu.ng/,current as checked on 2026-05-12
959,Class question: What student funding opportunity was announced by CIS? briefly,"The Chartered Institute of Stockbrokers announced funding support, training programmes and career pathways for YABATECH students.",latest_news,CIS opportunities,generated_variation,https://www.yabatech.edu.ng/,derived from official site fact; verify before public deployment
960,"In simple words, What student funding opportunity was announced by CIS?","The Chartered Institute of Stockbrokers announced funding support, training programmes and career pathways for YABATECH students.",latest_news,CIS opportunities,generated_variation,https://www.yabatech.edu.ng/,derived from official site fact; verify before public deployment
961,Is YABATECH becoming a university?,The Federal Government was reported to be considering recommendations on transforming YABATECH into Yaba Technical and Vocational University.,latest_news,university transformation,official_fact,https://www.yabatech.edu.ng/,current as checked on 2026-05-12
962,"For a learner, Is YABATECH becoming a university? in simple terms",The Federal Government was reported to be considering recommendations on transforming YABATECH into Yaba Technical and Vocational University.,latest_news,university transformation,generated_variation,https://www.yabatech.edu.ng/,derived from official site fact; verify before public deployment
963,"For a learner, Is YABATECH becoming a university? for admission learners",The Federal Government was reported to be considering recommendations on transforming YABATECH into Yaba Technical and Vocational University.,latest_news,university transformation,generated_variation,https://www.yabatech.edu.ng/,derived from official site fact; verify before public deployment
964,What is the update on YABATECH transformation to university?,The Federal Government was reported to be considering recommendations on transforming YABATECH into Yaba Technical and Vocational University.,latest_news,university transformation,official_fact,https://www.yabatech.edu.ng/,current as checked on 2026-05-12
965,"For a learner, What is the update on YABATECH transformation to university? on YABATECH website",The Federal Government was reported to be considering recommendations on transforming YABATECH into Yaba Technical and Vocational University.,latest_news,university transformation,generated_variation,https://www.yabatech.edu.ng/,derived from official site fact; verify before public deployment
966,Class question: What is the update on YABATECH transformation to university? on YABATECH website,The Federal Government was reported to be considering recommendations on transforming YABATECH into Yaba Technical and Vocational University.,latest_news,university transformation,generated_variation,https://www.yabatech.edu.ng/,derived from official site fact; verify before public deployment
967,Tell me about Yaba Technical and Vocational University,The Federal Government was reported to be considering recommendations on transforming YABATECH into Yaba Technical and Vocational University.,latest_news,university transformation,official_fact,https://www.yabatech.edu.ng/,current as checked on 2026-05-12
968,I want to know: Tell me about Yaba Technical and Vocational University today,The Federal Government was reported to be considering recommendations on transforming YABATECH into Yaba Technical and Vocational University.,latest_news,university transformation,generated_variation,https://www.yabatech.edu.ng/,derived from official site fact; verify before public deployment
969,Tell me about Yaba Technical and Vocational University as a chatbot response,The Federal Government was reported to be considering recommendations on transforming YABATECH into Yaba Technical and Vocational University.,latest_news,university transformation,generated_variation,https://www.yabatech.edu.ng/,derived from official site fact; verify before public deployment
970,What did FG consider about YABATECH?,The Federal Government was reported to be considering recommendations on transforming YABATECH into Yaba Technical and Vocational University.,latest_news,university transformation,official_fact,https://www.yabatech.edu.ng/,current as checked on 2026-05-12
971,Class question: What did FG consider about YABATECH? for students,The Federal Government was reported to be considering recommendations on transforming YABATECH into Yaba Technical and Vocational University.,latest_news,university transformation,generated_variation,https://www.yabatech.edu.ng/,derived from official site fact; verify before public deployment
972,Can you explain: What did FG consider about YABATECH? for admission learners,The Federal Government was reported to be considering recommendations on transforming YABATECH into Yaba Technical and Vocational University.,latest_news,university transformation,generated_variation,https://www.yabatech.edu.ng/,derived from official site fact; verify before public deployment
973,YABATECH university transformation update,The Federal Government was reported to be considering recommendations on transforming YABATECH into Yaba Technical and Vocational University.,latest_news,university transformation,official_fact,https://www.yabatech.edu.ng/,current as checked on 2026-05-12
974,Class question: YABATECH university transformation update on YABATECH website,The Federal Government was reported to be considering recommendations on transforming YABATECH into Yaba Technical and Vocational University.,latest_news,university transformation,generated_variation,https://www.yabatech.edu.ng/,derived from official site fact; verify before public deployment
975,Student asked: YABATECH university transformation update today,The Federal Government was reported to be considering recommendations on transforming YABATECH into Yaba Technical and Vocational University.,latest_news,university transformation,generated_variation,https://www.yabatech.edu.ng/,derived from official site fact; verify before public deployment
976,Is the government considering YABATECH transformation?,The Federal Government was reported to be considering recommendations on transforming YABATECH into Yaba Technical and Vocational University.,latest_news,university transformation,official_fact,https://www.yabatech.edu.ng/,current as checked on 2026-05-12
977,Class question: Is the government considering YABATECH transformation? for admission learners,The Federal Government was reported to be considering recommendations on transforming YABATECH into Yaba Technical and Vocational University.,latest_news,university transformation,generated_variation,https://www.yabatech.edu.ng/,derived from official site fact; verify before public deployment
978,Can you explain: Is the government considering YABATECH transformation? as a chatbot response,The Federal Government was reported to be considering recommendations on transforming YABATECH into Yaba Technical and Vocational University.,latest_news,university transformation,generated_variation,https://www.yabatech.edu.ng/,derived from official site fact; verify before public deployment
979,What is the proposed new status of YABATECH?,The Federal Government was reported to be considering recommendations on transforming YABATECH into Yaba Technical and Vocational University.,latest_news,university transformation,official_fact,https://www.yabatech.edu.ng/,current as checked on 2026-05-12
980,Quick question: What is the proposed new status of YABATECH? today,The Federal Government was reported to be considering recommendations on transforming YABATECH into Yaba Technical and Vocational University.,latest_news,university transformation,generated_variation,https://www.yabatech.edu.ng/,derived from official site fact; verify before public deployment
981,Class question: What is the proposed new status of YABATECH? briefly,The Federal Government was reported to be considering recommendations on transforming YABATECH into Yaba Technical and Vocational University.,latest_news,university transformation,generated_variation,https://www.yabatech.edu.ng/,derived from official site fact; verify before public deployment
982,What does the transformation report say about YABATECH?,The Federal Government was reported to be considering recommendations on transforming YABATECH into Yaba Technical and Vocational University.,latest_news,university transformation,official_fact,https://www.yabatech.edu.ng/,current as checked on 2026-05-12
983,Quick question: What does the transformation report say about YABATECH?,The Federal Government was reported to be considering recommendations on transforming YABATECH into Yaba Technical and Vocational University.,latest_news,university transformation,generated_variation,https://www.yabatech.edu.ng/,derived from official site fact; verify before public deployment
984,Class question: What does the transformation report say about YABATECH? for students,The Federal Government was reported to be considering recommendations on transforming YABATECH into Yaba Technical and Vocational University.,latest_news,university transformation,generated_variation,https://www.yabatech.edu.ng/,derived from official site fact; verify before public deployment
985,Is Yaba Technical and Vocational University planned?,The Federal Government was reported to be considering recommendations on transforming YABATECH into Yaba Technical and Vocational University.,latest_news,university transformation,official_fact,https://www.yabatech.edu.ng/,current as checked on 2026-05-12
986,Class question: Is Yaba Technical and Vocational University planned? please,The Federal Government was reported to be considering recommendations on transforming YABATECH into Yaba Technical and Vocational University.,latest_news,university transformation,generated_variation,https://www.yabatech.edu.ng/,derived from official site fact; verify before public deployment
987,Student asked: Is Yaba Technical and Vocational University planned? in simple terms,The Federal Government was reported to be considering recommendations on transforming YABATECH into Yaba Technical and Vocational University.,latest_news,university transformation,generated_variation,https://www.yabatech.edu.ng/,derived from official site fact; verify before public deployment
988,What is the latest on YABATECH becoming a technical university?,The Federal Government was reported to be considering recommendations on transforming YABATECH into Yaba Technical and Vocational University.,latest_news,university transformation,official_fact,https://www.yabatech.edu.ng/,current as checked on 2026-05-12
989,Quick question: What is the latest on YABATECH becoming a technical university? please,The Federal Government was reported to be considering recommendations on transforming YABATECH into Yaba Technical and Vocational University.,latest_news,university transformation,generated_variation,https://www.yabatech.edu.ng/,derived from official site fact; verify before public deployment
990,"For a learner, What is the latest on YABATECH becoming a technical university?",The Federal Government was reported to be considering recommendations on transforming YABATECH into Yaba Technical and Vocational University.,latest_news,university transformation,generated_variation,https://www.yabatech.edu.ng/,derived from official site fact; verify before public deployment
991,"Does YABATECH have School of Art, Design and Printing?","School of Art, Design and Printing is one of the academic schools listed by YABATECH.",academics,"School of Art, Design and Printing",official_fact,https://www.yabatech.edu.ng/,current as checked on 2026-05-12
992,"Help me answer: Does YABATECH have School of Art, Design and Printing? for admission learners","School of Art, Design and Printing is one of the academic schools listed by YABATECH.",academics,"School of Art, Design and Printing",generated_variation,https://www.yabatech.edu.ng/,derived from official site fact; verify before public deployment
993,"I want to know: Does YABATECH have School of Art, Design and Printing? for admission learners","School of Art, Design and Printing is one of the academic schools listed by YABATECH.",academics,"School of Art, Design and Printing",generated_variation,https://www.yabatech.edu.ng/,derived from official site fact; verify before public deployment
994,"Tell me about School of Art, Design and Printing in YABATECH","School of Art, Design and Printing is one of the academic schools listed by YABATECH.",academics,"School of Art, Design and Printing",official_fact,https://www.yabatech.edu.ng/,current as checked on 2026-05-12
995,"In simple words, Tell me about School of Art, Design and Printing in YABATECH please","School of Art, Design and Printing is one of the academic schools listed by YABATECH.",academics,"School of Art, Design and Printing",generated_variation,https://www.yabatech.edu.ng/,derived from official site fact; verify before public deployment
996,"Help me answer: Tell me about School of Art, Design and Printing in YABATECH please","School of Art, Design and Printing is one of the academic schools listed by YABATECH.",academics,"School of Art, Design and Printing",generated_variation,https://www.yabatech.edu.ng/,derived from official site fact; verify before public deployment
997,"Is School of Art, Design and Printing listed under YABATECH academics?","School of Art, Design and Printing is one of the academic schools listed by YABATECH.",academics,"School of Art, Design and Printing",official_fact,https://www.yabatech.edu.ng/,current as checked on 2026-05-12
998,"Help me answer: Is School of Art, Design and Printing listed under YABATECH academics? today","School of Art, Design and Printing is one of the academic schools listed by YABATECH.",academics,"School of Art, Design and Printing",generated_variation,https://www.yabatech.edu.ng/,derived from official site fact; verify before public deployment
999,"I want to know: Is School of Art, Design and Printing listed under YABATECH academics? today","School of Art, Design and Printing is one of the academic schools listed by YABATECH.",academics,"School of Art, Design and Printing",generated_variation,https://www.yabatech.edu.ng/,derived from official site fact; verify before public deployment
1000,"What is School of Art, Design and Printing?","School of Art, Design and Printing is one of the academic schools listed by YABATECH.",academics,"School of Art, Design and Printing",official_fact,https://www.yabatech.edu.ng/,current as checked on 2026-05-12
1001,"Can you explain: What is School of Art, Design and Printing? in simple terms","School of Art, Design and Printing is one of the academic schools listed by YABATECH.",academics,"School of Art, Design and Printing",generated_variation,https://www.yabatech.edu.ng/,derived from official site fact; verify before public deployment
1002,"Help me answer: What is School of Art, Design and Printing? for admission learners","School of Art, Design and Printing is one of the academic schools listed by YABATECH.",academics,"School of Art, Design and Printing",generated_variation,https://www.yabatech.edu.ng/,derived from official site fact; verify before public deployment
1003,"Which college has School of Art, Design and Printing?","School of Art, Design and Printing is one of the academic schools listed by YABATECH.",academics,"School of Art, Design and Printing",official_fact,https://www.yabatech.edu.ng/,current as checked on 2026-05-12
1004,"Can you explain: Which college has School of Art, Design and Printing? please","School of Art, Design and Printing is one of the academic schools listed by YABATECH.",academics,"School of Art, Design and Printing",generated_variation,https://www.yabatech.edu.ng/,derived from official site fact; verify before public deployment
1005,"Class question: Which college has School of Art, Design and Printing?","School of Art, Design and Printing is one of the academic schools listed by YABATECH.",academics,"School of Art, Design and Printing",generated_variation,https://www.yabatech.edu.ng/,derived from official site fact; verify before public deployment
1006,"YABATECH School of Art, Design and Printing information","School of Art, Design and Printing is one of the academic schools listed by YABATECH.",academics,"School of Art, Design and Printing",official_fact,https://www.yabatech.edu.ng/,current as checked on 2026-05-12
1007,"I want to know: YABATECH School of Art, Design and Printing information?","School of Art, Design and Printing is one of the academic schools listed by YABATECH.",academics,"School of Art, Design and Printing",generated_variation,https://www.yabatech.edu.ng/,derived from official site fact; verify before public deployment
1008,"Student asked: YABATECH School of Art, Design and Printing information as a chatbot response","School of Art, Design and Printing is one of the academic schools listed by YABATECH.",academics,"School of Art, Design and Printing",generated_variation,https://www.yabatech.edu.ng/,derived from official site fact; verify before public deployment
1009,"Is School of Art, Design and Printing one of YABATECH schools?","School of Art, Design and Printing is one of the academic schools listed by YABATECH.",academics,"School of Art, Design and Printing",official_fact,https://www.yabatech.edu.ng/,current as checked on 2026-05-12
1010,"Student asked: Is School of Art, Design and Printing one of YABATECH schools? on YABATECH website","School of Art, Design and Printing is one of the academic schools listed by YABATECH.",academics,"School of Art, Design and Printing",generated_variation,https://www.yabatech.edu.ng/,derived from official site fact; verify before public deployment
1011,"Can you explain: Is School of Art, Design and Printing one of YABATECH schools? on YABATECH website","School of Art, Design and Printing is one of the academic schools listed by YABATECH.",academics,"School of Art, Design and Printing",generated_variation,https://www.yabatech.edu.ng/,derived from official site fact; verify before public deployment
1012,Name one academic school in YABATECH,"School of Art, Design and Printing is one of the academic schools listed by YABATECH.",academics,"School of Art, Design and Printing",official_fact,https://www.yabatech.edu.ng/,current as checked on 2026-05-12
1013,Please answer: Name one academic school in YABATECH please,"School of Art, Design and Printing is one of the academic schools listed by YABATECH.",academics,"School of Art, Design and Printing",generated_variation,https://www.yabatech.edu.ng/,derived from official site fact; verify before public deployment
1014,Student asked: Name one academic school in YABATECH please,"School of Art, Design and Printing is one of the academic schools listed by YABATECH.",academics,"School of Art, Design and Printing",generated_variation,https://www.yabatech.edu.ng/,derived from official site fact; verify before public deployment
1015,"What school handles Art, Design and Printing?","School of Art, Design and Printing is one of the academic schools listed by YABATECH.",academics,"School of Art, Design and Printing",official_fact,https://www.yabatech.edu.ng/,current as checked on 2026-05-12
1016,"What school handles Art, Design and Printing? please","School of Art, Design and Printing is one of the academic schools listed by YABATECH.",academics,"School of Art, Design and Printing",generated_variation,https://www.yabatech.edu.ng/,derived from official site fact; verify before public deployment
1017,"Class question: What school handles Art, Design and Printing?","School of Art, Design and Printing is one of the academic schools listed by YABATECH.",academics,"School of Art, Design and Printing",generated_variation,https://www.yabatech.edu.ng/,derived from official site fact; verify before public deployment
1018,"Give me a fact about School of Art, Design and Printing","School of Art, Design and Printing is one of the academic schools listed by YABATECH.",academics,"School of Art, Design and Printing",official_fact,https://www.yabatech.edu.ng/,current as checked on 2026-05-12
1019,"Give me a fact about School of Art, Design and Printing on YABATECH website","School of Art, Design and Printing is one of the academic schools listed by YABATECH.",academics,"School of Art, Design and Printing",generated_variation,https://www.yabatech.edu.ng/,derived from official site fact; verify before public deployment
1020,"Class question: Give me a fact about School of Art, Design and Printing in simple terms","School of Art, Design and Printing is one of the academic schools listed by YABATECH.",academics,"School of Art, Design and Printing",generated_variation,https://www.yabatech.edu.ng/,derived from official site fact; verify before public deployment
1021,Does YABATECH have School of Engineering?,School of Engineering is one of the academic schools listed by YABATECH.,academics,School of Engineering,official_fact,https://www.yabatech.edu.ng/,current as checked on 2026-05-12
1022,Can you explain: Does YABATECH have School of Engineering? please,School of Engineering is one of the academic schools listed by YABATECH.,academics,School of Engineering,generated_variation,https://www.yabatech.edu.ng/,derived from official site fact; verify before public deployment
1023,Quick question: Does YABATECH have School of Engineering? briefly,School of Engineering is one of the academic schools listed by YABATECH.,academics,School of Engineering,generated_variation,https://www.yabatech.edu.ng/,derived from official site fact; verify before public deployment
1024,Tell me about School of Engineering in YABATECH,School of Engineering is one of the academic schools listed by YABATECH.,academics,School of Engineering,official_fact,https://www.yabatech.edu.ng/,current as checked on 2026-05-12
1025,Quick question: Tell me about School of Engineering in YABATECH for admission learners,School of Engineering is one of the academic schools listed by YABATECH.,academics,School of Engineering,generated_variation,https://www.yabatech.edu.ng/,derived from official site fact; verify before public deployment
1026,Class question: Tell me about School of Engineering in YABATECH in simple terms,School of Engineering is one of the academic schools listed by YABATECH.,academics,School of Engineering,generated_variation,https://www.yabatech.edu.ng/,derived from official site fact; verify before public deployment
1027,Is School of Engineering listed under YABATECH academics?,School of Engineering is one of the academic schools listed by YABATECH.,academics,School of Engineering,official_fact,https://www.yabatech.edu.ng/,current as checked on 2026-05-12
1028,"For a learner, Is School of Engineering listed under YABATECH academics? as a chatbot response",School of Engineering is one of the academic schools listed by YABATECH.,academics,School of Engineering,generated_variation,https://www.yabatech.edu.ng/,derived from official site fact; verify before public deployment
1029,Is School of Engineering listed under YABATECH academics? as a chatbot response,School of Engineering is one of the academic schools listed by YABATECH.,academics,School of Engineering,generated_variation,https://www.yabatech.edu.ng/,derived from official site fact; verify before public deployment
1030,What is School of Engineering?,School of Engineering is one of the academic schools listed by YABATECH.,academics,School of Engineering,official_fact,https://www.yabatech.edu.ng/,current as checked on 2026-05-12
1031,"In simple words, What is School of Engineering? on YABATECH website",School of Engineering is one of the academic schools listed by YABATECH.,academics,School of Engineering,generated_variation,https://www.yabatech.edu.ng/,derived from official site fact; verify before public deployment
1032,"In simple words, What is School of Engineering?",School of Engineering is one of the academic schools listed by YABATECH.,academics,School of Engineering,generated_variation,https://www.yabatech.edu.ng/,derived from official site fact; verify before public deployment
1033,Which college has School of Engineering?,School of Engineering is one of the academic schools listed by YABATECH.,academics,School of Engineering,official_fact,https://www.yabatech.edu.ng/,current as checked on 2026-05-12
1034,Help me answer: Which college has School of Engineering? in simple terms,School of Engineering is one of the academic schools listed by YABATECH.,academics,School of Engineering,generated_variation,https://www.yabatech.edu.ng/,derived from official site fact; verify before public deployment
1035,Help me answer: Which college has School of Engineering? please,School of Engineering is one of the academic schools listed by YABATECH.,academics,School of Engineering,generated_variation,https://www.yabatech.edu.ng/,derived from official site fact; verify before public deployment
1036,YABATECH School of Engineering information,School of Engineering is one of the academic schools listed by YABATECH.,academics,School of Engineering,official_fact,https://www.yabatech.edu.ng/,current as checked on 2026-05-12
1037,"In simple words, YABATECH School of Engineering information as a chatbot response",School of Engineering is one of the academic schools listed by YABATECH.,academics,School of Engineering,generated_variation,https://www.yabatech.edu.ng/,derived from official site fact; verify before public deployment
1038,"In simple words, YABATECH School of Engineering information on YABATECH website",School of Engineering is one of the academic schools listed by YABATECH.,academics,School of Engineering,generated_variation,https://www.yabatech.edu.ng/,derived from official site fact; verify before public deployment
1039,Is School of Engineering one of YABATECH schools?,School of Engineering is one of the academic schools listed by YABATECH.,academics,School of Engineering,official_fact,https://www.yabatech.edu.ng/,current as checked on 2026-05-12
1040,Help me answer: Is School of Engineering one of YABATECH schools? as a chatbot response,School of Engineering is one of the academic schools listed by YABATECH.,academics,School of Engineering,generated_variation,https://www.yabatech.edu.ng/,derived from official site fact; verify before public deployment
1041,Is School of Engineering one of YABATECH schools?,School of Engineering is one of the academic schools listed by YABATECH.,academics,School of Engineering,generated_variation,https://www.yabatech.edu.ng/,derived from official site fact; verify before public deployment
1042,Name one academic school in YABATECH,School of Engineering is one of the academic schools listed by YABATECH.,academics,School of Engineering,official_fact,https://www.yabatech.edu.ng/,current as checked on 2026-05-12
1043,Quick question: Name one academic school in YABATECH for admission learners,School of Engineering is one of the academic schools listed by YABATECH.,academics,School of Engineering,generated_variation,https://www.yabatech.edu.ng/,derived from official site fact; verify before public deployment
1044,"For a learner, Name one academic school in YABATECH today",School of Engineering is one of the academic schools listed by YABATECH.,academics,School of Engineering,generated_variation,https://www.yabatech.edu.ng/,derived from official site fact; verify before public deployment
1045,What school handles Engineering?,School of Engineering is one of the academic schools listed by YABATECH.,academics,School of Engineering,official_fact,https://www.yabatech.edu.ng/,current as checked on 2026-05-12
1046,"For a learner, What school handles Engineering? on YABATECH website",School of Engineering is one of the academic schools listed by YABATECH.,academics,School of Engineering,generated_variation,https://www.yabatech.edu.ng/,derived from official site fact; verify before public deployment
1047,I want to know: What school handles Engineering?,School of Engineering is one of the academic schools listed by YABATECH.,academics,School of Engineering,generated_variation,https://www.yabatech.edu.ng/,derived from official site fact; verify before public deployment
1048,Give me a fact about School of Engineering,School of Engineering is one of the academic schools listed by YABATECH.,academics,School of Engineering,official_fact,https://www.yabatech.edu.ng/,current as checked on 2026-05-12
1049,Give me a fact about School of Engineering for admission learners,School of Engineering is one of the academic schools listed by YABATECH.,academics,School of Engineering,generated_variation,https://www.yabatech.edu.ng/,derived from official site fact; verify before public deployment
1050,Please answer: Give me a fact about School of Engineering as a chatbot response,School of Engineering is one of the academic schools listed by YABATECH.,academics,School of Engineering,generated_variation,https://www.yabatech.edu.ng/,derived from official site fact; verify before public deployment
1051,Does YABATECH have School of Environmental Studies?,School of Environmental Studies is one of the academic schools listed by YABATECH.,academics,School of Environmental Studies,official_fact,https://www.yabatech.edu.ng/,current as checked on 2026-05-12
1052,Help me answer: Does YABATECH have School of Environmental Studies? as a chatbot response,School of Environmental Studies is one of the academic schools listed by YABATECH.,academics,School of Environmental Studies,generated_variation,https://www.yabatech.edu.ng/,derived from official site fact; verify before public deployment
1053,"In simple words, Does YABATECH have School of Environmental Studies? as a chatbot response",School of Environmental Studies is one of the academic schools listed by YABATECH.,academics,School of Environmental Studies,generated_variation,https://www.yabatech.edu.ng/,derived from official site fact; verify before public deployment
1054,Tell me about School of Environmental Studies in YABATECH,School of Environmental Studies is one of the academic schools listed by YABATECH.,academics,School of Environmental Studies,official_fact,https://www.yabatech.edu.ng/,current as checked on 2026-05-12
1055,Please answer: Tell me about School of Environmental Studies in YABATECH?,School of Environmental Studies is one of the academic schools listed by YABATECH.,academics,School of Environmental Studies,generated_variation,https://www.yabatech.edu.ng/,derived from official site fact; verify before public deployment
1056,Tell me about School of Environmental Studies in YABATECH please,School of Environmental Studies is one of the academic schools listed by YABATECH.,academics,School of Environmental Studies,generated_variation,https://www.yabatech.edu.ng/,derived from official site fact; verify before public deployment
1057,Is School of Environmental Studies listed under YABATECH academics?,School of Environmental Studies is one of the academic schools listed by YABATECH.,academics,School of Environmental Studies,official_fact,https://www.yabatech.edu.ng/,current as checked on 2026-05-12
1058,I want to know: Is School of Environmental Studies listed under YABATECH academics?,School of Environmental Studies is one of the academic schools listed by YABATECH.,academics,School of Environmental Studies,generated_variation,https://www.yabatech.edu.ng/,derived from official site fact; verify before public deployment
1059,I want to know: Is School of Environmental Studies listed under YABATECH academics?,School of Environmental Studies is one of the academic schools listed by YABATECH.,academics,School of Environmental Studies,generated_variation,https://www.yabatech.edu.ng/,derived from official site fact; verify before public deployment
1060,What is School of Environmental Studies?,School of Environmental Studies is one of the academic schools listed by YABATECH.,academics,School of Environmental Studies,official_fact,https://www.yabatech.edu.ng/,current as checked on 2026-05-12
1061,I want to know: What is School of Environmental Studies? as a chatbot response,School of Environmental Studies is one of the academic schools listed by YABATECH.,academics,School of Environmental Studies,generated_variation,https://www.yabatech.edu.ng/,derived from official site fact; verify before public deployment
1062,I want to know: What is School of Environmental Studies?,School of Environmental Studies is one of the academic schools listed by YABATECH.,academics,School of Environmental Studies,generated_variation,https://www.yabatech.edu.ng/,derived from official site fact; verify before public deployment
1063,Which college has School of Environmental Studies?,School of Environmental Studies is one of the academic schools listed by YABATECH.,academics,School of Environmental Studies,official_fact,https://www.yabatech.edu.ng/,current as checked on 2026-05-12
1064,"In simple words, Which college has School of Environmental Studies? for students",School of Environmental Studies is one of the academic schools listed by YABATECH.,academics,School of Environmental Studies,generated_variation,https://www.yabatech.edu.ng/,derived from official site fact; verify before public deployment
1065,"For a learner, Which college has School of Environmental Studies? for admission learners",School of Environmental Studies is one of the academic schools listed by YABATECH.,academics,School of Environmental Studies,generated_variation,https://www.yabatech.edu.ng/,derived from official site fact; verify before public deployment
1066,YABATECH School of Environmental Studies information,School of Environmental Studies is one of the academic schools listed by YABATECH.,academics,School of Environmental Studies,official_fact,https://www.yabatech.edu.ng/,current as checked on 2026-05-12
1067,Quick question: YABATECH School of Environmental Studies information today,School of Environmental Studies is one of the academic schools listed by YABATECH.,academics,School of Environmental Studies,generated_variation,https://www.yabatech.edu.ng/,derived from official site fact; verify before public deployment
1068,Can you explain: YABATECH School of Environmental Studies information on YABATECH website,School of Environmental Studies is one of the academic schools listed by YABATECH.,academics,School of Environmental Studies,generated_variation,https://www.yabatech.edu.ng/,derived from official site fact; verify before public deployment
1069,Is School of Environmental Studies one of YABATECH schools?,School of Environmental Studies is one of the academic schools listed by YABATECH.,academics,School of Environmental Studies,official_fact,https://www.yabatech.edu.ng/,current as checked on 2026-05-12
1070,Can you explain: Is School of Environmental Studies one of YABATECH schools? for students,School of Environmental Studies is one of the academic schools listed by YABATECH.,academics,School of Environmental Studies,generated_variation,https://www.yabatech.edu.ng/,derived from official site fact; verify before public deployment
1071,Class question: Is School of Environmental Studies one of YABATECH schools? as a chatbot response,School of Environmental Studies is one of the academic schools listed by YABATECH.,academics,School of Environmental Studies,generated_variation,https://www.yabatech.edu.ng/,derived from official site fact; verify before public deployment
1072,Name one academic school in YABATECH,School of Environmental Studies is one of the academic schools listed by YABATECH.,academics,School of Environmental Studies,official_fact,https://www.yabatech.edu.ng/,current as checked on 2026-05-12
1073,I want to know: Name one academic school in YABATECH for students,School of Environmental Studies is one of the academic schools listed by YABATECH.,academics,School of Environmental Studies,generated_variation,https://www.yabatech.edu.ng/,derived from official site fact; verify before public deployment
1074,Name one academic school in YABATECH on YABATECH website,School of Environmental Studies is one of the academic schools listed by YABATECH.,academics,School of Environmental Studies,generated_variation,https://www.yabatech.edu.ng/,derived from official site fact; verify before public deployment
1075,What school handles Environmental Studies?,School of Environmental Studies is one of the academic schools listed by YABATECH.,academics,School of Environmental Studies,official_fact,https://www.yabatech.edu.ng/,current as checked on 2026-05-12
1076,Class question: What school handles Environmental Studies?,School of Environmental Studies is one of the academic schools listed by YABATECH.,academics,School of Environmental Studies,generated_variation,https://www.yabatech.edu.ng/,derived from official site fact; verify before public deployment
1077,Student asked: What school handles Environmental Studies? for students,School of Environmental Studies is one of the academic schools listed by YABATECH.,academics,School of Environmental Studies,generated_variation,https://www.yabatech.edu.ng/,derived from official site fact; verify before public deployment
1078,Give me a fact about School of Environmental Studies,School of Environmental Studies is one of the academic schools listed by YABATECH.,academics,School of Environmental Studies,official_fact,https://www.yabatech.edu.ng/,current as checked on 2026-05-12
1079,Quick question: Give me a fact about School of Environmental Studies for admission learners,School of Environmental Studies is one of the academic schools listed by YABATECH.,academics,School of Environmental Studies,generated_variation,https://www.yabatech.edu.ng/,derived from official site fact; verify before public deployment
1080,"In simple words, Give me a fact about School of Environmental Studies?",School of Environmental Studies is one of the academic schools listed by YABATECH.,academics,School of Environmental Studies,generated_variation,https://www.yabatech.edu.ng/,derived from official site fact; verify before public deployment
1081,Does YABATECH have School of Liberal Studies?,School of Liberal Studies is one of the academic schools listed by YABATECH.,academics,School of Liberal Studies,official_fact,https://www.yabatech.edu.ng/,current as checked on 2026-05-12
1082,Help me answer: Does YABATECH have School of Liberal Studies? briefly,School of Liberal Studies is one of the academic schools listed by YABATECH.,academics,School of Liberal Studies,generated_variation,https://www.yabatech.edu.ng/,derived from official site fact; verify before public deployment
1083,Please answer: Does YABATECH have School of Liberal Studies? for students,School of Liberal Studies is one of the academic schools listed by YABATECH.,academics,School of Liberal Studies,generated_variation,https://www.yabatech.edu.ng/,derived from official site fact; verify before public deployment
1084,Tell me about School of Liberal Studies in YABATECH,School of Liberal Studies is one of the academic schools listed by YABATECH.,academics,School of Liberal Studies,official_fact,https://www.yabatech.edu.ng/,current as checked on 2026-05-12
1085,Tell me about School of Liberal Studies in YABATECH,School of Liberal Studies is one of the academic schools listed by YABATECH.,academics,School of Liberal Studies,generated_variation,https://www.yabatech.edu.ng/,derived from official site fact; verify before public deployment
1086,Student asked: Tell me about School of Liberal Studies in YABATECH?,School of Liberal Studies is one of the academic schools listed by YABATECH.,academics,School of Liberal Studies,generated_variation,https://www.yabatech.edu.ng/,derived from official site fact; verify before public deployment
1087,Is School of Liberal Studies listed under YABATECH academics?,School of Liberal Studies is one of the academic schools listed by YABATECH.,academics,School of Liberal Studies,official_fact,https://www.yabatech.edu.ng/,current as checked on 2026-05-12
1088,Help me answer: Is School of Liberal Studies listed under YABATECH academics? in simple terms,School of Liberal Studies is one of the academic schools listed by YABATECH.,academics,School of Liberal Studies,generated_variation,https://www.yabatech.edu.ng/,derived from official site fact; verify before public deployment
1089,"In simple words, Is School of Liberal Studies listed under YABATECH academics? for admission learners",School of Liberal Studies is one of the academic schools listed by YABATECH.,academics,School of Liberal Studies,generated_variation,https://www.yabatech.edu.ng/,derived from official site fact; verify before public deployment
1090,What is School of Liberal Studies?,School of Liberal Studies is one of the academic schools listed by YABATECH.,academics,School of Liberal Studies,official_fact,https://www.yabatech.edu.ng/,current as checked on 2026-05-12
1091,Can you explain: What is School of Liberal Studies? today,School of Liberal Studies is one of the academic schools listed by YABATECH.,academics,School of Liberal Studies,generated_variation,https://www.yabatech.edu.ng/,derived from official site fact; verify before public deployment
1092,"In simple words, What is School of Liberal Studies?",School of Liberal Studies is one of the academic schools listed by YABATECH.,academics,School of Liberal Studies,generated_variation,https://www.yabatech.edu.ng/,derived from official site fact; verify before public deployment
1093,Which college has School of Liberal Studies?,School of Liberal Studies is one of the academic schools listed by YABATECH.,academics,School of Liberal Studies,official_fact,https://www.yabatech.edu.ng/,current as checked on 2026-05-12
1094,"In simple words, Which college has School of Liberal Studies? on YABATECH website",School of Liberal Studies is one of the academic schools listed by YABATECH.,academics,School of Liberal Studies,generated_variation,https://www.yabatech.edu.ng/,derived from official site fact; verify before public deployment
1095,Please answer: Which college has School of Liberal Studies?,School of Liberal Studies is one of the academic schools listed by YABATECH.,academics,School of Liberal Studies,generated_variation,https://www.yabatech.edu.ng/,derived from official site fact; verify before public deployment
1096,YABATECH School of Liberal Studies information,School of Liberal Studies is one of the academic schools listed by YABATECH.,academics,School of Liberal Studies,official_fact,https://www.yabatech.edu.ng/,current as checked on 2026-05-12
1097,I want to know: YABATECH School of Liberal Studies information as a chatbot response,School of Liberal Studies is one of the academic schools listed by YABATECH.,academics,School of Liberal Studies,generated_variation,https://www.yabatech.edu.ng/,derived from official site fact; verify before public deployment
1098,"In simple words, YABATECH School of Liberal Studies information briefly",School of Liberal Studies is one of the academic schools listed by YABATECH.,academics,School of Liberal Studies,generated_variation,https://www.yabatech.edu.ng/,derived from official site fact; verify before public deployment
1099,Is School of Liberal Studies one of YABATECH schools?,School of Liberal Studies is one of the academic schools listed by YABATECH.,academics,School of Liberal Studies,official_fact,https://www.yabatech.edu.ng/,current as checked on 2026-05-12
1100,Class question: Is School of Liberal Studies one of YABATECH schools? on YABATECH website,School of Liberal Studies is one of the academic schools listed by YABATECH.,academics,School of Liberal Studies,generated_variation,https://www.yabatech.edu.ng/,derived from official site fact; verify before public deployment
1101,Can you explain: Is School of Liberal Studies one of YABATECH schools? for students,School of Liberal Studies is one of the academic schools listed by YABATECH.,academics,School of Liberal Studies,generated_variation,https://www.yabatech.edu.ng/,derived from official site fact; verify before public deployment
1102,Name one academic school in YABATECH,School of Liberal Studies is one of the academic schools listed by YABATECH.,academics,School of Liberal Studies,official_fact,https://www.yabatech.edu.ng/,current as checked on 2026-05-12
1103,Please answer: Name one academic school in YABATECH as a chatbot response,School of Liberal Studies is one of the academic schools listed by YABATECH.,academics,School of Liberal Studies,generated_variation,https://www.yabatech.edu.ng/,derived from official site fact; verify before public deployment
1104,Please answer: Name one academic school in YABATECH on YABATECH website,School of Liberal Studies is one of the academic schools listed by YABATECH.,academics,School of Liberal Studies,generated_variation,https://www.yabatech.edu.ng/,derived from official site fact; verify before public deployment
1105,What school handles Liberal Studies?,School of Liberal Studies is one of the academic schools listed by YABATECH.,academics,School of Liberal Studies,official_fact,https://www.yabatech.edu.ng/,current as checked on 2026-05-12
1106,Class question: What school handles Liberal Studies?,School of Liberal Studies is one of the academic schools listed by YABATECH.,academics,School of Liberal Studies,generated_variation,https://www.yabatech.edu.ng/,derived from official site fact; verify before public deployment
1107,Class question: What school handles Liberal Studies? as a chatbot response,School of Liberal Studies is one of the academic schools listed by YABATECH.,academics,School of Liberal Studies,generated_variation,https://www.yabatech.edu.ng/,derived from official site fact; verify before public deployment
1108,Give me a fact about School of Liberal Studies,School of Liberal Studies is one of the academic schools listed by YABATECH.,academics,School of Liberal Studies,official_fact,https://www.yabatech.edu.ng/,current as checked on 2026-05-12
1109,"For a learner, Give me a fact about School of Liberal Studies briefly",School of Liberal Studies is one of the academic schools listed by YABATECH.,academics,School of Liberal Studies,generated_variation,https://www.yabatech.edu.ng/,derived from official site fact; verify before public deployment
1110,Can you explain: Give me a fact about School of Liberal Studies?,School of Liberal Studies is one of the academic schools listed by YABATECH.,academics,School of Liberal Studies,generated_variation,https://www.yabatech.edu.ng/,derived from official site fact; verify before public deployment
1111,Does YABATECH have School of Management and Business Studies?,School of Management and Business Studies is one of the academic schools listed by YABATECH.,academics,School of Management and Business Studies,official_fact,https://www.yabatech.edu.ng/,current as checked on 2026-05-12
1112,Help me answer: Does YABATECH have School of Management and Business Studies? briefly,School of Management and Business Studies is one of the academic schools listed by YABATECH.,academics,School of Management and Business Studies,generated_variation,https://www.yabatech.edu.ng/,derived from official site fact; verify before public deployment
1113,Please answer: Does YABATECH have School of Management and Business Studies?,School of Management and Business Studies is one of the academic schools listed by YABATECH.,academics,School of Management and Business Studies,generated_variation,https://www.yabatech.edu.ng/,derived from official site fact; verify before public deployment
1114,Tell me about School of Management and Business Studies in YABATECH,School of Management and Business Studies is one of the academic schools listed by YABATECH.,academics,School of Management and Business Studies,official_fact,https://www.yabatech.edu.ng/,current as checked on 2026-05-12
1115,"In simple words, Tell me about School of Management and Business Studies in YABATECH today",School of Management and Business Studies is one of the academic schools listed by YABATECH.,academics,School of Management and Business Studies,generated_variation,https://www.yabatech.edu.ng/,derived from official site fact; verify before public deployment
1116,Quick question: Tell me about School of Management and Business Studies in YABATECH briefly,School of Management and Business Studies is one of the academic schools listed by YABATECH.,academics,School of Management and Business Studies,generated_variation,https://www.yabatech.edu.ng/,derived from official site fact; verify before public deployment
1117,Is School of Management and Business Studies listed under YABATECH academics?,School of Management and Business Studies is one of the academic schools listed by YABATECH.,academics,School of Management and Business Studies,official_fact,https://www.yabatech.edu.ng/,current as checked on 2026-05-12
1118,Student asked: Is School of Management and Business Studies listed under YABATECH academics? for admission learners,School of Management and Business Studies is one of the academic schools listed by YABATECH.,academics,School of Management and Business Studies,generated_variation,https://www.yabatech.edu.ng/,derived from official site fact; verify before public deployment
1119,"In simple words, Is School of Management and Business Studies listed under YABATECH academics? please",School of Management and Business Studies is one of the academic schools listed by YABATECH.,academics,School of Management and Business Studies,generated_variation,https://www.yabatech.edu.ng/,derived from official site fact; verify before public deployment
1120,What is School of Management and Business Studies?,School of Management and Business Studies is one of the academic schools listed by YABATECH.,academics,School of Management and Business Studies,official_fact,https://www.yabatech.edu.ng/,current as checked on 2026-05-12
1121,"In simple words, What is School of Management and Business Studies? for students",School of Management and Business Studies is one of the academic schools listed by YABATECH.,academics,School of Management and Business Studies,generated_variation,https://www.yabatech.edu.ng/,derived from official site fact; verify before public deployment
1122,Can you explain: What is School of Management and Business Studies? please,School of Management and Business Studies is one of the academic schools listed by YABATECH.,academics,School of Management and Business Studies,generated_variation,https://www.yabatech.edu.ng/,derived from official site fact; verify before public deployment
1123,Which college has School of Management and Business Studies?,School of Management and Business Studies is one of the academic schools listed by YABATECH.,academics,School of Management and Business Studies,official_fact,https://www.yabatech.edu.ng/,current as checked on 2026-05-12
1124,Class question: Which college has School of Management and Business Studies?,School of Management and Business Studies is one of the academic schools listed by YABATECH.,academics,School of Management and Business Studies,generated_variation,https://www.yabatech.edu.ng/,derived from official site fact; verify before public deployment
1125,Student asked: Which college has School of Management and Business Studies? for admission learners,School of Management and Business Studies is one of the academic schools listed by YABATECH.,academics,School of Management and Business Studies,generated_variation,https://www.yabatech.edu.ng/,derived from official site fact; verify before public deployment
1126,YABATECH School of Management and Business Studies information,School of Management and Business Studies is one of the academic schools listed by YABATECH.,academics,School of Management and Business Studies,official_fact,https://www.yabatech.edu.ng/,current as checked on 2026-05-12
1127,I want to know: YABATECH School of Management and Business Studies information on YABATECH website,School of Management and Business Studies is one of the academic schools listed by YABATECH.,academics,School of Management and Business Studies,generated_variation,https://www.yabatech.edu.ng/,derived from official site fact; verify before public deployment
1128,Help me answer: YABATECH School of Management and Business Studies information as a chatbot response,School of Management and Business Studies is one of the academic schools listed by YABATECH.,academics,School of Management and Business Studies,generated_variation,https://www.yabatech.edu.ng/,derived from official site fact; verify before public deployment
1129,Is School of Management and Business Studies one of YABATECH schools?,School of Management and Business Studies is one of the academic schools listed by YABATECH.,academics,School of Management and Business Studies,official_fact,https://www.yabatech.edu.ng/,current as checked on 2026-05-12
1130,Quick question: Is School of Management and Business Studies one of YABATECH schools?,School of Management and Business Studies is one of the academic schools listed by YABATECH.,academics,School of Management and Business Studies,generated_variation,https://www.yabatech.edu.ng/,derived from official site fact; verify before public deployment
1131,Help me answer: Is School of Management and Business Studies one of YABATECH schools? for students,School of Management and Business Studies is one of the academic schools listed by YABATECH.,academics,School of Management and Business Studies,generated_variation,https://www.yabatech.edu.ng/,derived from official site fact; verify before public deployment
1132,Name one academic school in YABATECH,School of Management and Business Studies is one of the academic schools listed by YABATECH.,academics,School of Management and Business Studies,official_fact,https://www.yabatech.edu.ng/,current as checked on 2026-05-12
1133,"For a learner, Name one academic school in YABATECH for students",School of Management and Business Studies is one of the academic schools listed by YABATECH.,academics,School of Management and Business Studies,generated_variation,https://www.yabatech.edu.ng/,derived from official site fact; verify before public deployment
1134,Can you explain: Name one academic school in YABATECH?,School of Management and Business Studies is one of the academic schools listed by YABATECH.,academics,School of Management and Business Studies,generated_variation,https://www.yabatech.edu.ng/,derived from official site fact; verify before public deployment
1135,What school handles Management and Business Studies?,School of Management and Business Studies is one of the academic schools listed by YABATECH.,academics,School of Management and Business Studies,official_fact,https://www.yabatech.edu.ng/,current as checked on 2026-05-12
1136,"In simple words, What school handles Management and Business Studies? in simple terms",School of Management and Business Studies is one of the academic schools listed by YABATECH.,academics,School of Management and Business Studies,generated_variation,https://www.yabatech.edu.ng/,derived from official site fact; verify before public deployment
1137,"For a learner, What school handles Management and Business Studies? briefly",School of Management and Business Studies is one of the academic schools listed by YABATECH.,academics,School of Management and Business Studies,generated_variation,https://www.yabatech.edu.ng/,derived from official site fact; verify before public deployment
1138,Give me a fact about School of Management and Business Studies,School of Management and Business Studies is one of the academic schools listed by YABATECH.,academics,School of Management and Business Studies,official_fact,https://www.yabatech.edu.ng/,current as checked on 2026-05-12
1139,"In simple words, Give me a fact about School of Management and Business Studies briefly",School of Management and Business Studies is one of the academic schools listed by YABATECH.,academics,School of Management and Business Studies,generated_variation,https://www.yabatech.edu.ng/,derived from official site fact; verify before public deployment
1140,Give me a fact about School of Management and Business Studies,School of Management and Business Studies is one of the academic schools listed by YABATECH.,academics,School of Management and Business Studies,generated_variation,https://www.yabatech.edu.ng/,derived from official site fact; verify before public deployment
1141,Does YABATECH have School of Science?,School of Science is one of the academic schools listed by YABATECH.,academics,School of Science,official_fact,https://www.yabatech.edu.ng/,current as checked on 2026-05-12
1142,Can you explain: Does YABATECH have School of Science?,School of Science is one of the academic schools listed by YABATECH.,academics,School of Science,generated_variation,https://www.yabatech.edu.ng/,derived from official site fact; verify before public deployment
1143,Student asked: Does YABATECH have School of Science?,School of Science is one of the academic schools listed by YABATECH.,academics,School of Science,generated_variation,https://www.yabatech.edu.ng/,derived from official site fact; verify before public deployment
1144,Tell me about School of Science in YABATECH,School of Science is one of the academic schools listed by YABATECH.,academics,School of Science,official_fact,https://www.yabatech.edu.ng/,current as checked on 2026-05-12
1145,Please answer: Tell me about School of Science in YABATECH for admission learners,School of Science is one of the academic schools listed by YABATECH.,academics,School of Science,generated_variation,https://www.yabatech.edu.ng/,derived from official site fact; verify before public deployment
1146,Class question: Tell me about School of Science in YABATECH briefly,School of Science is one of the academic schools listed by YABATECH.,academics,School of Science,generated_variation,https://www.yabatech.edu.ng/,derived from official site fact; verify before public deployment
1147,Is School of Science listed under YABATECH academics?,School of Science is one of the academic schools listed by YABATECH.,academics,School of Science,official_fact,https://www.yabatech.edu.ng/,current as checked on 2026-05-12
1148,Is School of Science listed under YABATECH academics? for admission learners,School of Science is one of the academic schools listed by YABATECH.,academics,School of Science,generated_variation,https://www.yabatech.edu.ng/,derived from official site fact; verify before public deployment
1149,"For a learner, Is School of Science listed under YABATECH academics?",School of Science is one of the academic schools listed by YABATECH.,academics,School of Science,generated_variation,https://www.yabatech.edu.ng/,derived from official site fact; verify before public deployment
1150,What is School of Science?,School of Science is one of the academic schools listed by YABATECH.,academics,School of Science,official_fact,https://www.yabatech.edu.ng/,current as checked on 2026-05-12
1151,I want to know: What is School of Science? on YABATECH website,School of Science is one of the academic schools listed by YABATECH.,academics,School of Science,generated_variation,https://www.yabatech.edu.ng/,derived from official site fact; verify before public deployment
1152,Student asked: What is School of Science?,School of Science is one of the academic schools listed by YABATECH.,academics,School of Science,generated_variation,https://www.yabatech.edu.ng/,derived from official site fact; verify before public deployment
1153,Which college has School of Science?,School of Science is one of the academic schools listed by YABATECH.,academics,School of Science,official_fact,https://www.yabatech.edu.ng/,current as checked on 2026-05-12
1154,I want to know: Which college has School of Science? for admission learners,School of Science is one of the academic schools listed by YABATECH.,academics,School of Science,generated_variation,https://www.yabatech.edu.ng/,derived from official site fact; verify before public deployment
1155,Student asked: Which college has School of Science? for admission learners,School of Science is one of the academic schools listed by YABATECH.,academics,School of Science,generated_variation,https://www.yabatech.edu.ng/,derived from official site fact; verify before public deployment
1156,YABATECH School of Science information,School of Science is one of the academic schools listed by YABATECH.,academics,School of Science,official_fact,https://www.yabatech.edu.ng/,current as checked on 2026-05-12
1157,"For a learner, YABATECH School of Science information briefly",School of Science is one of the academic schools listed by YABATECH.,academics,School of Science,generated_variation,https://www.yabatech.edu.ng/,derived from official site fact; verify before public deployment
1158,YABATECH School of Science information briefly,School of Science is one of the academic schools listed by YABATECH.,academics,School of Science,generated_variation,https://www.yabatech.edu.ng/,derived from official site fact; verify before public deployment
1159,Is School of Science one of YABATECH schools?,School of Science is one of the academic schools listed by YABATECH.,academics,School of Science,official_fact,https://www.yabatech.edu.ng/,current as checked on 2026-05-12
1160,"For a learner, Is School of Science one of YABATECH schools? on YABATECH website",School of Science is one of the academic schools listed by YABATECH.,academics,School of Science,generated_variation,https://www.yabatech.edu.ng/,derived from official site fact; verify before public deployment
1161,Please answer: Is School of Science one of YABATECH schools? briefly,School of Science is one of the academic schools listed by YABATECH.,academics,School of Science,generated_variation,https://www.yabatech.edu.ng/,derived from official site fact; verify before public deployment
1162,Name one academic school in YABATECH,School of Science is one of the academic schools listed by YABATECH.,academics,School of Science,official_fact,https://www.yabatech.edu.ng/,current as checked on 2026-05-12
1163,I want to know: Name one academic school in YABATECH for admission learners,School of Science is one of the academic schools listed by YABATECH.,academics,School of Science,generated_variation,https://www.yabatech.edu.ng/,derived from official site fact; verify before public deployment
1164,Can you explain: Name one academic school in YABATECH,School of Science is one of the academic schools listed by YABATECH.,academics,School of Science,generated_variation,https://www.yabatech.edu.ng/,derived from official site fact; verify before public deployment
1165,What school handles Science?,School of Science is one of the academic schools listed by YABATECH.,academics,School of Science,official_fact,https://www.yabatech.edu.ng/,current as checked on 2026-05-12
1166,Please answer: What school handles Science? please,School of Science is one of the academic schools listed by YABATECH.,academics,School of Science,generated_variation,https://www.yabatech.edu.ng/,derived from official site fact; verify before public deployment
1167,What school handles Science? please,School of Science is one of the academic schools listed by YABATECH.,academics,School of Science,generated_variation,https://www.yabatech.edu.ng/,derived from official site fact; verify before public deployment
1168,Give me a fact about School of Science,School of Science is one of the academic schools listed by YABATECH.,academics,School of Science,official_fact,https://www.yabatech.edu.ng/,current as checked on 2026-05-12
1169,Help me answer: Give me a fact about School of Science please,School of Science is one of the academic schools listed by YABATECH.,academics,School of Science,generated_variation,https://www.yabatech.edu.ng/,derived from official site fact; verify before public deployment
1170,Give me a fact about School of Science for admission learners,School of Science is one of the academic schools listed by YABATECH.,academics,School of Science,generated_variation,https://www.yabatech.edu.ng/,derived from official site fact; verify before public deployment
1171,Does YABATECH have School of Technical Education?,School of Technical Education is one of the academic schools listed by YABATECH.,academics,School of Technical Education,official_fact,https://www.yabatech.edu.ng/,current as checked on 2026-05-12
1172,Can you explain: Does YABATECH have School of Technical Education? please,School of Technical Education is one of the academic schools listed by YABATECH.,academics,School of Technical Education,generated_variation,https://www.yabatech.edu.ng/,derived from official site fact; verify before public deployment
1173,"In simple words, Does YABATECH have School of Technical Education? in simple terms",School of Technical Education is one of the academic schools listed by YABATECH.,academics,School of Technical Education,generated_variation,https://www.yabatech.edu.ng/,derived from official site fact; verify before public deployment
1174,Tell me about School of Technical Education in YABATECH,School of Technical Education is one of the academic schools listed by YABATECH.,academics,School of Technical Education,official_fact,https://www.yabatech.edu.ng/,current as checked on 2026-05-12
1175,Help me answer: Tell me about School of Technical Education in YABATECH today,School of Technical Education is one of the academic schools listed by YABATECH.,academics,School of Technical Education,generated_variation,https://www.yabatech.edu.ng/,derived from official site fact; verify before public deployment
1176,"For a learner, Tell me about School of Technical Education in YABATECH for admission learners",School of Technical Education is one of the academic schools listed by YABATECH.,academics,School of Technical Education,generated_variation,https://www.yabatech.edu.ng/,derived from official site fact; verify before public deployment
1177,Is School of Technical Education listed under YABATECH academics?,School of Technical Education is one of the academic schools listed by YABATECH.,academics,School of Technical Education,official_fact,https://www.yabatech.edu.ng/,current as checked on 2026-05-12
1178,Can you explain: Is School of Technical Education listed under YABATECH academics? as a chatbot response,School of Technical Education is one of the academic schools listed by YABATECH.,academics,School of Technical Education,generated_variation,https://www.yabatech.edu.ng/,derived from official site fact; verify before public deployment
1179,Quick question: Is School of Technical Education listed under YABATECH academics? for admission learners,School of Technical Education is one of the academic schools listed by YABATECH.,academics,School of Technical Education,generated_variation,https://www.yabatech.edu.ng/,derived from official site fact; verify before public deployment
1180,What is School of Technical Education?,School of Technical Education is one of the academic schools listed by YABATECH.,academics,School of Technical Education,official_fact,https://www.yabatech.edu.ng/,current as checked on 2026-05-12
1181,Student asked: What is School of Technical Education?,School of Technical Education is one of the academic schools listed by YABATECH.,academics,School of Technical Education,generated_variation,https://www.yabatech.edu.ng/,derived from official site fact; verify before public deployment
1182,Help me answer: What is School of Technical Education? for admission learners,School of Technical Education is one of the academic schools listed by YABATECH.,academics,School of Technical Education,generated_variation,https://www.yabatech.edu.ng/,derived from official site fact; verify before public deployment
1183,Which college has School of Technical Education?,School of Technical Education is one of the academic schools listed by YABATECH.,academics,School of Technical Education,official_fact,https://www.yabatech.edu.ng/,current as checked on 2026-05-12
1184,Quick question: Which college has School of Technical Education? as a chatbot response,School of Technical Education is one of the academic schools listed by YABATECH.,academics,School of Technical Education,generated_variation,https://www.yabatech.edu.ng/,derived from official site fact; verify before public deployment
1185,"For a learner, Which college has School of Technical Education? in simple terms",School of Technical Education is one of the academic schools listed by YABATECH.,academics,School of Technical Education,generated_variation,https://www.yabatech.edu.ng/,derived from official site fact; verify before public deployment
1186,YABATECH School of Technical Education information,School of Technical Education is one of the academic schools listed by YABATECH.,academics,School of Technical Education,official_fact,https://www.yabatech.edu.ng/,current as checked on 2026-05-12
1187,Class question: YABATECH School of Technical Education information for students,School of Technical Education is one of the academic schools listed by YABATECH.,academics,School of Technical Education,generated_variation,https://www.yabatech.edu.ng/,derived from official site fact; verify before public deployment
1188,Help me answer: YABATECH School of Technical Education information?,School of Technical Education is one of the academic schools listed by YABATECH.,academics,School of Technical Education,generated_variation,https://www.yabatech.edu.ng/,derived from official site fact; verify before public deployment
1189,Is School of Technical Education one of YABATECH schools?,School of Technical Education is one of the academic schools listed by YABATECH.,academics,School of Technical Education,official_fact,https://www.yabatech.edu.ng/,current as checked on 2026-05-12
1190,Student asked: Is School of Technical Education one of YABATECH schools? as a chatbot response,School of Technical Education is one of the academic schools listed by YABATECH.,academics,School of Technical Education,generated_variation,https://www.yabatech.edu.ng/,derived from official site fact; verify before public deployment
1191,I want to know: Is School of Technical Education one of YABATECH schools? today,School of Technical Education is one of the academic schools listed by YABATECH.,academics,School of Technical Education,generated_variation,https://www.yabatech.edu.ng/,derived from official site fact; verify before public deployment
1192,Name one academic school in YABATECH,School of Technical Education is one of the academic schools listed by YABATECH.,academics,School of Technical Education,official_fact,https://www.yabatech.edu.ng/,current as checked on 2026-05-12
1193,"For a learner, Name one academic school in YABATECH",School of Technical Education is one of the academic schools listed by YABATECH.,academics,School of Technical Education,generated_variation,https://www.yabatech.edu.ng/,derived from official site fact; verify before public deployment
1194,Class question: Name one academic school in YABATECH for students,School of Technical Education is one of the academic schools listed by YABATECH.,academics,School of Technical Education,generated_variation,https://www.yabatech.edu.ng/,derived from official site fact; verify before public deployment
1195,What school handles Technical Education?,School of Technical Education is one of the academic schools listed by YABATECH.,academics,School of Technical Education,official_fact,https://www.yabatech.edu.ng/,current as checked on 2026-05-12
1196,Can you explain: What school handles Technical Education?,School of Technical Education is one of the academic schools listed by YABATECH.,academics,School of Technical Education,generated_variation,https://www.yabatech.edu.ng/,derived from official site fact; verify before public deployment
1197,Can you explain: What school handles Technical Education? on YABATECH website,School of Technical Education is one of the academic schools listed by YABATECH.,academics,School of Technical Education,generated_variation,https://www.yabatech.edu.ng/,derived from official site fact; verify before public deployment
1198,Give me a fact about School of Technical Education,School of Technical Education is one of the academic schools listed by YABATECH.,academics,School of Technical Education,official_fact,https://www.yabatech.edu.ng/,current as checked on 2026-05-12
1199,"In simple words, Give me a fact about School of Technical Education in simple terms",School of Technical Education is one of the academic schools listed by YABATECH.,academics,School of Technical Education,generated_variation,https://www.yabatech.edu.ng/,derived from official site fact; verify before public deployment
1200,Please answer: Give me a fact about School of Technical Education for admission learners,School of Technical Education is one of the academic schools listed by YABATECH.,academics,School of Technical Education,generated_variation,https://www.yabatech.edu.ng/,derived from official site fact; verify before public deployment
1201,Does YABATECH have School of Technology?,School of Technology is one of the academic schools listed by YABATECH.,academics,School of Technology,official_fact,https://www.yabatech.edu.ng/,current as checked on 2026-05-12
1202,Student asked: Does YABATECH have School of Technology? today,School of Technology is one of the academic schools listed by YABATECH.,academics,School of Technology,generated_variation,https://www.yabatech.edu.ng/,derived from official site fact; verify before public deployment
1203,Please answer: Does YABATECH have School of Technology? briefly,School of Technology is one of the academic schools listed by YABATECH.,academics,School of Technology,generated_variation,https://www.yabatech.edu.ng/,derived from official site fact; verify before public deployment
1204,Tell me about School of Technology in YABATECH,School of Technology is one of the academic schools listed by YABATECH.,academics,School of Technology,official_fact,https://www.yabatech.edu.ng/,current as checked on 2026-05-12
1205,"For a learner, Tell me about School of Technology in YABATECH on YABATECH website",School of Technology is one of the academic schools listed by YABATECH.,academics,School of Technology,generated_variation,https://www.yabatech.edu.ng/,derived from official site fact; verify before public deployment
1206,Tell me about School of Technology in YABATECH for students,School of Technology is one of the academic schools listed by YABATECH.,academics,School of Technology,generated_variation,https://www.yabatech.edu.ng/,derived from official site fact; verify before public deployment
1207,Is School of Technology listed under YABATECH academics?,School of Technology is one of the academic schools listed by YABATECH.,academics,School of Technology,official_fact,https://www.yabatech.edu.ng/,current as checked on 2026-05-12
1208,"In simple words, Is School of Technology listed under YABATECH academics? for admission learners",School of Technology is one of the academic schools listed by YABATECH.,academics,School of Technology,generated_variation,https://www.yabatech.edu.ng/,derived from official site fact; verify before public deployment
1209,Class question: Is School of Technology listed under YABATECH academics? today,School of Technology is one of the academic schools listed by YABATECH.,academics,School of Technology,generated_variation,https://www.yabatech.edu.ng/,derived from official site fact; verify before public deployment
1210,What is School of Technology?,School of Technology is one of the academic schools listed by YABATECH.,academics,School of Technology,official_fact,https://www.yabatech.edu.ng/,current as checked on 2026-05-12
1211,"In simple words, What is School of Technology? in simple terms",School of Technology is one of the academic schools listed by YABATECH.,academics,School of Technology,generated_variation,https://www.yabatech.edu.ng/,derived from official site fact; verify before public deployment
1212,I want to know: What is School of Technology? briefly,School of Technology is one of the academic schools listed by YABATECH.,academics,School of Technology,generated_variation,https://www.yabatech.edu.ng/,derived from official site fact; verify before public deployment
1213,Which college has School of Technology?,School of Technology is one of the academic schools listed by YABATECH.,academics,School of Technology,official_fact,https://www.yabatech.edu.ng/,current as checked on 2026-05-12
1214,Please answer: Which college has School of Technology? as a chatbot response,School of Technology is one of the academic schools listed by YABATECH.,academics,School of Technology,generated_variation,https://www.yabatech.edu.ng/,derived from official site fact; verify before public deployment
1215,Help me answer: Which college has School of Technology? in simple terms,School of Technology is one of the academic schools listed by YABATECH.,academics,School of Technology,generated_variation,https://www.yabatech.edu.ng/,derived from official site fact; verify before public deployment
1216,YABATECH School of Technology information,School of Technology is one of the academic schools listed by YABATECH.,academics,School of Technology,official_fact,https://www.yabatech.edu.ng/,current as checked on 2026-05-12
1217,Please answer: YABATECH School of Technology information,School of Technology is one of the academic schools listed by YABATECH.,academics,School of Technology,generated_variation,https://www.yabatech.edu.ng/,derived from official site fact; verify before public deployment
1218,Student asked: YABATECH School of Technology information,School of Technology is one of the academic schools listed by YABATECH.,academics,School of Technology,generated_variation,https://www.yabatech.edu.ng/,derived from official site fact; verify before public deployment
1219,Is School of Technology one of YABATECH schools?,School of Technology is one of the academic schools listed by YABATECH.,academics,School of Technology,official_fact,https://www.yabatech.edu.ng/,current as checked on 2026-05-12
1220,Student asked: Is School of Technology one of YABATECH schools? briefly,School of Technology is one of the academic schools listed by YABATECH.,academics,School of Technology,generated_variation,https://www.yabatech.edu.ng/,derived from official site fact; verify before public deployment
1221,Please answer: Is School of Technology one of YABATECH schools?,School of Technology is one of the academic schools listed by YABATECH.,academics,School of Technology,generated_variation,https://www.yabatech.edu.ng/,derived from official site fact; verify before public deployment
1222,Name one academic school in YABATECH,School of Technology is one of the academic schools listed by YABATECH.,academics,School of Technology,official_fact,https://www.yabatech.edu.ng/,current as checked on 2026-05-12
1223,Can you explain: Name one academic school in YABATECH?,School of Technology is one of the academic schools listed by YABATECH.,academics,School of Technology,generated_variation,https://www.yabatech.edu.ng/,derived from official site fact; verify before public deployment
1224,Can you explain: Name one academic school in YABATECH in simple terms,School of Technology is one of the academic schools listed by YABATECH.,academics,School of Technology,generated_variation,https://www.yabatech.edu.ng/,derived from official site fact; verify before public deployment
1225,What school handles Technology?,School of Technology is one of the academic schools listed by YABATECH.,academics,School of Technology,official_fact,https://www.yabatech.edu.ng/,current as checked on 2026-05-12
1226,Class question: What school handles Technology?,School of Technology is one of the academic schools listed by YABATECH.,academics,School of Technology,generated_variation,https://www.yabatech.edu.ng/,derived from official site fact; verify before public deployment
1227,Can you explain: What school handles Technology? for admission learners,School of Technology is one of the academic schools listed by YABATECH.,academics,School of Technology,generated_variation,https://www.yabatech.edu.ng/,derived from official site fact; verify before public deployment
1228,Give me a fact about School of Technology,School of Technology is one of the academic schools listed by YABATECH.,academics,School of Technology,official_fact,https://www.yabatech.edu.ng/,current as checked on 2026-05-12
1229,Class question: Give me a fact about School of Technology today,School of Technology is one of the academic schools listed by YABATECH.,academics,School of Technology,generated_variation,https://www.yabatech.edu.ng/,derived from official site fact; verify before public deployment
1230,Give me a fact about School of Technology as a chatbot response,School of Technology is one of the academic schools listed by YABATECH.,academics,School of Technology,generated_variation,https://www.yabatech.edu.ng/,derived from official site fact; verify before public deployment
1231,Is Anti-Corruption and Transparency Unit a YABATECH unit?,Anti-Corruption and Transparency Unit is listed as one of the service units on the official YABATECH website.,units,Anti-Corruption and Transparency Unit,official_fact,https://www.yabatech.edu.ng/,current as checked on 2026-05-12
1232,Class question: Is Anti-Corruption and Transparency Unit a YABATECH unit? as a chatbot response,Anti-Corruption and Transparency Unit is listed as one of the service units on the official YABATECH website.,units,Anti-Corruption and Transparency Unit,generated_variation,https://www.yabatech.edu.ng/,derived from official site fact; verify before public deployment
1233,Help me answer: Is Anti-Corruption and Transparency Unit a YABATECH unit? for students,Anti-Corruption and Transparency Unit is listed as one of the service units on the official YABATECH website.,units,Anti-Corruption and Transparency Unit,generated_variation,https://www.yabatech.edu.ng/,derived from official site fact; verify before public deployment
1234,Tell me about Anti-Corruption and Transparency Unit at YABATECH,Anti-Corruption and Transparency Unit is listed as one of the service units on the official YABATECH website.,units,Anti-Corruption and Transparency Unit,official_fact,https://www.yabatech.edu.ng/,current as checked on 2026-05-12
1235,Tell me about Anti-Corruption and Transparency Unit at YABATECH please,Anti-Corruption and Transparency Unit is listed as one of the service units on the official YABATECH website.,units,Anti-Corruption and Transparency Unit,generated_variation,https://www.yabatech.edu.ng/,derived from official site fact; verify before public deployment
1236,Can you explain: Tell me about Anti-Corruption and Transparency Unit at YABATECH for students,Anti-Corruption and Transparency Unit is listed as one of the service units on the official YABATECH website.,units,Anti-Corruption and Transparency Unit,generated_variation,https://www.yabatech.edu.ng/,derived from official site fact; verify before public deployment
1237,Which category is Anti-Corruption and Transparency Unit under?,Anti-Corruption and Transparency Unit is listed as one of the service units on the official YABATECH website.,units,Anti-Corruption and Transparency Unit,official_fact,https://www.yabatech.edu.ng/,current as checked on 2026-05-12
1238,Can you explain: Which category is Anti-Corruption and Transparency Unit under? today,Anti-Corruption and Transparency Unit is listed as one of the service units on the official YABATECH website.,units,Anti-Corruption and Transparency Unit,generated_variation,https://www.yabatech.edu.ng/,derived from official site fact; verify before public deployment
1239,Can you explain: Which category is Anti-Corruption and Transparency Unit under? for students,Anti-Corruption and Transparency Unit is listed as one of the service units on the official YABATECH website.,units,Anti-Corruption and Transparency Unit,generated_variation,https://www.yabatech.edu.ng/,derived from official site fact; verify before public deployment
1240,Does YABATECH list Anti-Corruption and Transparency Unit?,Anti-Corruption and Transparency Unit is listed as one of the service units on the official YABATECH website.,units,Anti-Corruption and Transparency Unit,official_fact,https://www.yabatech.edu.ng/,current as checked on 2026-05-12
1241,Student asked: Does YABATECH list Anti-Corruption and Transparency Unit? as a chatbot response,Anti-Corruption and Transparency Unit is listed as one of the service units on the official YABATECH website.,units,Anti-Corruption and Transparency Unit,generated_variation,https://www.yabatech.edu.ng/,derived from official site fact; verify before public deployment
1242,Class question: Does YABATECH list Anti-Corruption and Transparency Unit?,Anti-Corruption and Transparency Unit is listed as one of the service units on the official YABATECH website.,units,Anti-Corruption and Transparency Unit,generated_variation,https://www.yabatech.edu.ng/,derived from official site fact; verify before public deployment
1243,YABATECH Anti-Corruption and Transparency Unit information,Anti-Corruption and Transparency Unit is listed as one of the service units on the official YABATECH website.,units,Anti-Corruption and Transparency Unit,official_fact,https://www.yabatech.edu.ng/,current as checked on 2026-05-12
1244,Student asked: YABATECH Anti-Corruption and Transparency Unit information?,Anti-Corruption and Transparency Unit is listed as one of the service units on the official YABATECH website.,units,Anti-Corruption and Transparency Unit,generated_variation,https://www.yabatech.edu.ng/,derived from official site fact; verify before public deployment
1245,YABATECH Anti-Corruption and Transparency Unit information briefly,Anti-Corruption and Transparency Unit is listed as one of the service units on the official YABATECH website.,units,Anti-Corruption and Transparency Unit,generated_variation,https://www.yabatech.edu.ng/,derived from official site fact; verify before public deployment
1246,What is Anti-Corruption and Transparency Unit in YABATECH?,Anti-Corruption and Transparency Unit is listed as one of the service units on the official YABATECH website.,units,Anti-Corruption and Transparency Unit,official_fact,https://www.yabatech.edu.ng/,current as checked on 2026-05-12
1247,"For a learner, What is Anti-Corruption and Transparency Unit in YABATECH? please",Anti-Corruption and Transparency Unit is listed as one of the service units on the official YABATECH website.,units,Anti-Corruption and Transparency Unit,generated_variation,https://www.yabatech.edu.ng/,derived from official site fact; verify before public deployment
1248,Please answer: What is Anti-Corruption and Transparency Unit in YABATECH?,Anti-Corruption and Transparency Unit is listed as one of the service units on the official YABATECH website.,units,Anti-Corruption and Transparency Unit,generated_variation,https://www.yabatech.edu.ng/,derived from official site fact; verify before public deployment
1249,Name a YABATECH service unit,Anti-Corruption and Transparency Unit is listed as one of the service units on the official YABATECH website.,units,Anti-Corruption and Transparency Unit,official_fact,https://www.yabatech.edu.ng/,current as checked on 2026-05-12
1250,I want to know: Name a YABATECH service unit for admission learners,Anti-Corruption and Transparency Unit is listed as one of the service units on the official YABATECH website.,units,Anti-Corruption and Transparency Unit,generated_variation,https://www.yabatech.edu.ng/,derived from official site fact; verify before public deployment
1251,Can you explain: Name a YABATECH service unit today,Anti-Corruption and Transparency Unit is listed as one of the service units on the official YABATECH website.,units,Anti-Corruption and Transparency Unit,generated_variation,https://www.yabatech.edu.ng/,derived from official site fact; verify before public deployment
1252,Where is Anti-Corruption and Transparency Unit listed on YABATECH site?,Anti-Corruption and Transparency Unit is listed as one of the service units on the official YABATECH website.,units,Anti-Corruption and Transparency Unit,official_fact,https://www.yabatech.edu.ng/,current as checked on 2026-05-12
1253,Can you explain: Where is Anti-Corruption and Transparency Unit listed on YABATECH site? please,Anti-Corruption and Transparency Unit is listed as one of the service units on the official YABATECH website.,units,Anti-Corruption and Transparency Unit,generated_variation,https://www.yabatech.edu.ng/,derived from official site fact; verify before public deployment
1254,"In simple words, Where is Anti-Corruption and Transparency Unit listed on YABATECH site? on YABATECH website",Anti-Corruption and Transparency Unit is listed as one of the service units on the official YABATECH website.,units,Anti-Corruption and Transparency Unit,generated_variation,https://www.yabatech.edu.ng/,derived from official site fact; verify before public deployment
1255,Give me a fact about Anti-Corruption and Transparency Unit,Anti-Corruption and Transparency Unit is listed as one of the service units on the official YABATECH website.,units,Anti-Corruption and Transparency Unit,official_fact,https://www.yabatech.edu.ng/,current as checked on 2026-05-12
1256,Quick question: Give me a fact about Anti-Corruption and Transparency Unit for students,Anti-Corruption and Transparency Unit is listed as one of the service units on the official YABATECH website.,units,Anti-Corruption and Transparency Unit,generated_variation,https://www.yabatech.edu.ng/,derived from official site fact; verify before public deployment
1257,Can you explain: Give me a fact about Anti-Corruption and Transparency Unit,Anti-Corruption and Transparency Unit is listed as one of the service units on the official YABATECH website.,units,Anti-Corruption and Transparency Unit,generated_variation,https://www.yabatech.edu.ng/,derived from official site fact; verify before public deployment
1258,Is Anti-Corruption and Transparency Unit part of YABATECH services?,Anti-Corruption and Transparency Unit is listed as one of the service units on the official YABATECH website.,units,Anti-Corruption and Transparency Unit,official_fact,https://www.yabatech.edu.ng/,current as checked on 2026-05-12
1259,Can you explain: Is Anti-Corruption and Transparency Unit part of YABATECH services? briefly,Anti-Corruption and Transparency Unit is listed as one of the service units on the official YABATECH website.,units,Anti-Corruption and Transparency Unit,generated_variation,https://www.yabatech.edu.ng/,derived from official site fact; verify before public deployment
1260,I want to know: Is Anti-Corruption and Transparency Unit part of YABATECH services? in simple terms,Anti-Corruption and Transparency Unit is listed as one of the service units on the official YABATECH website.,units,Anti-Corruption and Transparency Unit,generated_variation,https://www.yabatech.edu.ng/,derived from official site fact; verify before public deployment
1261,Is Audit Unit a YABATECH unit?,Audit Unit is listed as one of the service units on the official YABATECH website.,units,Audit Unit,official_fact,https://www.yabatech.edu.ng/,current as checked on 2026-05-12
1262,"For a learner, Is Audit Unit a YABATECH unit? on YABATECH website",Audit Unit is listed as one of the service units on the official YABATECH website.,units,Audit Unit,generated_variation,https://www.yabatech.edu.ng/,derived from official site fact; verify before public deployment
1263,"In simple words, Is Audit Unit a YABATECH unit? please",Audit Unit is listed as one of the service units on the official YABATECH website.,units,Audit Unit,generated_variation,https://www.yabatech.edu.ng/,derived from official site fact; verify before public deployment
1264,Tell me about Audit Unit at YABATECH,Audit Unit is listed as one of the service units on the official YABATECH website.,units,Audit Unit,official_fact,https://www.yabatech.edu.ng/,current as checked on 2026-05-12
1265,Student asked: Tell me about Audit Unit at YABATECH briefly,Audit Unit is listed as one of the service units on the official YABATECH website.,units,Audit Unit,generated_variation,https://www.yabatech.edu.ng/,derived from official site fact; verify before public deployment
1266,Help me answer: Tell me about Audit Unit at YABATECH today,Audit Unit is listed as one of the service units on the official YABATECH website.,units,Audit Unit,generated_variation,https://www.yabatech.edu.ng/,derived from official site fact; verify before public deployment
1267,Which category is Audit Unit under?,Audit Unit is listed as one of the service units on the official YABATECH website.,units,Audit Unit,official_fact,https://www.yabatech.edu.ng/,current as checked on 2026-05-12
1268,Can you explain: Which category is Audit Unit under? for admission learners,Audit Unit is listed as one of the service units on the official YABATECH website.,units,Audit Unit,generated_variation,https://www.yabatech.edu.ng/,derived from official site fact; verify before public deployment
1269,Which category is Audit Unit under? on YABATECH website,Audit Unit is listed as one of the service units on the official YABATECH website.,units,Audit Unit,generated_variation,https://www.yabatech.edu.ng/,derived from official site fact; verify before public deployment
1270,Does YABATECH list Audit Unit?,Audit Unit is listed as one of the service units on the official YABATECH website.,units,Audit Unit,official_fact,https://www.yabatech.edu.ng/,current as checked on 2026-05-12
1271,Does YABATECH list Audit Unit? as a chatbot response,Audit Unit is listed as one of the service units on the official YABATECH website.,units,Audit Unit,generated_variation,https://www.yabatech.edu.ng/,derived from official site fact; verify before public deployment
1272,"In simple words, Does YABATECH list Audit Unit? in simple terms",Audit Unit is listed as one of the service units on the official YABATECH website.,units,Audit Unit,generated_variation,https://www.yabatech.edu.ng/,derived from official site fact; verify before public deployment
1273,YABATECH Audit Unit information,Audit Unit is listed as one of the service units on the official YABATECH website.,units,Audit Unit,official_fact,https://www.yabatech.edu.ng/,current as checked on 2026-05-12
1274,Can you explain: YABATECH Audit Unit information today,Audit Unit is listed as one of the service units on the official YABATECH website.,units,Audit Unit,generated_variation,https://www.yabatech.edu.ng/,derived from official site fact; verify before public deployment
1275,I want to know: YABATECH Audit Unit information on YABATECH website,Audit Unit is listed as one of the service units on the official YABATECH website.,units,Audit Unit,generated_variation,https://www.yabatech.edu.ng/,derived from official site fact; verify before public deployment
1276,What is Audit Unit in YABATECH?,Audit Unit is listed as one of the service units on the official YABATECH website.,units,Audit Unit,official_fact,https://www.yabatech.edu.ng/,current as checked on 2026-05-12
1277,Student asked: What is Audit Unit in YABATECH? for admission learners,Audit Unit is listed as one of the service units on the official YABATECH website.,units,Audit Unit,generated_variation,https://www.yabatech.edu.ng/,derived from official site fact; verify before public deployment
1278,Can you explain: What is Audit Unit in YABATECH? today,Audit Unit is listed as one of the service units on the official YABATECH website.,units,Audit Unit,generated_variation,https://www.yabatech.edu.ng/,derived from official site fact; verify before public deployment
1279,Name a YABATECH service unit,Audit Unit is listed as one of the service units on the official YABATECH website.,units,Audit Unit,official_fact,https://www.yabatech.edu.ng/,current as checked on 2026-05-12
1280,I want to know: Name a YABATECH service unit please,Audit Unit is listed as one of the service units on the official YABATECH website.,units,Audit Unit,generated_variation,https://www.yabatech.edu.ng/,derived from official site fact; verify before public deployment
1281,Please answer: Name a YABATECH service unit today,Audit Unit is listed as one of the service units on the official YABATECH website.,units,Audit Unit,generated_variation,https://www.yabatech.edu.ng/,derived from official site fact; verify before public deployment
1282,Where is Audit Unit listed on YABATECH site?,Audit Unit is listed as one of the service units on the official YABATECH website.,units,Audit Unit,official_fact,https://www.yabatech.edu.ng/,current as checked on 2026-05-12
1283,Quick question: Where is Audit Unit listed on YABATECH site? briefly,Audit Unit is listed as one of the service units on the official YABATECH website.,units,Audit Unit,generated_variation,https://www.yabatech.edu.ng/,derived from official site fact; verify before public deployment
1284,Help me answer: Where is Audit Unit listed on YABATECH site? briefly,Audit Unit is listed as one of the service units on the official YABATECH website.,units,Audit Unit,generated_variation,https://www.yabatech.edu.ng/,derived from official site fact; verify before public deployment
1285,Give me a fact about Audit Unit,Audit Unit is listed as one of the service units on the official YABATECH website.,units,Audit Unit,official_fact,https://www.yabatech.edu.ng/,current as checked on 2026-05-12
1286,Can you explain: Give me a fact about Audit Unit please,Audit Unit is listed as one of the service units on the official YABATECH website.,units,Audit Unit,generated_variation,https://www.yabatech.edu.ng/,derived from official site fact; verify before public deployment
1287,Give me a fact about Audit Unit on YABATECH website,Audit Unit is listed as one of the service units on the official YABATECH website.,units,Audit Unit,generated_variation,https://www.yabatech.edu.ng/,derived from official site fact; verify before public deployment
1288,Is Audit Unit part of YABATECH services?,Audit Unit is listed as one of the service units on the official YABATECH website.,units,Audit Unit,official_fact,https://www.yabatech.edu.ng/,current as checked on 2026-05-12
1289,Student asked: Is Audit Unit part of YABATECH services? briefly,Audit Unit is listed as one of the service units on the official YABATECH website.,units,Audit Unit,generated_variation,https://www.yabatech.edu.ng/,derived from official site fact; verify before public deployment
1290,Quick question: Is Audit Unit part of YABATECH services? on YABATECH website,Audit Unit is listed as one of the service units on the official YABATECH website.,units,Audit Unit,generated_variation,https://www.yabatech.edu.ng/,derived from official site fact; verify before public deployment
1291,Is Centre for Information Technology and Management a YABATECH unit?,Centre for Information Technology and Management is listed as one of the service units on the official YABATECH website.,units,Centre for Information Technology and Management,official_fact,https://www.yabatech.edu.ng/,current as checked on 2026-05-12
1292,Can you explain: Is Centre for Information Technology and Management a YABATECH unit?,Centre for Information Technology and Management is listed as one of the service units on the official YABATECH website.,units,Centre for Information Technology and Management,generated_variation,https://www.yabatech.edu.ng/,derived from official site fact; verify before public deployment
1293,"In simple words, Is Centre for Information Technology and Management a YABATECH unit?",Centre for Information Technology and Management is listed as one of the service units on the official YABATECH website.,units,Centre for Information Technology and Management,generated_variation,https://www.yabatech.edu.ng/,derived from official site fact; verify before public deployment
1294,Tell me about Centre for Information Technology and Management at YABATECH,Centre for Information Technology and Management is listed as one of the service units on the official YABATECH website.,units,Centre for Information Technology and Management,official_fact,https://www.yabatech.edu.ng/,current as checked on 2026-05-12
1295,Help me answer: Tell me about Centre for Information Technology and Management at YABATECH?,Centre for Information Technology and Management is listed as one of the service units on the official YABATECH website.,units,Centre for Information Technology and Management,generated_variation,https://www.yabatech.edu.ng/,derived from official site fact; verify before public deployment
1296,"For a learner, Tell me about Centre for Information Technology and Management at YABATECH on YABATECH website",Centre for Information Technology and Management is listed as one of the service units on the official YABATECH website.,units,Centre for Information Technology and Management,generated_variation,https://www.yabatech.edu.ng/,derived from official site fact; verify before public deployment
1297,Which category is Centre for Information Technology and Management under?,Centre for Information Technology and Management is listed as one of the service units on the official YABATECH website.,units,Centre for Information Technology and Management,official_fact,https://www.yabatech.edu.ng/,current as checked on 2026-05-12
1298,Quick question: Which category is Centre for Information Technology and Management under? briefly,Centre for Information Technology and Management is listed as one of the service units on the official YABATECH website.,units,Centre for Information Technology and Management,generated_variation,https://www.yabatech.edu.ng/,derived from official site fact; verify before public deployment
1299,Class question: Which category is Centre for Information Technology and Management under? in simple terms,Centre for Information Technology and Management is listed as one of the service units on the official YABATECH website.,units,Centre for Information Technology and Management,generated_variation,https://www.yabatech.edu.ng/,derived from official site fact; verify before public deployment
1300,Does YABATECH list Centre for Information Technology and Management?,Centre for Information Technology and Management is listed as one of the service units on the official YABATECH website.,units,Centre for Information Technology and Management,official_fact,https://www.yabatech.edu.ng/,current as checked on 2026-05-12
1301,Does YABATECH list Centre for Information Technology and Management? in simple terms,Centre for Information Technology and Management is listed as one of the service units on the official YABATECH website.,units,Centre for Information Technology and Management,generated_variation,https://www.yabatech.edu.ng/,derived from official site fact; verify before public deployment
1302,Help me answer: Does YABATECH list Centre for Information Technology and Management?,Centre for Information Technology and Management is listed as one of the service units on the official YABATECH website.,units,Centre for Information Technology and Management,generated_variation,https://www.yabatech.edu.ng/,derived from official site fact; verify before public deployment
1303,YABATECH Centre for Information Technology and Management information,Centre for Information Technology and Management is listed as one of the service units on the official YABATECH website.,units,Centre for Information Technology and Management,official_fact,https://www.yabatech.edu.ng/,current as checked on 2026-05-12
1304,Can you explain: YABATECH Centre for Information Technology and Management information?,Centre for Information Technology and Management is listed as one of the service units on the official YABATECH website.,units,Centre for Information Technology and Management,generated_variation,https://www.yabatech.edu.ng/,derived from official site fact; verify before public deployment
1305,Help me answer: YABATECH Centre for Information Technology and Management information on YABATECH website,Centre for Information Technology and Management is listed as one of the service units on the official YABATECH website.,units,Centre for Information Technology and Management,generated_variation,https://www.yabatech.edu.ng/,derived from official site fact; verify before public deployment
1306,What is Centre for Information Technology and Management in YABATECH?,Centre for Information Technology and Management is listed as one of the service units on the official YABATECH website.,units,Centre for Information Technology and Management,official_fact,https://www.yabatech.edu.ng/,current as checked on 2026-05-12
1307,Please answer: What is Centre for Information Technology and Management in YABATECH? in simple terms,Centre for Information Technology and Management is listed as one of the service units on the official YABATECH website.,units,Centre for Information Technology and Management,generated_variation,https://www.yabatech.edu.ng/,derived from official site fact; verify before public deployment
1308,"In simple words, What is Centre for Information Technology and Management in YABATECH? in simple terms",Centre for Information Technology and Management is listed as one of the service units on the official YABATECH website.,units,Centre for Information Technology and Management,generated_variation,https://www.yabatech.edu.ng/,derived from official site fact; verify before public deployment
1309,Name a YABATECH service unit,Centre for Information Technology and Management is listed as one of the service units on the official YABATECH website.,units,Centre for Information Technology and Management,official_fact,https://www.yabatech.edu.ng/,current as checked on 2026-05-12
1310,Class question: Name a YABATECH service unit on YABATECH website,Centre for Information Technology and Management is listed as one of the service units on the official YABATECH website.,units,Centre for Information Technology and Management,generated_variation,https://www.yabatech.edu.ng/,derived from official site fact; verify before public deployment
1311,Class question: Name a YABATECH service unit please,Centre for Information Technology and Management is listed as one of the service units on the official YABATECH website.,units,Centre for Information Technology and Management,generated_variation,https://www.yabatech.edu.ng/,derived from official site fact; verify before public deployment
1312,Where is Centre for Information Technology and Management listed on YABATECH site?,Centre for Information Technology and Management is listed as one of the service units on the official YABATECH website.,units,Centre for Information Technology and Management,official_fact,https://www.yabatech.edu.ng/,current as checked on 2026-05-12
1313,Help me answer: Where is Centre for Information Technology and Management listed on YABATECH site?,Centre for Information Technology and Management is listed as one of the service units on the official YABATECH website.,units,Centre for Information Technology and Management,generated_variation,https://www.yabatech.edu.ng/,derived from official site fact; verify before public deployment
1314,Where is Centre for Information Technology and Management listed on YABATECH site? for admission learners,Centre for Information Technology and Management is listed as one of the service units on the official YABATECH website.,units,Centre for Information Technology and Management,generated_variation,https://www.yabatech.edu.ng/,derived from official site fact; verify before public deployment
1315,Give me a fact about Centre for Information Technology and Management,Centre for Information Technology and Management is listed as one of the service units on the official YABATECH website.,units,Centre for Information Technology and Management,official_fact,https://www.yabatech.edu.ng/,current as checked on 2026-05-12
1316,Class question: Give me a fact about Centre for Information Technology and Management briefly,Centre for Information Technology and Management is listed as one of the service units on the official YABATECH website.,units,Centre for Information Technology and Management,generated_variation,https://www.yabatech.edu.ng/,derived from official site fact; verify before public deployment
1317,"For a learner, Give me a fact about Centre for Information Technology and Management on YABATECH website",Centre for Information Technology and Management is listed as one of the service units on the official YABATECH website.,units,Centre for Information Technology and Management,generated_variation,https://www.yabatech.edu.ng/,derived from official site fact; verify before public deployment
1318,Is Centre for Information Technology and Management part of YABATECH services?,Centre for Information Technology and Management is listed as one of the service units on the official YABATECH website.,units,Centre for Information Technology and Management,official_fact,https://www.yabatech.edu.ng/,current as checked on 2026-05-12
1319,Class question: Is Centre for Information Technology and Management part of YABATECH services?,Centre for Information Technology and Management is listed as one of the service units on the official YABATECH website.,units,Centre for Information Technology and Management,generated_variation,https://www.yabatech.edu.ng/,derived from official site fact; verify before public deployment
1320,I want to know: Is Centre for Information Technology and Management part of YABATECH services? please,Centre for Information Technology and Management is listed as one of the service units on the official YABATECH website.,units,Centre for Information Technology and Management,generated_variation,https://www.yabatech.edu.ng/,derived from official site fact; verify before public deployment
1321,Is Medical Services a YABATECH unit?,Medical Services is listed as one of the service units on the official YABATECH website.,units,Medical Services,official_fact,https://www.yabatech.edu.ng/,current as checked on 2026-05-12
1322,Is Medical Services a YABATECH unit? briefly,Medical Services is listed as one of the service units on the official YABATECH website.,units,Medical Services,generated_variation,https://www.yabatech.edu.ng/,derived from official site fact; verify before public deployment
1323,Quick question: Is Medical Services a YABATECH unit? for students,Medical Services is listed as one of the service units on the official YABATECH website.,units,Medical Services,generated_variation,https://www.yabatech.edu.ng/,derived from official site fact; verify before public deployment
1324,Tell me about Medical Services at YABATECH,Medical Services is listed as one of the service units on the official YABATECH website.,units,Medical Services,official_fact,https://www.yabatech.edu.ng/,current as checked on 2026-05-12
1325,Tell me about Medical Services at YABATECH for admission learners,Medical Services is listed as one of the service units on the official YABATECH website.,units,Medical Services,generated_variation,https://www.yabatech.edu.ng/,derived from official site fact; verify before public deployment
1326,"In simple words, Tell me about Medical Services at YABATECH in simple terms",Medical Services is listed as one of the service units on the official YABATECH website.,units,Medical Services,generated_variation,https://www.yabatech.edu.ng/,derived from official site fact; verify before public deployment
1327,Which category is Medical Services under?,Medical Services is listed as one of the service units on the official YABATECH website.,units,Medical Services,official_fact,https://www.yabatech.edu.ng/,current as checked on 2026-05-12
1328,Student asked: Which category is Medical Services under? for students,Medical Services is listed as one of the service units on the official YABATECH website.,units,Medical Services,generated_variation,https://www.yabatech.edu.ng/,derived from official site fact; verify before public deployment
1329,I want to know: Which category is Medical Services under? briefly,Medical Services is listed as one of the service units on the official YABATECH website.,units,Medical Services,generated_variation,https://www.yabatech.edu.ng/,derived from official site fact; verify before public deployment
1330,Does YABATECH list Medical Services?,Medical Services is listed as one of the service units on the official YABATECH website.,units,Medical Services,official_fact,https://www.yabatech.edu.ng/,current as checked on 2026-05-12
1331,"In simple words, Does YABATECH list Medical Services? today",Medical Services is listed as one of the service units on the official YABATECH website.,units,Medical Services,generated_variation,https://www.yabatech.edu.ng/,derived from official site fact; verify before public deployment
1332,"In simple words, Does YABATECH list Medical Services? for students",Medical Services is listed as one of the service units on the official YABATECH website.,units,Medical Services,generated_variation,https://www.yabatech.edu.ng/,derived from official site fact; verify before public deployment
1333,YABATECH Medical Services information,Medical Services is listed as one of the service units on the official YABATECH website.,units,Medical Services,official_fact,https://www.yabatech.edu.ng/,current as checked on 2026-05-12
1334,"For a learner, YABATECH Medical Services information today",Medical Services is listed as one of the service units on the official YABATECH website.,units,Medical Services,generated_variation,https://www.yabatech.edu.ng/,derived from official site fact; verify before public deployment
1335,Can you explain: YABATECH Medical Services information for admission learners,Medical Services is listed as one of the service units on the official YABATECH website.,units,Medical Services,generated_variation,https://www.yabatech.edu.ng/,derived from official site fact; verify before public deployment
1336,What is Medical Services in YABATECH?,Medical Services is listed as one of the service units on the official YABATECH website.,units,Medical Services,official_fact,https://www.yabatech.edu.ng/,current as checked on 2026-05-12
1337,What is Medical Services in YABATECH? today,Medical Services is listed as one of the service units on the official YABATECH website.,units,Medical Services,generated_variation,https://www.yabatech.edu.ng/,derived from official site fact; verify before public deployment
1338,What is Medical Services in YABATECH? please,Medical Services is listed as one of the service units on the official YABATECH website.,units,Medical Services,generated_variation,https://www.yabatech.edu.ng/,derived from official site fact; verify before public deployment
1339,Name a YABATECH service unit,Medical Services is listed as one of the service units on the official YABATECH website.,units,Medical Services,official_fact,https://www.yabatech.edu.ng/,current as checked on 2026-05-12
1340,Student asked: Name a YABATECH service unit briefly,Medical Services is listed as one of the service units on the official YABATECH website.,units,Medical Services,generated_variation,https://www.yabatech.edu.ng/,derived from official site fact; verify before public deployment
1341,Name a YABATECH service unit for admission learners,Medical Services is listed as one of the service units on the official YABATECH website.,units,Medical Services,generated_variation,https://www.yabatech.edu.ng/,derived from official site fact; verify before public deployment
1342,Where is Medical Services listed on YABATECH site?,Medical Services is listed as one of the service units on the official YABATECH website.,units,Medical Services,official_fact,https://www.yabatech.edu.ng/,current as checked on 2026-05-12
1343,Student asked: Where is Medical Services listed on YABATECH site? please,Medical Services is listed as one of the service units on the official YABATECH website.,units,Medical Services,generated_variation,https://www.yabatech.edu.ng/,derived from official site fact; verify before public deployment
1344,Class question: Where is Medical Services listed on YABATECH site? please,Medical Services is listed as one of the service units on the official YABATECH website.,units,Medical Services,generated_variation,https://www.yabatech.edu.ng/,derived from official site fact; verify before public deployment
1345,Give me a fact about Medical Services,Medical Services is listed as one of the service units on the official YABATECH website.,units,Medical Services,official_fact,https://www.yabatech.edu.ng/,current as checked on 2026-05-12
1346,Quick question: Give me a fact about Medical Services on YABATECH website,Medical Services is listed as one of the service units on the official YABATECH website.,units,Medical Services,generated_variation,https://www.yabatech.edu.ng/,derived from official site fact; verify before public deployment
1347,Please answer: Give me a fact about Medical Services,Medical Services is listed as one of the service units on the official YABATECH website.,units,Medical Services,generated_variation,https://www.yabatech.edu.ng/,derived from official site fact; verify before public deployment
1348,Is Medical Services part of YABATECH services?,Medical Services is listed as one of the service units on the official YABATECH website.,units,Medical Services,official_fact,https://www.yabatech.edu.ng/,current as checked on 2026-05-12
1349,Quick question: Is Medical Services part of YABATECH services? please,Medical Services is listed as one of the service units on the official YABATECH website.,units,Medical Services,generated_variation,https://www.yabatech.edu.ng/,derived from official site fact; verify before public deployment
1350,Please answer: Is Medical Services part of YABATECH services? for admission learners,Medical Services is listed as one of the service units on the official YABATECH website.,units,Medical Services,generated_variation,https://www.yabatech.edu.ng/,derived from official site fact; verify before public deployment
1351,Is Physical Planning Unit a YABATECH unit?,Physical Planning Unit is listed as one of the service units on the official YABATECH website.,units,Physical Planning Unit,official_fact,https://www.yabatech.edu.ng/,current as checked on 2026-05-12
1352,Quick question: Is Physical Planning Unit a YABATECH unit?,Physical Planning Unit is listed as one of the service units on the official YABATECH website.,units,Physical Planning Unit,generated_variation,https://www.yabatech.edu.ng/,derived from official site fact; verify before public deployment
1353,Is Physical Planning Unit a YABATECH unit?,Physical Planning Unit is listed as one of the service units on the official YABATECH website.,units,Physical Planning Unit,generated_variation,https://www.yabatech.edu.ng/,derived from official site fact; verify before public deployment
1354,Tell me about Physical Planning Unit at YABATECH,Physical Planning Unit is listed as one of the service units on the official YABATECH website.,units,Physical Planning Unit,official_fact,https://www.yabatech.edu.ng/,current as checked on 2026-05-12
1355,Student asked: Tell me about Physical Planning Unit at YABATECH briefly,Physical Planning Unit is listed as one of the service units on the official YABATECH website.,units,Physical Planning Unit,generated_variation,https://www.yabatech.edu.ng/,derived from official site fact; verify before public deployment
1356,Student asked: Tell me about Physical Planning Unit at YABATECH for admission learners,Physical Planning Unit is listed as one of the service units on the official YABATECH website.,units,Physical Planning Unit,generated_variation,https://www.yabatech.edu.ng/,derived from official site fact; verify before public deployment
1357,Which category is Physical Planning Unit under?,Physical Planning Unit is listed as one of the service units on the official YABATECH website.,units,Physical Planning Unit,official_fact,https://www.yabatech.edu.ng/,current as checked on 2026-05-12
1358,Class question: Which category is Physical Planning Unit under? on YABATECH website,Physical Planning Unit is listed as one of the service units on the official YABATECH website.,units,Physical Planning Unit,generated_variation,https://www.yabatech.edu.ng/,derived from official site fact; verify before public deployment
1359,Student asked: Which category is Physical Planning Unit under? on YABATECH website,Physical Planning Unit is listed as one of the service units on the official YABATECH website.,units,Physical Planning Unit,generated_variation,https://www.yabatech.edu.ng/,derived from official site fact; verify before public deployment
1360,Does YABATECH list Physical Planning Unit?,Physical Planning Unit is listed as one of the service units on the official YABATECH website.,units,Physical Planning Unit,official_fact,https://www.yabatech.edu.ng/,current as checked on 2026-05-12
1361,"In simple words, Does YABATECH list Physical Planning Unit? briefly",Physical Planning Unit is listed as one of the service units on the official YABATECH website.,units,Physical Planning Unit,generated_variation,https://www.yabatech.edu.ng/,derived from official site fact; verify before public deployment
1362,Help me answer: Does YABATECH list Physical Planning Unit? please,Physical Planning Unit is listed as one of the service units on the official YABATECH website.,units,Physical Planning Unit,generated_variation,https://www.yabatech.edu.ng/,derived from official site fact; verify before public deployment
1363,YABATECH Physical Planning Unit information,Physical Planning Unit is listed as one of the service units on the official YABATECH website.,units,Physical Planning Unit,official_fact,https://www.yabatech.edu.ng/,current as checked on 2026-05-12
1364,Can you explain: YABATECH Physical Planning Unit information for students,Physical Planning Unit is listed as one of the service units on the official YABATECH website.,units,Physical Planning Unit,generated_variation,https://www.yabatech.edu.ng/,derived from official site fact; verify before public deployment
1365,"For a learner, YABATECH Physical Planning Unit information as a chatbot response",Physical Planning Unit is listed as one of the service units on the official YABATECH website.,units,Physical Planning Unit,generated_variation,https://www.yabatech.edu.ng/,derived from official site fact; verify before public deployment
1366,What is Physical Planning Unit in YABATECH?,Physical Planning Unit is listed as one of the service units on the official YABATECH website.,units,Physical Planning Unit,official_fact,https://www.yabatech.edu.ng/,current as checked on 2026-05-12
1367,What is Physical Planning Unit in YABATECH?,Physical Planning Unit is listed as one of the service units on the official YABATECH website.,units,Physical Planning Unit,generated_variation,https://www.yabatech.edu.ng/,derived from official site fact; verify before public deployment
1368,What is Physical Planning Unit in YABATECH? briefly,Physical Planning Unit is listed as one of the service units on the official YABATECH website.,units,Physical Planning Unit,generated_variation,https://www.yabatech.edu.ng/,derived from official site fact; verify before public deployment
1369,Name a YABATECH service unit,Physical Planning Unit is listed as one of the service units on the official YABATECH website.,units,Physical Planning Unit,official_fact,https://www.yabatech.edu.ng/,current as checked on 2026-05-12
1370,Can you explain: Name a YABATECH service unit today,Physical Planning Unit is listed as one of the service units on the official YABATECH website.,units,Physical Planning Unit,generated_variation,https://www.yabatech.edu.ng/,derived from official site fact; verify before public deployment
1371,Class question: Name a YABATECH service unit briefly,Physical Planning Unit is listed as one of the service units on the official YABATECH website.,units,Physical Planning Unit,generated_variation,https://www.yabatech.edu.ng/,derived from official site fact; verify before public deployment
1372,Where is Physical Planning Unit listed on YABATECH site?,Physical Planning Unit is listed as one of the service units on the official YABATECH website.,units,Physical Planning Unit,official_fact,https://www.yabatech.edu.ng/,current as checked on 2026-05-12
1373,Class question: Where is Physical Planning Unit listed on YABATECH site? for admission learners,Physical Planning Unit is listed as one of the service units on the official YABATECH website.,units,Physical Planning Unit,generated_variation,https://www.yabatech.edu.ng/,derived from official site fact; verify before public deployment
1374,Class question: Where is Physical Planning Unit listed on YABATECH site? as a chatbot response,Physical Planning Unit is listed as one of the service units on the official YABATECH website.,units,Physical Planning Unit,generated_variation,https://www.yabatech.edu.ng/,derived from official site fact; verify before public deployment
1375,Give me a fact about Physical Planning Unit,Physical Planning Unit is listed as one of the service units on the official YABATECH website.,units,Physical Planning Unit,official_fact,https://www.yabatech.edu.ng/,current as checked on 2026-05-12
1376,I want to know: Give me a fact about Physical Planning Unit?,Physical Planning Unit is listed as one of the service units on the official YABATECH website.,units,Physical Planning Unit,generated_variation,https://www.yabatech.edu.ng/,derived from official site fact; verify before public deployment
1377,Class question: Give me a fact about Physical Planning Unit please,Physical Planning Unit is listed as one of the service units on the official YABATECH website.,units,Physical Planning Unit,generated_variation,https://www.yabatech.edu.ng/,derived from official site fact; verify before public deployment
1378,Is Physical Planning Unit part of YABATECH services?,Physical Planning Unit is listed as one of the service units on the official YABATECH website.,units,Physical Planning Unit,official_fact,https://www.yabatech.edu.ng/,current as checked on 2026-05-12
1379,"For a learner, Is Physical Planning Unit part of YABATECH services?",Physical Planning Unit is listed as one of the service units on the official YABATECH website.,units,Physical Planning Unit,generated_variation,https://www.yabatech.edu.ng/,derived from official site fact; verify before public deployment
1380,Class question: Is Physical Planning Unit part of YABATECH services?,Physical Planning Unit is listed as one of the service units on the official YABATECH website.,units,Physical Planning Unit,generated_variation,https://www.yabatech.edu.ng/,derived from official site fact; verify before public deployment
1381,Is SERVICOM Unit a YABATECH unit?,SERVICOM Unit is listed as one of the service units on the official YABATECH website.,units,SERVICOM Unit,official_fact,https://www.yabatech.edu.ng/,current as checked on 2026-05-12
1382,Help me answer: Is SERVICOM Unit a YABATECH unit? for students,SERVICOM Unit is listed as one of the service units on the official YABATECH website.,units,SERVICOM Unit,generated_variation,https://www.yabatech.edu.ng/,derived from official site fact; verify before public deployment
1383,Can you explain: Is SERVICOM Unit a YABATECH unit? briefly,SERVICOM Unit is listed as one of the service units on the official YABATECH website.,units,SERVICOM Unit,generated_variation,https://www.yabatech.edu.ng/,derived from official site fact; verify before public deployment
1384,Tell me about SERVICOM Unit at YABATECH,SERVICOM Unit is listed as one of the service units on the official YABATECH website.,units,SERVICOM Unit,official_fact,https://www.yabatech.edu.ng/,current as checked on 2026-05-12
1385,Help me answer: Tell me about SERVICOM Unit at YABATECH in simple terms,SERVICOM Unit is listed as one of the service units on the official YABATECH website.,units,SERVICOM Unit,generated_variation,https://www.yabatech.edu.ng/,derived from official site fact; verify before public deployment
1386,Please answer: Tell me about SERVICOM Unit at YABATECH for admission learners,SERVICOM Unit is listed as one of the service units on the official YABATECH website.,units,SERVICOM Unit,generated_variation,https://www.yabatech.edu.ng/,derived from official site fact; verify before public deployment
1387,Which category is SERVICOM Unit under?,SERVICOM Unit is listed as one of the service units on the official YABATECH website.,units,SERVICOM Unit,official_fact,https://www.yabatech.edu.ng/,current as checked on 2026-05-12
1388,Help me answer: Which category is SERVICOM Unit under? today,SERVICOM Unit is listed as one of the service units on the official YABATECH website.,units,SERVICOM Unit,generated_variation,https://www.yabatech.edu.ng/,derived from official site fact; verify before public deployment
1389,Please answer: Which category is SERVICOM Unit under? briefly,SERVICOM Unit is listed as one of the service units on the official YABATECH website.,units,SERVICOM Unit,generated_variation,https://www.yabatech.edu.ng/,derived from official site fact; verify before public deployment
1390,Does YABATECH list SERVICOM Unit?,SERVICOM Unit is listed as one of the service units on the official YABATECH website.,units,SERVICOM Unit,official_fact,https://www.yabatech.edu.ng/,current as checked on 2026-05-12
1391,Quick question: Does YABATECH list SERVICOM Unit? today,SERVICOM Unit is listed as one of the service units on the official YABATECH website.,units,SERVICOM Unit,generated_variation,https://www.yabatech.edu.ng/,derived from official site fact; verify before public deployment
1392,Please answer: Does YABATECH list SERVICOM Unit? on YABATECH website,SERVICOM Unit is listed as one of the service units on the official YABATECH website.,units,SERVICOM Unit,generated_variation,https://www.yabatech.edu.ng/,derived from official site fact; verify before public deployment
1393,YABATECH SERVICOM Unit information,SERVICOM Unit is listed as one of the service units on the official YABATECH website.,units,SERVICOM Unit,official_fact,https://www.yabatech.edu.ng/,current as checked on 2026-05-12
1394,YABATECH SERVICOM Unit information in simple terms,SERVICOM Unit is listed as one of the service units on the official YABATECH website.,units,SERVICOM Unit,generated_variation,https://www.yabatech.edu.ng/,derived from official site fact; verify before public deployment
1395,"In simple words, YABATECH SERVICOM Unit information as a chatbot response",SERVICOM Unit is listed as one of the service units on the official YABATECH website.,units,SERVICOM Unit,generated_variation,https://www.yabatech.edu.ng/,derived from official site fact; verify before public deployment
1396,What is SERVICOM Unit in YABATECH?,SERVICOM Unit is listed as one of the service units on the official YABATECH website.,units,SERVICOM Unit,official_fact,https://www.yabatech.edu.ng/,current as checked on 2026-05-12
1397,"In simple words, What is SERVICOM Unit in YABATECH? for admission learners",SERVICOM Unit is listed as one of the service units on the official YABATECH website.,units,SERVICOM Unit,generated_variation,https://www.yabatech.edu.ng/,derived from official site fact; verify before public deployment
1398,Help me answer: What is SERVICOM Unit in YABATECH? for students,SERVICOM Unit is listed as one of the service units on the official YABATECH website.,units,SERVICOM Unit,generated_variation,https://www.yabatech.edu.ng/,derived from official site fact; verify before public deployment
1399,Name a YABATECH service unit,SERVICOM Unit is listed as one of the service units on the official YABATECH website.,units,SERVICOM Unit,official_fact,https://www.yabatech.edu.ng/,current as checked on 2026-05-12
1400,Help me answer: Name a YABATECH service unit on YABATECH website,SERVICOM Unit is listed as one of the service units on the official YABATECH website.,units,SERVICOM Unit,generated_variation,https://www.yabatech.edu.ng/,derived from official site fact; verify before public deployment
1401,Name a YABATECH service unit as a chatbot response,SERVICOM Unit is listed as one of the service units on the official YABATECH website.,units,SERVICOM Unit,generated_variation,https://www.yabatech.edu.ng/,derived from official site fact; verify before public deployment
1402,Where is SERVICOM Unit listed on YABATECH site?,SERVICOM Unit is listed as one of the service units on the official YABATECH website.,units,SERVICOM Unit,official_fact,https://www.yabatech.edu.ng/,current as checked on 2026-05-12
1403,Can you explain: Where is SERVICOM Unit listed on YABATECH site? in simple terms,SERVICOM Unit is listed as one of the service units on the official YABATECH website.,units,SERVICOM Unit,generated_variation,https://www.yabatech.edu.ng/,derived from official site fact; verify before public deployment
1404,Quick question: Where is SERVICOM Unit listed on YABATECH site? for students,SERVICOM Unit is listed as one of the service units on the official YABATECH website.,units,SERVICOM Unit,generated_variation,https://www.yabatech.edu.ng/,derived from official site fact; verify before public deployment
1405,Give me a fact about SERVICOM Unit,SERVICOM Unit is listed as one of the service units on the official YABATECH website.,units,SERVICOM Unit,official_fact,https://www.yabatech.edu.ng/,current as checked on 2026-05-12
1406,Give me a fact about SERVICOM Unit?,SERVICOM Unit is listed as one of the service units on the official YABATECH website.,units,SERVICOM Unit,generated_variation,https://www.yabatech.edu.ng/,derived from official site fact; verify before public deployment
1407,Can you explain: Give me a fact about SERVICOM Unit?,SERVICOM Unit is listed as one of the service units on the official YABATECH website.,units,SERVICOM Unit,generated_variation,https://www.yabatech.edu.ng/,derived from official site fact; verify before public deployment
1408,Is SERVICOM Unit part of YABATECH services?,SERVICOM Unit is listed as one of the service units on the official YABATECH website.,units,SERVICOM Unit,official_fact,https://www.yabatech.edu.ng/,current as checked on 2026-05-12
1409,Class question: Is SERVICOM Unit part of YABATECH services? on YABATECH website,SERVICOM Unit is listed as one of the service units on the official YABATECH website.,units,SERVICOM Unit,generated_variation,https://www.yabatech.edu.ng/,derived from official site fact; verify before public deployment
1410,Help me answer: Is SERVICOM Unit part of YABATECH services? please,SERVICOM Unit is listed as one of the service units on the official YABATECH website.,units,SERVICOM Unit,generated_variation,https://www.yabatech.edu.ng/,derived from official site fact; verify before public deployment
1411,Is Skills Acquisition Centre a YABATECH unit?,Skills Acquisition Centre is listed as one of the service units on the official YABATECH website.,units,Skills Acquisition Centre,official_fact,https://www.yabatech.edu.ng/,current as checked on 2026-05-12
1412,"In simple words, Is Skills Acquisition Centre a YABATECH unit? on YABATECH website",Skills Acquisition Centre is listed as one of the service units on the official YABATECH website.,units,Skills Acquisition Centre,generated_variation,https://www.yabatech.edu.ng/,derived from official site fact; verify before public deployment
1413,"For a learner, Is Skills Acquisition Centre a YABATECH unit? for admission learners",Skills Acquisition Centre is listed as one of the service units on the official YABATECH website.,units,Skills Acquisition Centre,generated_variation,https://www.yabatech.edu.ng/,derived from official site fact; verify before public deployment
1414,Tell me about Skills Acquisition Centre at YABATECH,Skills Acquisition Centre is listed as one of the service units on the official YABATECH website.,units,Skills Acquisition Centre,official_fact,https://www.yabatech.edu.ng/,current as checked on 2026-05-12
1415,Can you explain: Tell me about Skills Acquisition Centre at YABATECH?,Skills Acquisition Centre is listed as one of the service units on the official YABATECH website.,units,Skills Acquisition Centre,generated_variation,https://www.yabatech.edu.ng/,derived from official site fact; verify before public deployment
1416,Can you explain: Tell me about Skills Acquisition Centre at YABATECH on YABATECH website,Skills Acquisition Centre is listed as one of the service units on the official YABATECH website.,units,Skills Acquisition Centre,generated_variation,https://www.yabatech.edu.ng/,derived from official site fact; verify before public deployment
1417,Which category is Skills Acquisition Centre under?,Skills Acquisition Centre is listed as one of the service units on the official YABATECH website.,units,Skills Acquisition Centre,official_fact,https://www.yabatech.edu.ng/,current as checked on 2026-05-12
1418,"In simple words, Which category is Skills Acquisition Centre under?",Skills Acquisition Centre is listed as one of the service units on the official YABATECH website.,units,Skills Acquisition Centre,generated_variation,https://www.yabatech.edu.ng/,derived from official site fact; verify before public deployment
1419,Please answer: Which category is Skills Acquisition Centre under? as a chatbot response,Skills Acquisition Centre is listed as one of the service units on the official YABATECH website.,units,Skills Acquisition Centre,generated_variation,https://www.yabatech.edu.ng/,derived from official site fact; verify before public deployment
1420,Does YABATECH list Skills Acquisition Centre?,Skills Acquisition Centre is listed as one of the service units on the official YABATECH website.,units,Skills Acquisition Centre,official_fact,https://www.yabatech.edu.ng/,current as checked on 2026-05-12
1421,I want to know: Does YABATECH list Skills Acquisition Centre? in simple terms,Skills Acquisition Centre is listed as one of the service units on the official YABATECH website.,units,Skills Acquisition Centre,generated_variation,https://www.yabatech.edu.ng/,derived from official site fact; verify before public deployment
1422,Help me answer: Does YABATECH list Skills Acquisition Centre? please,Skills Acquisition Centre is listed as one of the service units on the official YABATECH website.,units,Skills Acquisition Centre,generated_variation,https://www.yabatech.edu.ng/,derived from official site fact; verify before public deployment
1423,YABATECH Skills Acquisition Centre information,Skills Acquisition Centre is listed as one of the service units on the official YABATECH website.,units,Skills Acquisition Centre,official_fact,https://www.yabatech.edu.ng/,current as checked on 2026-05-12
1424,Student asked: YABATECH Skills Acquisition Centre information for students,Skills Acquisition Centre is listed as one of the service units on the official YABATECH website.,units,Skills Acquisition Centre,generated_variation,https://www.yabatech.edu.ng/,derived from official site fact; verify before public deployment
1425,"For a learner, YABATECH Skills Acquisition Centre information as a chatbot response",Skills Acquisition Centre is listed as one of the service units on the official YABATECH website.,units,Skills Acquisition Centre,generated_variation,https://www.yabatech.edu.ng/,derived from official site fact; verify before public deployment
1426,What is Skills Acquisition Centre in YABATECH?,Skills Acquisition Centre is listed as one of the service units on the official YABATECH website.,units,Skills Acquisition Centre,official_fact,https://www.yabatech.edu.ng/,current as checked on 2026-05-12
1427,"For a learner, What is Skills Acquisition Centre in YABATECH?",Skills Acquisition Centre is listed as one of the service units on the official YABATECH website.,units,Skills Acquisition Centre,generated_variation,https://www.yabatech.edu.ng/,derived from official site fact; verify before public deployment
1428,"In simple words, What is Skills Acquisition Centre in YABATECH? for admission learners",Skills Acquisition Centre is listed as one of the service units on the official YABATECH website.,units,Skills Acquisition Centre,generated_variation,https://www.yabatech.edu.ng/,derived from official site fact; verify before public deployment
1429,Name a YABATECH service unit,Skills Acquisition Centre is listed as one of the service units on the official YABATECH website.,units,Skills Acquisition Centre,official_fact,https://www.yabatech.edu.ng/,current as checked on 2026-05-12
1430,I want to know: Name a YABATECH service unit for admission learners,Skills Acquisition Centre is listed as one of the service units on the official YABATECH website.,units,Skills Acquisition Centre,generated_variation,https://www.yabatech.edu.ng/,derived from official site fact; verify before public deployment
1431,"In simple words, Name a YABATECH service unit on YABATECH website",Skills Acquisition Centre is listed as one of the service units on the official YABATECH website.,units,Skills Acquisition Centre,generated_variation,https://www.yabatech.edu.ng/,derived from official site fact; verify before public deployment
1432,Where is Skills Acquisition Centre listed on YABATECH site?,Skills Acquisition Centre is listed as one of the service units on the official YABATECH website.,units,Skills Acquisition Centre,official_fact,https://www.yabatech.edu.ng/,current as checked on 2026-05-12
1433,Please answer: Where is Skills Acquisition Centre listed on YABATECH site?,Skills Acquisition Centre is listed as one of the service units on the official YABATECH website.,units,Skills Acquisition Centre,generated_variation,https://www.yabatech.edu.ng/,derived from official site fact; verify before public deployment
1434,Please answer: Where is Skills Acquisition Centre listed on YABATECH site?,Skills Acquisition Centre is listed as one of the service units on the official YABATECH website.,units,Skills Acquisition Centre,generated_variation,https://www.yabatech.edu.ng/,derived from official site fact; verify before public deployment
1435,Give me a fact about Skills Acquisition Centre,Skills Acquisition Centre is listed as one of the service units on the official YABATECH website.,units,Skills Acquisition Centre,official_fact,https://www.yabatech.edu.ng/,current as checked on 2026-05-12
1436,Can you explain: Give me a fact about Skills Acquisition Centre in simple terms,Skills Acquisition Centre is listed as one of the service units on the official YABATECH website.,units,Skills Acquisition Centre,generated_variation,https://www.yabatech.edu.ng/,derived from official site fact; verify before public deployment
1437,Give me a fact about Skills Acquisition Centre,Skills Acquisition Centre is listed as one of the service units on the official YABATECH website.,units,Skills Acquisition Centre,generated_variation,https://www.yabatech.edu.ng/,derived from official site fact; verify before public deployment
1438,Is Skills Acquisition Centre part of YABATECH services?,Skills Acquisition Centre is listed as one of the service units on the official YABATECH website.,units,Skills Acquisition Centre,official_fact,https://www.yabatech.edu.ng/,current as checked on 2026-05-12
1439,Student asked: Is Skills Acquisition Centre part of YABATECH services? as a chatbot response,Skills Acquisition Centre is listed as one of the service units on the official YABATECH website.,units,Skills Acquisition Centre,generated_variation,https://www.yabatech.edu.ng/,derived from official site fact; verify before public deployment
1440,Help me answer: Is Skills Acquisition Centre part of YABATECH services? today,Skills Acquisition Centre is listed as one of the service units on the official YABATECH website.,units,Skills Acquisition Centre,generated_variation,https://www.yabatech.edu.ng/,derived from official site fact; verify before public deployment
1441,Is Student Industrial Work Experience Scheme a YABATECH unit?,Student Industrial Work Experience Scheme is listed as one of the service units on the official YABATECH website.,units,Student Industrial Work Experience Scheme,official_fact,https://www.yabatech.edu.ng/,current as checked on 2026-05-12
1442,Quick question: Is Student Industrial Work Experience Scheme a YABATECH unit?,Student Industrial Work Experience Scheme is listed as one of the service units on the official YABATECH website.,units,Student Industrial Work Experience Scheme,generated_variation,https://www.yabatech.edu.ng/,derived from official site fact; verify before public deployment
1443,Please answer: Is Student Industrial Work Experience Scheme a YABATECH unit? briefly,Student Industrial Work Experience Scheme is listed as one of the service units on the official YABATECH website.,units,Student Industrial Work Experience Scheme,generated_variation,https://www.yabatech.edu.ng/,derived from official site fact; verify before public deployment
1444,Tell me about Student Industrial Work Experience Scheme at YABATECH,Student Industrial Work Experience Scheme is listed as one of the service units on the official YABATECH website.,units,Student Industrial Work Experience Scheme,official_fact,https://www.yabatech.edu.ng/,current as checked on 2026-05-12
1445,Student asked: Tell me about Student Industrial Work Experience Scheme at YABATECH on YABATECH website,Student Industrial Work Experience Scheme is listed as one of the service units on the official YABATECH website.,units,Student Industrial Work Experience Scheme,generated_variation,https://www.yabatech.edu.ng/,derived from official site fact; verify before public deployment
1446,Student asked: Tell me about Student Industrial Work Experience Scheme at YABATECH?,Student Industrial Work Experience Scheme is listed as one of the service units on the official YABATECH website.,units,Student Industrial Work Experience Scheme,generated_variation,https://www.yabatech.edu.ng/,derived from official site fact; verify before public deployment
1447,Which category is Student Industrial Work Experience Scheme under?,Student Industrial Work Experience Scheme is listed as one of the service units on the official YABATECH website.,units,Student Industrial Work Experience Scheme,official_fact,https://www.yabatech.edu.ng/,current as checked on 2026-05-12
1448,"In simple words, Which category is Student Industrial Work Experience Scheme under? briefly",Student Industrial Work Experience Scheme is listed as one of the service units on the official YABATECH website.,units,Student Industrial Work Experience Scheme,generated_variation,https://www.yabatech.edu.ng/,derived from official site fact; verify before public deployment
1449,"For a learner, Which category is Student Industrial Work Experience Scheme under? as a chatbot response",Student Industrial Work Experience Scheme is listed as one of the service units on the official YABATECH website.,units,Student Industrial Work Experience Scheme,generated_variation,https://www.yabatech.edu.ng/,derived from official site fact; verify before public deployment
1450,Does YABATECH list Student Industrial Work Experience Scheme?,Student Industrial Work Experience Scheme is listed as one of the service units on the official YABATECH website.,units,Student Industrial Work Experience Scheme,official_fact,https://www.yabatech.edu.ng/,current as checked on 2026-05-12
1451,Help me answer: Does YABATECH list Student Industrial Work Experience Scheme?,Student Industrial Work Experience Scheme is listed as one of the service units on the official YABATECH website.,units,Student Industrial Work Experience Scheme,generated_variation,https://www.yabatech.edu.ng/,derived from official site fact; verify before public deployment
1452,I want to know: Does YABATECH list Student Industrial Work Experience Scheme? please,Student Industrial Work Experience Scheme is listed as one of the service units on the official YABATECH website.,units,Student Industrial Work Experience Scheme,generated_variation,https://www.yabatech.edu.ng/,derived from official site fact; verify before public deployment
1453,YABATECH Student Industrial Work Experience Scheme information,Student Industrial Work Experience Scheme is listed as one of the service units on the official YABATECH website.,units,Student Industrial Work Experience Scheme,official_fact,https://www.yabatech.edu.ng/,current as checked on 2026-05-12
1454,YABATECH Student Industrial Work Experience Scheme information,Student Industrial Work Experience Scheme is listed as one of the service units on the official YABATECH website.,units,Student Industrial Work Experience Scheme,generated_variation,https://www.yabatech.edu.ng/,derived from official site fact; verify before public deployment
1455,"For a learner, YABATECH Student Industrial Work Experience Scheme information?",Student Industrial Work Experience Scheme is listed as one of the service units on the official YABATECH website.,units,Student Industrial Work Experience Scheme,generated_variation,https://www.yabatech.edu.ng/,derived from official site fact; verify before public deployment
1456,What is Student Industrial Work Experience Scheme in YABATECH?,Student Industrial Work Experience Scheme is listed as one of the service units on the official YABATECH website.,units,Student Industrial Work Experience Scheme,official_fact,https://www.yabatech.edu.ng/,current as checked on 2026-05-12
1457,Class question: What is Student Industrial Work Experience Scheme in YABATECH?,Student Industrial Work Experience Scheme is listed as one of the service units on the official YABATECH website.,units,Student Industrial Work Experience Scheme,generated_variation,https://www.yabatech.edu.ng/,derived from official site fact; verify before public deployment
1458,Class question: What is Student Industrial Work Experience Scheme in YABATECH? for admission learners,Student Industrial Work Experience Scheme is listed as one of the service units on the official YABATECH website.,units,Student Industrial Work Experience Scheme,generated_variation,https://www.yabatech.edu.ng/,derived from official site fact; verify before public deployment
1459,Name a YABATECH service unit,Student Industrial Work Experience Scheme is listed as one of the service units on the official YABATECH website.,units,Student Industrial Work Experience Scheme,official_fact,https://www.yabatech.edu.ng/,current as checked on 2026-05-12
1460,I want to know: Name a YABATECH service unit?,Student Industrial Work Experience Scheme is listed as one of the service units on the official YABATECH website.,units,Student Industrial Work Experience Scheme,generated_variation,https://www.yabatech.edu.ng/,derived from official site fact; verify before public deployment
1461,Quick question: Name a YABATECH service unit,Student Industrial Work Experience Scheme is listed as one of the service units on the official YABATECH website.,units,Student Industrial Work Experience Scheme,generated_variation,https://www.yabatech.edu.ng/,derived from official site fact; verify before public deployment
1462,Where is Student Industrial Work Experience Scheme listed on YABATECH site?,Student Industrial Work Experience Scheme is listed as one of the service units on the official YABATECH website.,units,Student Industrial Work Experience Scheme,official_fact,https://www.yabatech.edu.ng/,current as checked on 2026-05-12
1463,Student asked: Where is Student Industrial Work Experience Scheme listed on YABATECH site? briefly,Student Industrial Work Experience Scheme is listed as one of the service units on the official YABATECH website.,units,Student Industrial Work Experience Scheme,generated_variation,https://www.yabatech.edu.ng/,derived from official site fact; verify before public deployment
1464,Student asked: Where is Student Industrial Work Experience Scheme listed on YABATECH site? briefly,Student Industrial Work Experience Scheme is listed as one of the service units on the official YABATECH website.,units,Student Industrial Work Experience Scheme,generated_variation,https://www.yabatech.edu.ng/,derived from official site fact; verify before public deployment
1465,Give me a fact about Student Industrial Work Experience Scheme,Student Industrial Work Experience Scheme is listed as one of the service units on the official YABATECH website.,units,Student Industrial Work Experience Scheme,official_fact,https://www.yabatech.edu.ng/,current as checked on 2026-05-12
1466,Student asked: Give me a fact about Student Industrial Work Experience Scheme for students,Student Industrial Work Experience Scheme is listed as one of the service units on the official YABATECH website.,units,Student Industrial Work Experience Scheme,generated_variation,https://www.yabatech.edu.ng/,derived from official site fact; verify before public deployment
1467,Give me a fact about Student Industrial Work Experience Scheme as a chatbot response,Student Industrial Work Experience Scheme is listed as one of the service units on the official YABATECH website.,units,Student Industrial Work Experience Scheme,generated_variation,https://www.yabatech.edu.ng/,derived from official site fact; verify before public deployment
1468,Is Student Industrial Work Experience Scheme part of YABATECH services?,Student Industrial Work Experience Scheme is listed as one of the service units on the official YABATECH website.,units,Student Industrial Work Experience Scheme,official_fact,https://www.yabatech.edu.ng/,current as checked on 2026-05-12
1469,Help me answer: Is Student Industrial Work Experience Scheme part of YABATECH services? please,Student Industrial Work Experience Scheme is listed as one of the service units on the official YABATECH website.,units,Student Industrial Work Experience Scheme,generated_variation,https://www.yabatech.edu.ng/,derived from official site fact; verify before public deployment
1470,"For a learner, Is Student Industrial Work Experience Scheme part of YABATECH services?",Student Industrial Work Experience Scheme is listed as one of the service units on the official YABATECH website.,units,Student Industrial Work Experience Scheme,generated_variation,https://www.yabatech.edu.ng/,derived from official site fact; verify before public deployment
1471,Is Transport Unit a YABATECH unit?,Transport Unit is listed as one of the service units on the official YABATECH website.,units,Transport Unit,official_fact,https://www.yabatech.edu.ng/,current as checked on 2026-05-12
1472,"For a learner, Is Transport Unit a YABATECH unit? please",Transport Unit is listed as one of the service units on the official YABATECH website.,units,Transport Unit,generated_variation,https://www.yabatech.edu.ng/,derived from official site fact; verify before public deployment
1473,Student asked: Is Transport Unit a YABATECH unit? for students,Transport Unit is listed as one of the service units on the official YABATECH website.,units,Transport Unit,generated_variation,https://www.yabatech.edu.ng/,derived from official site fact; verify before public deployment
1474,Tell me about Transport Unit at YABATECH,Transport Unit is listed as one of the service units on the official YABATECH website.,units,Transport Unit,official_fact,https://www.yabatech.edu.ng/,current as checked on 2026-05-12
1475,Please answer: Tell me about Transport Unit at YABATECH on YABATECH website,Transport Unit is listed as one of the service units on the official YABATECH website.,units,Transport Unit,generated_variation,https://www.yabatech.edu.ng/,derived from official site fact; verify before public deployment
1476,Quick question: Tell me about Transport Unit at YABATECH,Transport Unit is listed as one of the service units on the official YABATECH website.,units,Transport Unit,generated_variation,https://www.yabatech.edu.ng/,derived from official site fact; verify before public deployment
1477,Which category is Transport Unit under?,Transport Unit is listed as one of the service units on the official YABATECH website.,units,Transport Unit,official_fact,https://www.yabatech.edu.ng/,current as checked on 2026-05-12
1478,Help me answer: Which category is Transport Unit under? please,Transport Unit is listed as one of the service units on the official YABATECH website.,units,Transport Unit,generated_variation,https://www.yabatech.edu.ng/,derived from official site fact; verify before public deployment
1479,Please answer: Which category is Transport Unit under?,Transport Unit is listed as one of the service units on the official YABATECH website.,units,Transport Unit,generated_variation,https://www.yabatech.edu.ng/,derived from official site fact; verify before public deployment
1480,Does YABATECH list Transport Unit?,Transport Unit is listed as one of the service units on the official YABATECH website.,units,Transport Unit,official_fact,https://www.yabatech.edu.ng/,current as checked on 2026-05-12
1481,"In simple words, Does YABATECH list Transport Unit? on YABATECH website",Transport Unit is listed as one of the service units on the official YABATECH website.,units,Transport Unit,generated_variation,https://www.yabatech.edu.ng/,derived from official site fact; verify before public deployment
1482,Please answer: Does YABATECH list Transport Unit? briefly,Transport Unit is listed as one of the service units on the official YABATECH website.,units,Transport Unit,generated_variation,https://www.yabatech.edu.ng/,derived from official site fact; verify before public deployment
1483,YABATECH Transport Unit information,Transport Unit is listed as one of the service units on the official YABATECH website.,units,Transport Unit,official_fact,https://www.yabatech.edu.ng/,current as checked on 2026-05-12
1484,Quick question: YABATECH Transport Unit information today,Transport Unit is listed as one of the service units on the official YABATECH website.,units,Transport Unit,generated_variation,https://www.yabatech.edu.ng/,derived from official site fact; verify before public deployment
1485,Please answer: YABATECH Transport Unit information for students,Transport Unit is listed as one of the service units on the official YABATECH website.,units,Transport Unit,generated_variation,https://www.yabatech.edu.ng/,derived from official site fact; verify before public deployment
1486,What is Transport Unit in YABATECH?,Transport Unit is listed as one of the service units on the official YABATECH website.,units,Transport Unit,official_fact,https://www.yabatech.edu.ng/,current as checked on 2026-05-12
1487,"For a learner, What is Transport Unit in YABATECH? on YABATECH website",Transport Unit is listed as one of the service units on the official YABATECH website.,units,Transport Unit,generated_variation,https://www.yabatech.edu.ng/,derived from official site fact; verify before public deployment
1488,What is Transport Unit in YABATECH? as a chatbot response,Transport Unit is listed as one of the service units on the official YABATECH website.,units,Transport Unit,generated_variation,https://www.yabatech.edu.ng/,derived from official site fact; verify before public deployment
1489,Name a YABATECH service unit,Transport Unit is listed as one of the service units on the official YABATECH website.,units,Transport Unit,official_fact,https://www.yabatech.edu.ng/,current as checked on 2026-05-12
1490,Please answer: Name a YABATECH service unit in simple terms,Transport Unit is listed as one of the service units on the official YABATECH website.,units,Transport Unit,generated_variation,https://www.yabatech.edu.ng/,derived from official site fact; verify before public deployment
1491,Class question: Name a YABATECH service unit for admission learners,Transport Unit is listed as one of the service units on the official YABATECH website.,units,Transport Unit,generated_variation,https://www.yabatech.edu.ng/,derived from official site fact; verify before public deployment
1492,Where is Transport Unit listed on YABATECH site?,Transport Unit is listed as one of the service units on the official YABATECH website.,units,Transport Unit,official_fact,https://www.yabatech.edu.ng/,current as checked on 2026-05-12
1493,Student asked: Where is Transport Unit listed on YABATECH site? on YABATECH website,Transport Unit is listed as one of the service units on the official YABATECH website.,units,Transport Unit,generated_variation,https://www.yabatech.edu.ng/,derived from official site fact; verify before public deployment
1494,"In simple words, Where is Transport Unit listed on YABATECH site?",Transport Unit is listed as one of the service units on the official YABATECH website.,units,Transport Unit,generated_variation,https://www.yabatech.edu.ng/,derived from official site fact; verify before public deployment
1495,Give me a fact about Transport Unit,Transport Unit is listed as one of the service units on the official YABATECH website.,units,Transport Unit,official_fact,https://www.yabatech.edu.ng/,current as checked on 2026-05-12
1496,Give me a fact about Transport Unit today,Transport Unit is listed as one of the service units on the official YABATECH website.,units,Transport Unit,generated_variation,https://www.yabatech.edu.ng/,derived from official site fact; verify before public deployment
1497,"In simple words, Give me a fact about Transport Unit for students",Transport Unit is listed as one of the service units on the official YABATECH website.,units,Transport Unit,generated_variation,https://www.yabatech.edu.ng/,derived from official site fact; verify before public deployment
1498,Is Transport Unit part of YABATECH services?,Transport Unit is listed as one of the service units on the official YABATECH website.,units,Transport Unit,official_fact,https://www.yabatech.edu.ng/,current as checked on 2026-05-12
1499,Help me answer: Is Transport Unit part of YABATECH services? today,Transport Unit is listed as one of the service units on the official YABATECH website.,units,Transport Unit,generated_variation,https://www.yabatech.edu.ng/,derived from official site fact; verify before public deployment
1500,"In simple words, Is Transport Unit part of YABATECH services?",Transport Unit is listed as one of the service units on the official YABATECH website.,units,Transport Unit,generated_variation,https://www.yabatech.edu.ng/,derived from official site fact; verify before public deployment
1501,Is Works and Services a YABATECH unit?,Works and Services is listed as one of the service units on the official YABATECH website.,units,Works and Services,official_fact,https://www.yabatech.edu.ng/,current as checked on 2026-05-12
1502,Can you explain: Is Works and Services a YABATECH unit? as a chatbot response,Works and Services is listed as one of the service units on the official YABATECH website.,units,Works and Services,generated_variation,https://www.yabatech.edu.ng/,derived from official site fact; verify before public deployment
1503,Help me answer: Is Works and Services a YABATECH unit? for students,Works and Services is listed as one of the service units on the official YABATECH website.,units,Works and Services,generated_variation,https://www.yabatech.edu.ng/,derived from official site fact; verify before public deployment
1504,Tell me about Works and Services at YABATECH,Works and Services is listed as one of the service units on the official YABATECH website.,units,Works and Services,official_fact,https://www.yabatech.edu.ng/,current as checked on 2026-05-12
1505,Tell me about Works and Services at YABATECH in simple terms,Works and Services is listed as one of the service units on the official YABATECH website.,units,Works and Services,generated_variation,https://www.yabatech.edu.ng/,derived from official site fact; verify before public deployment
1506,"For a learner, Tell me about Works and Services at YABATECH for admission learners",Works and Services is listed as one of the service units on the official YABATECH website.,units,Works and Services,generated_variation,https://www.yabatech.edu.ng/,derived from official site fact; verify before public deployment
1507,Which category is Works and Services under?,Works and Services is listed as one of the service units on the official YABATECH website.,units,Works and Services,official_fact,https://www.yabatech.edu.ng/,current as checked on 2026-05-12
1508,Student asked: Which category is Works and Services under? in simple terms,Works and Services is listed as one of the service units on the official YABATECH website.,units,Works and Services,generated_variation,https://www.yabatech.edu.ng/,derived from official site fact; verify before public deployment
1509,Student asked: Which category is Works and Services under?,Works and Services is listed as one of the service units on the official YABATECH website.,units,Works and Services,generated_variation,https://www.yabatech.edu.ng/,derived from official site fact; verify before public deployment
1510,Does YABATECH list Works and Services?,Works and Services is listed as one of the service units on the official YABATECH website.,units,Works and Services,official_fact,https://www.yabatech.edu.ng/,current as checked on 2026-05-12
1511,Can you explain: Does YABATECH list Works and Services? please,Works and Services is listed as one of the service units on the official YABATECH website.,units,Works and Services,generated_variation,https://www.yabatech.edu.ng/,derived from official site fact; verify before public deployment
1512,Help me answer: Does YABATECH list Works and Services? in simple terms,Works and Services is listed as one of the service units on the official YABATECH website.,units,Works and Services,generated_variation,https://www.yabatech.edu.ng/,derived from official site fact; verify before public deployment
1513,YABATECH Works and Services information,Works and Services is listed as one of the service units on the official YABATECH website.,units,Works and Services,official_fact,https://www.yabatech.edu.ng/,current as checked on 2026-05-12
1514,Help me answer: YABATECH Works and Services information briefly,Works and Services is listed as one of the service units on the official YABATECH website.,units,Works and Services,generated_variation,https://www.yabatech.edu.ng/,derived from official site fact; verify before public deployment
1515,Please answer: YABATECH Works and Services information for students,Works and Services is listed as one of the service units on the official YABATECH website.,units,Works and Services,generated_variation,https://www.yabatech.edu.ng/,derived from official site fact; verify before public deployment
1516,What is Works and Services in YABATECH?,Works and Services is listed as one of the service units on the official YABATECH website.,units,Works and Services,official_fact,https://www.yabatech.edu.ng/,current as checked on 2026-05-12
1517,Please answer: What is Works and Services in YABATECH? on YABATECH website,Works and Services is listed as one of the service units on the official YABATECH website.,units,Works and Services,generated_variation,https://www.yabatech.edu.ng/,derived from official site fact; verify before public deployment
1518,"For a learner, What is Works and Services in YABATECH? for admission learners",Works and Services is listed as one of the service units on the official YABATECH website.,units,Works and Services,generated_variation,https://www.yabatech.edu.ng/,derived from official site fact; verify before public deployment
1519,Name a YABATECH service unit,Works and Services is listed as one of the service units on the official YABATECH website.,units,Works and Services,official_fact,https://www.yabatech.edu.ng/,current as checked on 2026-05-12
1520,Class question: Name a YABATECH service unit on YABATECH website,Works and Services is listed as one of the service units on the official YABATECH website.,units,Works and Services,generated_variation,https://www.yabatech.edu.ng/,derived from official site fact; verify before public deployment
1521,Name a YABATECH service unit for admission learners,Works and Services is listed as one of the service units on the official YABATECH website.,units,Works and Services,generated_variation,https://www.yabatech.edu.ng/,derived from official site fact; verify before public deployment
1522,Where is Works and Services listed on YABATECH site?,Works and Services is listed as one of the service units on the official YABATECH website.,units,Works and Services,official_fact,https://www.yabatech.edu.ng/,current as checked on 2026-05-12
1523,"In simple words, Where is Works and Services listed on YABATECH site? in simple terms",Works and Services is listed as one of the service units on the official YABATECH website.,units,Works and Services,generated_variation,https://www.yabatech.edu.ng/,derived from official site fact; verify before public deployment
1524,Class question: Where is Works and Services listed on YABATECH site? for students,Works and Services is listed as one of the service units on the official YABATECH website.,units,Works and Services,generated_variation,https://www.yabatech.edu.ng/,derived from official site fact; verify before public deployment
1525,Give me a fact about Works and Services,Works and Services is listed as one of the service units on the official YABATECH website.,units,Works and Services,official_fact,https://www.yabatech.edu.ng/,current as checked on 2026-05-12
1526,Student asked: Give me a fact about Works and Services for students,Works and Services is listed as one of the service units on the official YABATECH website.,units,Works and Services,generated_variation,https://www.yabatech.edu.ng/,derived from official site fact; verify before public deployment
1527,Quick question: Give me a fact about Works and Services please,Works and Services is listed as one of the service units on the official YABATECH website.,units,Works and Services,generated_variation,https://www.yabatech.edu.ng/,derived from official site fact; verify before public deployment
1528,Is Works and Services part of YABATECH services?,Works and Services is listed as one of the service units on the official YABATECH website.,units,Works and Services,official_fact,https://www.yabatech.edu.ng/,current as checked on 2026-05-12
1529,"In simple words, Is Works and Services part of YABATECH services?",Works and Services is listed as one of the service units on the official YABATECH website.,units,Works and Services,generated_variation,https://www.yabatech.edu.ng/,derived from official site fact; verify before public deployment
1530,Help me answer: Is Works and Services part of YABATECH services?,Works and Services is listed as one of the service units on the official YABATECH website.,units,Works and Services,generated_variation,https://www.yabatech.edu.ng/,derived from official site fact; verify before public deployment
1531,Is Academic Planning Unit an academic unit in YABATECH?,Academic Planning Unit is listed as one of the academic units on the official YABATECH website.,units,Academic Planning Unit,official_fact,https://www.yabatech.edu.ng/,current as checked on 2026-05-12
1532,"For a learner, Is Academic Planning Unit an academic unit in YABATECH? in simple terms",Academic Planning Unit is listed as one of the academic units on the official YABATECH website.,units,Academic Planning Unit,generated_variation,https://www.yabatech.edu.ng/,derived from official site fact; verify before public deployment
1533,I want to know: Is Academic Planning Unit an academic unit in YABATECH? please,Academic Planning Unit is listed as one of the academic units on the official YABATECH website.,units,Academic Planning Unit,generated_variation,https://www.yabatech.edu.ng/,derived from official site fact; verify before public deployment
1534,Tell me about Academic Planning Unit,Academic Planning Unit is listed as one of the academic units on the official YABATECH website.,units,Academic Planning Unit,official_fact,https://www.yabatech.edu.ng/,current as checked on 2026-05-12
1535,"For a learner, Tell me about Academic Planning Unit briefly",Academic Planning Unit is listed as one of the academic units on the official YABATECH website.,units,Academic Planning Unit,generated_variation,https://www.yabatech.edu.ng/,derived from official site fact; verify before public deployment
1536,Student asked: Tell me about Academic Planning Unit?,Academic Planning Unit is listed as one of the academic units on the official YABATECH website.,units,Academic Planning Unit,generated_variation,https://www.yabatech.edu.ng/,derived from official site fact; verify before public deployment
1537,Does YABATECH have Academic Planning Unit?,Academic Planning Unit is listed as one of the academic units on the official YABATECH website.,units,Academic Planning Unit,official_fact,https://www.yabatech.edu.ng/,current as checked on 2026-05-12
1538,Help me answer: Does YABATECH have Academic Planning Unit? for students,Academic Planning Unit is listed as one of the academic units on the official YABATECH website.,units,Academic Planning Unit,generated_variation,https://www.yabatech.edu.ng/,derived from official site fact; verify before public deployment
1539,Does YABATECH have Academic Planning Unit? for admission learners,Academic Planning Unit is listed as one of the academic units on the official YABATECH website.,units,Academic Planning Unit,generated_variation,https://www.yabatech.edu.ng/,derived from official site fact; verify before public deployment
1540,What is Academic Planning Unit at YABATECH?,Academic Planning Unit is listed as one of the academic units on the official YABATECH website.,units,Academic Planning Unit,official_fact,https://www.yabatech.edu.ng/,current as checked on 2026-05-12
1541,Quick question: What is Academic Planning Unit at YABATECH? please,Academic Planning Unit is listed as one of the academic units on the official YABATECH website.,units,Academic Planning Unit,generated_variation,https://www.yabatech.edu.ng/,derived from official site fact; verify before public deployment
1542,Quick question: What is Academic Planning Unit at YABATECH? as a chatbot response,Academic Planning Unit is listed as one of the academic units on the official YABATECH website.,units,Academic Planning Unit,generated_variation,https://www.yabatech.edu.ng/,derived from official site fact; verify before public deployment
1543,YABATECH Academic Planning Unit information,Academic Planning Unit is listed as one of the academic units on the official YABATECH website.,units,Academic Planning Unit,official_fact,https://www.yabatech.edu.ng/,current as checked on 2026-05-12
1544,I want to know: YABATECH Academic Planning Unit information in simple terms,Academic Planning Unit is listed as one of the academic units on the official YABATECH website.,units,Academic Planning Unit,generated_variation,https://www.yabatech.edu.ng/,derived from official site fact; verify before public deployment
1545,YABATECH Academic Planning Unit information,Academic Planning Unit is listed as one of the academic units on the official YABATECH website.,units,Academic Planning Unit,generated_variation,https://www.yabatech.edu.ng/,derived from official site fact; verify before public deployment
1546,Name an academic unit in YABATECH,Academic Planning Unit is listed as one of the academic units on the official YABATECH website.,units,Academic Planning Unit,official_fact,https://www.yabatech.edu.ng/,current as checked on 2026-05-12
1547,Please answer: Name an academic unit in YABATECH please,Academic Planning Unit is listed as one of the academic units on the official YABATECH website.,units,Academic Planning Unit,generated_variation,https://www.yabatech.edu.ng/,derived from official site fact; verify before public deployment
1548,Name an academic unit in YABATECH please,Academic Planning Unit is listed as one of the academic units on the official YABATECH website.,units,Academic Planning Unit,generated_variation,https://www.yabatech.edu.ng/,derived from official site fact; verify before public deployment
1549,Which YABATECH unit supports this area?,Academic Planning Unit is listed as one of the academic units on the official YABATECH website.,units,Academic Planning Unit,official_fact,https://www.yabatech.edu.ng/,current as checked on 2026-05-12
1550,"In simple words, Which YABATECH unit supports this area? briefly",Academic Planning Unit is listed as one of the academic units on the official YABATECH website.,units,Academic Planning Unit,generated_variation,https://www.yabatech.edu.ng/,derived from official site fact; verify before public deployment
1551,Student asked: Which YABATECH unit supports this area?,Academic Planning Unit is listed as one of the academic units on the official YABATECH website.,units,Academic Planning Unit,generated_variation,https://www.yabatech.edu.ng/,derived from official site fact; verify before public deployment
1552,Where can I find Academic Planning Unit in YABATECH?,Academic Planning Unit is listed as one of the academic units on the official YABATECH website.,units,Academic Planning Unit,official_fact,https://www.yabatech.edu.ng/,current as checked on 2026-05-12
1553,Can you explain: Where can I find Academic Planning Unit in YABATECH? on YABATECH website,Academic Planning Unit is listed as one of the academic units on the official YABATECH website.,units,Academic Planning Unit,generated_variation,https://www.yabatech.edu.ng/,derived from official site fact; verify before public deployment
1554,Where can I find Academic Planning Unit in YABATECH? for admission learners,Academic Planning Unit is listed as one of the academic units on the official YABATECH website.,units,Academic Planning Unit,generated_variation,https://www.yabatech.edu.ng/,derived from official site fact; verify before public deployment
1555,Give me a fact about Academic Planning Unit,Academic Planning Unit is listed as one of the academic units on the official YABATECH website.,units,Academic Planning Unit,official_fact,https://www.yabatech.edu.ng/,current as checked on 2026-05-12
1556,Help me answer: Give me a fact about Academic Planning Unit,Academic Planning Unit is listed as one of the academic units on the official YABATECH website.,units,Academic Planning Unit,generated_variation,https://www.yabatech.edu.ng/,derived from official site fact; verify before public deployment
1557,Help me answer: Give me a fact about Academic Planning Unit today,Academic Planning Unit is listed as one of the academic units on the official YABATECH website.,units,Academic Planning Unit,generated_variation,https://www.yabatech.edu.ng/,derived from official site fact; verify before public deployment
1558,Is Academic Planning Unit listed by YABATECH?,Academic Planning Unit is listed as one of the academic units on the official YABATECH website.,units,Academic Planning Unit,official_fact,https://www.yabatech.edu.ng/,current as checked on 2026-05-12
1559,"In simple words, Is Academic Planning Unit listed by YABATECH? please",Academic Planning Unit is listed as one of the academic units on the official YABATECH website.,units,Academic Planning Unit,generated_variation,https://www.yabatech.edu.ng/,derived from official site fact; verify before public deployment
1560,Student asked: Is Academic Planning Unit listed by YABATECH? for admission learners,Academic Planning Unit is listed as one of the academic units on the official YABATECH website.,units,Academic Planning Unit,generated_variation,https://www.yabatech.edu.ng/,derived from official site fact; verify before public deployment
1561,Is Applied Research and Technology Innovation Unit an academic unit in YABATECH?,Applied Research and Technology Innovation Unit is listed as one of the academic units on the official YABATECH website.,units,Applied Research and Technology Innovation Unit,official_fact,https://www.yabatech.edu.ng/,current as checked on 2026-05-12
1562,Help me answer: Is Applied Research and Technology Innovation Unit an academic unit in YABATECH? today,Applied Research and Technology Innovation Unit is listed as one of the academic units on the official YABATECH website.,units,Applied Research and Technology Innovation Unit,generated_variation,https://www.yabatech.edu.ng/,derived from official site fact; verify before public deployment
1563,Class question: Is Applied Research and Technology Innovation Unit an academic unit in YABATECH? please,Applied Research and Technology Innovation Unit is listed as one of the academic units on the official YABATECH website.,units,Applied Research and Technology Innovation Unit,generated_variation,https://www.yabatech.edu.ng/,derived from official site fact; verify before public deployment
1564,Tell me about Applied Research and Technology Innovation Unit,Applied Research and Technology Innovation Unit is listed as one of the academic units on the official YABATECH website.,units,Applied Research and Technology Innovation Unit,official_fact,https://www.yabatech.edu.ng/,current as checked on 2026-05-12
1565,Please answer: Tell me about Applied Research and Technology Innovation Unit on YABATECH website,Applied Research and Technology Innovation Unit is listed as one of the academic units on the official YABATECH website.,units,Applied Research and Technology Innovation Unit,generated_variation,https://www.yabatech.edu.ng/,derived from official site fact; verify before public deployment
1566,Quick question: Tell me about Applied Research and Technology Innovation Unit for admission learners,Applied Research and Technology Innovation Unit is listed as one of the academic units on the official YABATECH website.,units,Applied Research and Technology Innovation Unit,generated_variation,https://www.yabatech.edu.ng/,derived from official site fact; verify before public deployment
1567,Does YABATECH have Applied Research and Technology Innovation Unit?,Applied Research and Technology Innovation Unit is listed as one of the academic units on the official YABATECH website.,units,Applied Research and Technology Innovation Unit,official_fact,https://www.yabatech.edu.ng/,current as checked on 2026-05-12
1568,Does YABATECH have Applied Research and Technology Innovation Unit? please,Applied Research and Technology Innovation Unit is listed as one of the academic units on the official YABATECH website.,units,Applied Research and Technology Innovation Unit,generated_variation,https://www.yabatech.edu.ng/,derived from official site fact; verify before public deployment
1569,Does YABATECH have Applied Research and Technology Innovation Unit? for students,Applied Research and Technology Innovation Unit is listed as one of the academic units on the official YABATECH website.,units,Applied Research and Technology Innovation Unit,generated_variation,https://www.yabatech.edu.ng/,derived from official site fact; verify before public deployment
1570,What is Applied Research and Technology Innovation Unit at YABATECH?,Applied Research and Technology Innovation Unit is listed as one of the academic units on the official YABATECH website.,units,Applied Research and Technology Innovation Unit,official_fact,https://www.yabatech.edu.ng/,current as checked on 2026-05-12
1571,What is Applied Research and Technology Innovation Unit at YABATECH? as a chatbot response,Applied Research and Technology Innovation Unit is listed as one of the academic units on the official YABATECH website.,units,Applied Research and Technology Innovation Unit,generated_variation,https://www.yabatech.edu.ng/,derived from official site fact; verify before public deployment
1572,I want to know: What is Applied Research and Technology Innovation Unit at YABATECH? for admission learners,Applied Research and Technology Innovation Unit is listed as one of the academic units on the official YABATECH website.,units,Applied Research and Technology Innovation Unit,generated_variation,https://www.yabatech.edu.ng/,derived from official site fact; verify before public deployment
1573,YABATECH Applied Research and Technology Innovation Unit information,Applied Research and Technology Innovation Unit is listed as one of the academic units on the official YABATECH website.,units,Applied Research and Technology Innovation Unit,official_fact,https://www.yabatech.edu.ng/,current as checked on 2026-05-12
1574,Please answer: YABATECH Applied Research and Technology Innovation Unit information on YABATECH website,Applied Research and Technology Innovation Unit is listed as one of the academic units on the official YABATECH website.,units,Applied Research and Technology Innovation Unit,generated_variation,https://www.yabatech.edu.ng/,derived from official site fact; verify before public deployment
1575,"In simple words, YABATECH Applied Research and Technology Innovation Unit information please",Applied Research and Technology Innovation Unit is listed as one of the academic units on the official YABATECH website.,units,Applied Research and Technology Innovation Unit,generated_variation,https://www.yabatech.edu.ng/,derived from official site fact; verify before public deployment
1576,Name an academic unit in YABATECH,Applied Research and Technology Innovation Unit is listed as one of the academic units on the official YABATECH website.,units,Applied Research and Technology Innovation Unit,official_fact,https://www.yabatech.edu.ng/,current as checked on 2026-05-12
1577,Name an academic unit in YABATECH for admission learners,Applied Research and Technology Innovation Unit is listed as one of the academic units on the official YABATECH website.,units,Applied Research and Technology Innovation Unit,generated_variation,https://www.yabatech.edu.ng/,derived from official site fact; verify before public deployment
1578,"For a learner, Name an academic unit in YABATECH",Applied Research and Technology Innovation Unit is listed as one of the academic units on the official YABATECH website.,units,Applied Research and Technology Innovation Unit,generated_variation,https://www.yabatech.edu.ng/,derived from official site fact; verify before public deployment
1579,Which YABATECH unit supports this area?,Applied Research and Technology Innovation Unit is listed as one of the academic units on the official YABATECH website.,units,Applied Research and Technology Innovation Unit,official_fact,https://www.yabatech.edu.ng/,current as checked on 2026-05-12
1580,Student asked: Which YABATECH unit supports this area? for admission learners,Applied Research and Technology Innovation Unit is listed as one of the academic units on the official YABATECH website.,units,Applied Research and Technology Innovation Unit,generated_variation,https://www.yabatech.edu.ng/,derived from official site fact; verify before public deployment
1581,Can you explain: Which YABATECH unit supports this area?,Applied Research and Technology Innovation Unit is listed as one of the academic units on the official YABATECH website.,units,Applied Research and Technology Innovation Unit,generated_variation,https://www.yabatech.edu.ng/,derived from official site fact; verify before public deployment
1582,Where can I find Applied Research and Technology Innovation Unit in YABATECH?,Applied Research and Technology Innovation Unit is listed as one of the academic units on the official YABATECH website.,units,Applied Research and Technology Innovation Unit,official_fact,https://www.yabatech.edu.ng/,current as checked on 2026-05-12
1583,Student asked: Where can I find Applied Research and Technology Innovation Unit in YABATECH? on YABATECH website,Applied Research and Technology Innovation Unit is listed as one of the academic units on the official YABATECH website.,units,Applied Research and Technology Innovation Unit,generated_variation,https://www.yabatech.edu.ng/,derived from official site fact; verify before public deployment
1584,Can you explain: Where can I find Applied Research and Technology Innovation Unit in YABATECH? for admission learners,Applied Research and Technology Innovation Unit is listed as one of the academic units on the official YABATECH website.,units,Applied Research and Technology Innovation Unit,generated_variation,https://www.yabatech.edu.ng/,derived from official site fact; verify before public deployment
1585,Give me a fact about Applied Research and Technology Innovation Unit,Applied Research and Technology Innovation Unit is listed as one of the academic units on the official YABATECH website.,units,Applied Research and Technology Innovation Unit,official_fact,https://www.yabatech.edu.ng/,current as checked on 2026-05-12
1586,Student asked: Give me a fact about Applied Research and Technology Innovation Unit please,Applied Research and Technology Innovation Unit is listed as one of the academic units on the official YABATECH website.,units,Applied Research and Technology Innovation Unit,generated_variation,https://www.yabatech.edu.ng/,derived from official site fact; verify before public deployment
1587,Help me answer: Give me a fact about Applied Research and Technology Innovation Unit in simple terms,Applied Research and Technology Innovation Unit is listed as one of the academic units on the official YABATECH website.,units,Applied Research and Technology Innovation Unit,generated_variation,https://www.yabatech.edu.ng/,derived from official site fact; verify before public deployment
1588,Is Applied Research and Technology Innovation Unit listed by YABATECH?,Applied Research and Technology Innovation Unit is listed as one of the academic units on the official YABATECH website.,units,Applied Research and Technology Innovation Unit,official_fact,https://www.yabatech.edu.ng/,current as checked on 2026-05-12
1589,Student asked: Is Applied Research and Technology Innovation Unit listed by YABATECH? briefly,Applied Research and Technology Innovation Unit is listed as one of the academic units on the official YABATECH website.,units,Applied Research and Technology Innovation Unit,generated_variation,https://www.yabatech.edu.ng/,derived from official site fact; verify before public deployment
1590,"In simple words, Is Applied Research and Technology Innovation Unit listed by YABATECH? today",Applied Research and Technology Innovation Unit is listed as one of the academic units on the official YABATECH website.,units,Applied Research and Technology Innovation Unit,generated_variation,https://www.yabatech.edu.ng/,derived from official site fact; verify before public deployment
1591,Is Centre for Entrepreneurship Development an academic unit in YABATECH?,Centre for Entrepreneurship Development is listed as one of the academic units on the official YABATECH website.,units,Centre for Entrepreneurship Development,official_fact,https://www.yabatech.edu.ng/,current as checked on 2026-05-12
1592,Class question: Is Centre for Entrepreneurship Development an academic unit in YABATECH? briefly,Centre for Entrepreneurship Development is listed as one of the academic units on the official YABATECH website.,units,Centre for Entrepreneurship Development,generated_variation,https://www.yabatech.edu.ng/,derived from official site fact; verify before public deployment
1593,Quick question: Is Centre for Entrepreneurship Development an academic unit in YABATECH?,Centre for Entrepreneurship Development is listed as one of the academic units on the official YABATECH website.,units,Centre for Entrepreneurship Development,generated_variation,https://www.yabatech.edu.ng/,derived from official site fact; verify before public deployment
1594,Tell me about Centre for Entrepreneurship Development,Centre for Entrepreneurship Development is listed as one of the academic units on the official YABATECH website.,units,Centre for Entrepreneurship Development,official_fact,https://www.yabatech.edu.ng/,current as checked on 2026-05-12
1595,Class question: Tell me about Centre for Entrepreneurship Development please,Centre for Entrepreneurship Development is listed as one of the academic units on the official YABATECH website.,units,Centre for Entrepreneurship Development,generated_variation,https://www.yabatech.edu.ng/,derived from official site fact; verify before public deployment
1596,I want to know: Tell me about Centre for Entrepreneurship Development as a chatbot response,Centre for Entrepreneurship Development is listed as one of the academic units on the official YABATECH website.,units,Centre for Entrepreneurship Development,generated_variation,https://www.yabatech.edu.ng/,derived from official site fact; verify before public deployment
1597,Does YABATECH have Centre for Entrepreneurship Development?,Centre for Entrepreneurship Development is listed as one of the academic units on the official YABATECH website.,units,Centre for Entrepreneurship Development,official_fact,https://www.yabatech.edu.ng/,current as checked on 2026-05-12
1598,I want to know: Does YABATECH have Centre for Entrepreneurship Development? today,Centre for Entrepreneurship Development is listed as one of the academic units on the official YABATECH website.,units,Centre for Entrepreneurship Development,generated_variation,https://www.yabatech.edu.ng/,derived from official site fact; verify before public deployment
1599,I want to know: Does YABATECH have Centre for Entrepreneurship Development?,Centre for Entrepreneurship Development is listed as one of the academic units on the official YABATECH website.,units,Centre for Entrepreneurship Development,generated_variation,https://www.yabatech.edu.ng/,derived from official site fact; verify before public deployment
1600,What is Centre for Entrepreneurship Development at YABATECH?,Centre for Entrepreneurship Development is listed as one of the academic units on the official YABATECH website.,units,Centre for Entrepreneurship Development,official_fact,https://www.yabatech.edu.ng/,current as checked on 2026-05-12
1601,Quick question: What is Centre for Entrepreneurship Development at YABATECH? today,Centre for Entrepreneurship Development is listed as one of the academic units on the official YABATECH website.,units,Centre for Entrepreneurship Development,generated_variation,https://www.yabatech.edu.ng/,derived from official site fact; verify before public deployment
1602,"In simple words, What is Centre for Entrepreneurship Development at YABATECH? for admission learners",Centre for Entrepreneurship Development is listed as one of the academic units on the official YABATECH website.,units,Centre for Entrepreneurship Development,generated_variation,https://www.yabatech.edu.ng/,derived from official site fact; verify before public deployment
1603,YABATECH Centre for Entrepreneurship Development information,Centre for Entrepreneurship Development is listed as one of the academic units on the official YABATECH website.,units,Centre for Entrepreneurship Development,official_fact,https://www.yabatech.edu.ng/,current as checked on 2026-05-12
1604,Quick question: YABATECH Centre for Entrepreneurship Development information as a chatbot response,Centre for Entrepreneurship Development is listed as one of the academic units on the official YABATECH website.,units,Centre for Entrepreneurship Development,generated_variation,https://www.yabatech.edu.ng/,derived from official site fact; verify before public deployment
1605,I want to know: YABATECH Centre for Entrepreneurship Development information,Centre for Entrepreneurship Development is listed as one of the academic units on the official YABATECH website.,units,Centre for Entrepreneurship Development,generated_variation,https://www.yabatech.edu.ng/,derived from official site fact; verify before public deployment
1606,Name an academic unit in YABATECH,Centre for Entrepreneurship Development is listed as one of the academic units on the official YABATECH website.,units,Centre for Entrepreneurship Development,official_fact,https://www.yabatech.edu.ng/,current as checked on 2026-05-12
1607,Name an academic unit in YABATECH for admission learners,Centre for Entrepreneurship Development is listed as one of the academic units on the official YABATECH website.,units,Centre for Entrepreneurship Development,generated_variation,https://www.yabatech.edu.ng/,derived from official site fact; verify before public deployment
1608,Please answer: Name an academic unit in YABATECH?,Centre for Entrepreneurship Development is listed as one of the academic units on the official YABATECH website.,units,Centre for Entrepreneurship Development,generated_variation,https://www.yabatech.edu.ng/,derived from official site fact; verify before public deployment
1609,Which YABATECH unit supports this area?,Centre for Entrepreneurship Development is listed as one of the academic units on the official YABATECH website.,units,Centre for Entrepreneurship Development,official_fact,https://www.yabatech.edu.ng/,current as checked on 2026-05-12
1610,Student asked: Which YABATECH unit supports this area? briefly,Centre for Entrepreneurship Development is listed as one of the academic units on the official YABATECH website.,units,Centre for Entrepreneurship Development,generated_variation,https://www.yabatech.edu.ng/,derived from official site fact; verify before public deployment
1611,Help me answer: Which YABATECH unit supports this area? today,Centre for Entrepreneurship Development is listed as one of the academic units on the official YABATECH website.,units,Centre for Entrepreneurship Development,generated_variation,https://www.yabatech.edu.ng/,derived from official site fact; verify before public deployment
1612,Where can I find Centre for Entrepreneurship Development in YABATECH?,Centre for Entrepreneurship Development is listed as one of the academic units on the official YABATECH website.,units,Centre for Entrepreneurship Development,official_fact,https://www.yabatech.edu.ng/,current as checked on 2026-05-12
1613,Class question: Where can I find Centre for Entrepreneurship Development in YABATECH? in simple terms,Centre for Entrepreneurship Development is listed as one of the academic units on the official YABATECH website.,units,Centre for Entrepreneurship Development,generated_variation,https://www.yabatech.edu.ng/,derived from official site fact; verify before public deployment
1614,Please answer: Where can I find Centre for Entrepreneurship Development in YABATECH?,Centre for Entrepreneurship Development is listed as one of the academic units on the official YABATECH website.,units,Centre for Entrepreneurship Development,generated_variation,https://www.yabatech.edu.ng/,derived from official site fact; verify before public deployment
1615,Give me a fact about Centre for Entrepreneurship Development,Centre for Entrepreneurship Development is listed as one of the academic units on the official YABATECH website.,units,Centre for Entrepreneurship Development,official_fact,https://www.yabatech.edu.ng/,current as checked on 2026-05-12
1616,Student asked: Give me a fact about Centre for Entrepreneurship Development in simple terms,Centre for Entrepreneurship Development is listed as one of the academic units on the official YABATECH website.,units,Centre for Entrepreneurship Development,generated_variation,https://www.yabatech.edu.ng/,derived from official site fact; verify before public deployment
1617,I want to know: Give me a fact about Centre for Entrepreneurship Development on YABATECH website,Centre for Entrepreneurship Development is listed as one of the academic units on the official YABATECH website.,units,Centre for Entrepreneurship Development,generated_variation,https://www.yabatech.edu.ng/,derived from official site fact; verify before public deployment
1618,Is Centre for Entrepreneurship Development listed by YABATECH?,Centre for Entrepreneurship Development is listed as one of the academic units on the official YABATECH website.,units,Centre for Entrepreneurship Development,official_fact,https://www.yabatech.edu.ng/,current as checked on 2026-05-12
1619,Can you explain: Is Centre for Entrepreneurship Development listed by YABATECH? in simple terms,Centre for Entrepreneurship Development is listed as one of the academic units on the official YABATECH website.,units,Centre for Entrepreneurship Development,generated_variation,https://www.yabatech.edu.ng/,derived from official site fact; verify before public deployment
1620,Help me answer: Is Centre for Entrepreneurship Development listed by YABATECH? on YABATECH website,Centre for Entrepreneurship Development is listed as one of the academic units on the official YABATECH website.,units,Centre for Entrepreneurship Development,generated_variation,https://www.yabatech.edu.ng/,derived from official site fact; verify before public deployment
1621,"Is Centre for Open, Distance and Flexible e-Learning an academic unit in YABATECH?","Centre for Open, Distance and Flexible e-Learning is listed as one of the academic units on the official YABATECH website.",units,"Centre for Open, Distance and Flexible e-Learning",official_fact,https://www.yabatech.edu.ng/,current as checked on 2026-05-12
1622,"Class question: Is Centre for Open, Distance and Flexible e-Learning an academic unit in YABATECH? please","Centre for Open, Distance and Flexible e-Learning is listed as one of the academic units on the official YABATECH website.",units,"Centre for Open, Distance and Flexible e-Learning",generated_variation,https://www.yabatech.edu.ng/,derived from official site fact; verify before public deployment
1623,"Quick question: Is Centre for Open, Distance and Flexible e-Learning an academic unit in YABATECH? as a chatbot response","Centre for Open, Distance and Flexible e-Learning is listed as one of the academic units on the official YABATECH website.",units,"Centre for Open, Distance and Flexible e-Learning",generated_variation,https://www.yabatech.edu.ng/,derived from official site fact; verify before public deployment
1624,"Tell me about Centre for Open, Distance and Flexible e-Learning","Centre for Open, Distance and Flexible e-Learning is listed as one of the academic units on the official YABATECH website.",units,"Centre for Open, Distance and Flexible e-Learning",official_fact,https://www.yabatech.edu.ng/,current as checked on 2026-05-12
1625,"In simple words, Tell me about Centre for Open, Distance and Flexible e-Learning","Centre for Open, Distance and Flexible e-Learning is listed as one of the academic units on the official YABATECH website.",units,"Centre for Open, Distance and Flexible e-Learning",generated_variation,https://www.yabatech.edu.ng/,derived from official site fact; verify before public deployment
1626,"Student asked: Tell me about Centre for Open, Distance and Flexible e-Learning for admission learners","Centre for Open, Distance and Flexible e-Learning is listed as one of the academic units on the official YABATECH website.",units,"Centre for Open, Distance and Flexible e-Learning",generated_variation,https://www.yabatech.edu.ng/,derived from official site fact; verify before public deployment
1627,"Does YABATECH have Centre for Open, Distance and Flexible e-Learning?","Centre for Open, Distance and Flexible e-Learning is listed as one of the academic units on the official YABATECH website.",units,"Centre for Open, Distance and Flexible e-Learning",official_fact,https://www.yabatech.edu.ng/,current as checked on 2026-05-12
1628,"Quick question: Does YABATECH have Centre for Open, Distance and Flexible e-Learning? on YABATECH website","Centre for Open, Distance and Flexible e-Learning is listed as one of the academic units on the official YABATECH website.",units,"Centre for Open, Distance and Flexible e-Learning",generated_variation,https://www.yabatech.edu.ng/,derived from official site fact; verify before public deployment
1629,"Student asked: Does YABATECH have Centre for Open, Distance and Flexible e-Learning? today","Centre for Open, Distance and Flexible e-Learning is listed as one of the academic units on the official YABATECH website.",units,"Centre for Open, Distance and Flexible e-Learning",generated_variation,https://www.yabatech.edu.ng/,derived from official site fact; verify before public deployment
1630,"What is Centre for Open, Distance and Flexible e-Learning at YABATECH?","Centre for Open, Distance and Flexible e-Learning is listed as one of the academic units on the official YABATECH website.",units,"Centre for Open, Distance and Flexible e-Learning",official_fact,https://www.yabatech.edu.ng/,current as checked on 2026-05-12
1631,"I want to know: What is Centre for Open, Distance and Flexible e-Learning at YABATECH? today","Centre for Open, Distance and Flexible e-Learning is listed as one of the academic units on the official YABATECH website.",units,"Centre for Open, Distance and Flexible e-Learning",generated_variation,https://www.yabatech.edu.ng/,derived from official site fact; verify before public deployment
1632,"Class question: What is Centre for Open, Distance and Flexible e-Learning at YABATECH? for admission learners","Centre for Open, Distance and Flexible e-Learning is listed as one of the academic units on the official YABATECH website.",units,"Centre for Open, Distance and Flexible e-Learning",generated_variation,https://www.yabatech.edu.ng/,derived from official site fact; verify before public deployment
1633,"YABATECH Centre for Open, Distance and Flexible e-Learning information","Centre for Open, Distance and Flexible e-Learning is listed as one of the academic units on the official YABATECH website.",units,"Centre for Open, Distance and Flexible e-Learning",official_fact,https://www.yabatech.edu.ng/,current as checked on 2026-05-12
1634,"Student asked: YABATECH Centre for Open, Distance and Flexible e-Learning information as a chatbot response","Centre for Open, Distance and Flexible e-Learning is listed as one of the academic units on the official YABATECH website.",units,"Centre for Open, Distance and Flexible e-Learning",generated_variation,https://www.yabatech.edu.ng/,derived from official site fact; verify before public deployment
1635,"I want to know: YABATECH Centre for Open, Distance and Flexible e-Learning information briefly","Centre for Open, Distance and Flexible e-Learning is listed as one of the academic units on the official YABATECH website.",units,"Centre for Open, Distance and Flexible e-Learning",generated_variation,https://www.yabatech.edu.ng/,derived from official site fact; verify before public deployment
1636,Name an academic unit in YABATECH,"Centre for Open, Distance and Flexible e-Learning is listed as one of the academic units on the official YABATECH website.",units,"Centre for Open, Distance and Flexible e-Learning",official_fact,https://www.yabatech.edu.ng/,current as checked on 2026-05-12
1637,Name an academic unit in YABATECH briefly,"Centre for Open, Distance and Flexible e-Learning is listed as one of the academic units on the official YABATECH website.",units,"Centre for Open, Distance and Flexible e-Learning",generated_variation,https://www.yabatech.edu.ng/,derived from official site fact; verify before public deployment
1638,"In simple words, Name an academic unit in YABATECH?","Centre for Open, Distance and Flexible e-Learning is listed as one of the academic units on the official YABATECH website.",units,"Centre for Open, Distance and Flexible e-Learning",generated_variation,https://www.yabatech.edu.ng/,derived from official site fact; verify before public deployment
1639,Which YABATECH unit supports this area?,"Centre for Open, Distance and Flexible e-Learning is listed as one of the academic units on the official YABATECH website.",units,"Centre for Open, Distance and Flexible e-Learning",official_fact,https://www.yabatech.edu.ng/,current as checked on 2026-05-12
1640,Quick question: Which YABATECH unit supports this area? briefly,"Centre for Open, Distance and Flexible e-Learning is listed as one of the academic units on the official YABATECH website.",units,"Centre for Open, Distance and Flexible e-Learning",generated_variation,https://www.yabatech.edu.ng/,derived from official site fact; verify before public deployment
1641,Which YABATECH unit supports this area?,"Centre for Open, Distance and Flexible e-Learning is listed as one of the academic units on the official YABATECH website.",units,"Centre for Open, Distance and Flexible e-Learning",generated_variation,https://www.yabatech.edu.ng/,derived from official site fact; verify before public deployment
1642,"Where can I find Centre for Open, Distance and Flexible e-Learning in YABATECH?","Centre for Open, Distance and Flexible e-Learning is listed as one of the academic units on the official YABATECH website.",units,"Centre for Open, Distance and Flexible e-Learning",official_fact,https://www.yabatech.edu.ng/,current as checked on 2026-05-12
1643,"Class question: Where can I find Centre for Open, Distance and Flexible e-Learning in YABATECH? on YABATECH website","Centre for Open, Distance and Flexible e-Learning is listed as one of the academic units on the official YABATECH website.",units,"Centre for Open, Distance and Flexible e-Learning",generated_variation,https://www.yabatech.edu.ng/,derived from official site fact; verify before public deployment
1644,"Where can I find Centre for Open, Distance and Flexible e-Learning in YABATECH? on YABATECH website","Centre for Open, Distance and Flexible e-Learning is listed as one of the academic units on the official YABATECH website.",units,"Centre for Open, Distance and Flexible e-Learning",generated_variation,https://www.yabatech.edu.ng/,derived from official site fact; verify before public deployment
1645,"Give me a fact about Centre for Open, Distance and Flexible e-Learning","Centre for Open, Distance and Flexible e-Learning is listed as one of the academic units on the official YABATECH website.",units,"Centre for Open, Distance and Flexible e-Learning",official_fact,https://www.yabatech.edu.ng/,current as checked on 2026-05-12
1646,"I want to know: Give me a fact about Centre for Open, Distance and Flexible e-Learning as a chatbot response","Centre for Open, Distance and Flexible e-Learning is listed as one of the academic units on the official YABATECH website.",units,"Centre for Open, Distance and Flexible e-Learning",generated_variation,https://www.yabatech.edu.ng/,derived from official site fact; verify before public deployment
1647,"Class question: Give me a fact about Centre for Open, Distance and Flexible e-Learning","Centre for Open, Distance and Flexible e-Learning is listed as one of the academic units on the official YABATECH website.",units,"Centre for Open, Distance and Flexible e-Learning",generated_variation,https://www.yabatech.edu.ng/,derived from official site fact; verify before public deployment
1648,"Is Centre for Open, Distance and Flexible e-Learning listed by YABATECH?","Centre for Open, Distance and Flexible e-Learning is listed as one of the academic units on the official YABATECH website.",units,"Centre for Open, Distance and Flexible e-Learning",official_fact,https://www.yabatech.edu.ng/,current as checked on 2026-05-12
1649,"For a learner, Is Centre for Open, Distance and Flexible e-Learning listed by YABATECH? in simple terms","Centre for Open, Distance and Flexible e-Learning is listed as one of the academic units on the official YABATECH website.",units,"Centre for Open, Distance and Flexible e-Learning",generated_variation,https://www.yabatech.edu.ng/,derived from official site fact; verify before public deployment
1650,"Class question: Is Centre for Open, Distance and Flexible e-Learning listed by YABATECH? please","Centre for Open, Distance and Flexible e-Learning is listed as one of the academic units on the official YABATECH website.",units,"Centre for Open, Distance and Flexible e-Learning",generated_variation,https://www.yabatech.edu.ng/,derived from official site fact; verify before public deployment
1651,Is Centre for Research Support and Grant Management an academic unit in YABATECH?,Centre for Research Support and Grant Management is listed as one of the academic units on the official YABATECH website.,units,Centre for Research Support and Grant Management,official_fact,https://www.yabatech.edu.ng/,current as checked on 2026-05-12
1652,Quick question: Is Centre for Research Support and Grant Management an academic unit in YABATECH? for admission learners,Centre for Research Support and Grant Management is listed as one of the academic units on the official YABATECH website.,units,Centre for Research Support and Grant Management,generated_variation,https://www.yabatech.edu.ng/,derived from official site fact; verify before public deployment
1653,Quick question: Is Centre for Research Support and Grant Management an academic unit in YABATECH? for admission learners,Centre for Research Support and Grant Management is listed as one of the academic units on the official YABATECH website.,units,Centre for Research Support and Grant Management,generated_variation,https://www.yabatech.edu.ng/,derived from official site fact; verify before public deployment
1654,Tell me about Centre for Research Support and Grant Management,Centre for Research Support and Grant Management is listed as one of the academic units on the official YABATECH website.,units,Centre for Research Support and Grant Management,official_fact,https://www.yabatech.edu.ng/,current as checked on 2026-05-12
1655,"For a learner, Tell me about Centre for Research Support and Grant Management for admission learners",Centre for Research Support and Grant Management is listed as one of the academic units on the official YABATECH website.,units,Centre for Research Support and Grant Management,generated_variation,https://www.yabatech.edu.ng/,derived from official site fact; verify before public deployment
1656,I want to know: Tell me about Centre for Research Support and Grant Management in simple terms,Centre for Research Support and Grant Management is listed as one of the academic units on the official YABATECH website.,units,Centre for Research Support and Grant Management,generated_variation,https://www.yabatech.edu.ng/,derived from official site fact; verify before public deployment
1657,Does YABATECH have Centre for Research Support and Grant Management?,Centre for Research Support and Grant Management is listed as one of the academic units on the official YABATECH website.,units,Centre for Research Support and Grant Management,official_fact,https://www.yabatech.edu.ng/,current as checked on 2026-05-12
1658,Class question: Does YABATECH have Centre for Research Support and Grant Management? for students,Centre for Research Support and Grant Management is listed as one of the academic units on the official YABATECH website.,units,Centre for Research Support and Grant Management,generated_variation,https://www.yabatech.edu.ng/,derived from official site fact; verify before public deployment
1659,Help me answer: Does YABATECH have Centre for Research Support and Grant Management? as a chatbot response,Centre for Research Support and Grant Management is listed as one of the academic units on the official YABATECH website.,units,Centre for Research Support and Grant Management,generated_variation,https://www.yabatech.edu.ng/,derived from official site fact; verify before public deployment
1660,What is Centre for Research Support and Grant Management at YABATECH?,Centre for Research Support and Grant Management is listed as one of the academic units on the official YABATECH website.,units,Centre for Research Support and Grant Management,official_fact,https://www.yabatech.edu.ng/,current as checked on 2026-05-12
1661,I want to know: What is Centre for Research Support and Grant Management at YABATECH?,Centre for Research Support and Grant Management is listed as one of the academic units on the official YABATECH website.,units,Centre for Research Support and Grant Management,generated_variation,https://www.yabatech.edu.ng/,derived from official site fact; verify before public deployment
1662,Quick question: What is Centre for Research Support and Grant Management at YABATECH? for admission learners,Centre for Research Support and Grant Management is listed as one of the academic units on the official YABATECH website.,units,Centre for Research Support and Grant Management,generated_variation,https://www.yabatech.edu.ng/,derived from official site fact; verify before public deployment
1663,YABATECH Centre for Research Support and Grant Management information,Centre for Research Support and Grant Management is listed as one of the academic units on the official YABATECH website.,units,Centre for Research Support and Grant Management,official_fact,https://www.yabatech.edu.ng/,current as checked on 2026-05-12
1664,Quick question: YABATECH Centre for Research Support and Grant Management information briefly,Centre for Research Support and Grant Management is listed as one of the academic units on the official YABATECH website.,units,Centre for Research Support and Grant Management,generated_variation,https://www.yabatech.edu.ng/,derived from official site fact; verify before public deployment
1665,Please answer: YABATECH Centre for Research Support and Grant Management information briefly,Centre for Research Support and Grant Management is listed as one of the academic units on the official YABATECH website.,units,Centre for Research Support and Grant Management,generated_variation,https://www.yabatech.edu.ng/,derived from official site fact; verify before public deployment
1666,Name an academic unit in YABATECH,Centre for Research Support and Grant Management is listed as one of the academic units on the official YABATECH website.,units,Centre for Research Support and Grant Management,official_fact,https://www.yabatech.edu.ng/,current as checked on 2026-05-12
1667,Please answer: Name an academic unit in YABATECH today,Centre for Research Support and Grant Management is listed as one of the academic units on the official YABATECH website.,units,Centre for Research Support and Grant Management,generated_variation,https://www.yabatech.edu.ng/,derived from official site fact; verify before public deployment
1668,Can you explain: Name an academic unit in YABATECH for admission learners,Centre for Research Support and Grant Management is listed as one of the academic units on the official YABATECH website.,units,Centre for Research Support and Grant Management,generated_variation,https://www.yabatech.edu.ng/,derived from official site fact; verify before public deployment
1669,Which YABATECH unit supports this area?,Centre for Research Support and Grant Management is listed as one of the academic units on the official YABATECH website.,units,Centre for Research Support and Grant Management,official_fact,https://www.yabatech.edu.ng/,current as checked on 2026-05-12
1670,Class question: Which YABATECH unit supports this area? please,Centre for Research Support and Grant Management is listed as one of the academic units on the official YABATECH website.,units,Centre for Research Support and Grant Management,generated_variation,https://www.yabatech.edu.ng/,derived from official site fact; verify before public deployment
1671,Please answer: Which YABATECH unit supports this area? on YABATECH website,Centre for Research Support and Grant Management is listed as one of the academic units on the official YABATECH website.,units,Centre for Research Support and Grant Management,generated_variation,https://www.yabatech.edu.ng/,derived from official site fact; verify before public deployment
1672,Where can I find Centre for Research Support and Grant Management in YABATECH?,Centre for Research Support and Grant Management is listed as one of the academic units on the official YABATECH website.,units,Centre for Research Support and Grant Management,official_fact,https://www.yabatech.edu.ng/,current as checked on 2026-05-12
1673,Class question: Where can I find Centre for Research Support and Grant Management in YABATECH? in simple terms,Centre for Research Support and Grant Management is listed as one of the academic units on the official YABATECH website.,units,Centre for Research Support and Grant Management,generated_variation,https://www.yabatech.edu.ng/,derived from official site fact; verify before public deployment
1674,"In simple words, Where can I find Centre for Research Support and Grant Management in YABATECH? please",Centre for Research Support and Grant Management is listed as one of the academic units on the official YABATECH website.,units,Centre for Research Support and Grant Management,generated_variation,https://www.yabatech.edu.ng/,derived from official site fact; verify before public deployment
1675,Give me a fact about Centre for Research Support and Grant Management,Centre for Research Support and Grant Management is listed as one of the academic units on the official YABATECH website.,units,Centre for Research Support and Grant Management,official_fact,https://www.yabatech.edu.ng/,current as checked on 2026-05-12
1676,"In simple words, Give me a fact about Centre for Research Support and Grant Management?",Centre for Research Support and Grant Management is listed as one of the academic units on the official YABATECH website.,units,Centre for Research Support and Grant Management,generated_variation,https://www.yabatech.edu.ng/,derived from official site fact; verify before public deployment
1677,Student asked: Give me a fact about Centre for Research Support and Grant Management?,Centre for Research Support and Grant Management is listed as one of the academic units on the official YABATECH website.,units,Centre for Research Support and Grant Management,generated_variation,https://www.yabatech.edu.ng/,derived from official site fact; verify before public deployment
1678,Is Centre for Research Support and Grant Management listed by YABATECH?,Centre for Research Support and Grant Management is listed as one of the academic units on the official YABATECH website.,units,Centre for Research Support and Grant Management,official_fact,https://www.yabatech.edu.ng/,current as checked on 2026-05-12
1679,Is Centre for Research Support and Grant Management listed by YABATECH? on YABATECH website,Centre for Research Support and Grant Management is listed as one of the academic units on the official YABATECH website.,units,Centre for Research Support and Grant Management,generated_variation,https://www.yabatech.edu.ng/,derived from official site fact; verify before public deployment
1680,Help me answer: Is Centre for Research Support and Grant Management listed by YABATECH? today,Centre for Research Support and Grant Management is listed as one of the academic units on the official YABATECH website.,units,Centre for Research Support and Grant Management,generated_variation,https://www.yabatech.edu.ng/,derived from official site fact; verify before public deployment
1681,Is College Central Research Laboratory an academic unit in YABATECH?,College Central Research Laboratory is listed as one of the academic units on the official YABATECH website.,units,College Central Research Laboratory,official_fact,https://www.yabatech.edu.ng/,current as checked on 2026-05-12
1682,"In simple words, Is College Central Research Laboratory an academic unit in YABATECH? as a chatbot response",College Central Research Laboratory is listed as one of the academic units on the official YABATECH website.,units,College Central Research Laboratory,generated_variation,https://www.yabatech.edu.ng/,derived from official site fact; verify before public deployment
1683,Can you explain: Is College Central Research Laboratory an academic unit in YABATECH? for admission learners,College Central Research Laboratory is listed as one of the academic units on the official YABATECH website.,units,College Central Research Laboratory,generated_variation,https://www.yabatech.edu.ng/,derived from official site fact; verify before public deployment
1684,Tell me about College Central Research Laboratory,College Central Research Laboratory is listed as one of the academic units on the official YABATECH website.,units,College Central Research Laboratory,official_fact,https://www.yabatech.edu.ng/,current as checked on 2026-05-12
1685,"In simple words, Tell me about College Central Research Laboratory as a chatbot response",College Central Research Laboratory is listed as one of the academic units on the official YABATECH website.,units,College Central Research Laboratory,generated_variation,https://www.yabatech.edu.ng/,derived from official site fact; verify before public deployment
1686,"For a learner, Tell me about College Central Research Laboratory?",College Central Research Laboratory is listed as one of the academic units on the official YABATECH website.,units,College Central Research Laboratory,generated_variation,https://www.yabatech.edu.ng/,derived from official site fact; verify before public deployment
1687,Does YABATECH have College Central Research Laboratory?,College Central Research Laboratory is listed as one of the academic units on the official YABATECH website.,units,College Central Research Laboratory,official_fact,https://www.yabatech.edu.ng/,current as checked on 2026-05-12
1688,Quick question: Does YABATECH have College Central Research Laboratory?,College Central Research Laboratory is listed as one of the academic units on the official YABATECH website.,units,College Central Research Laboratory,generated_variation,https://www.yabatech.edu.ng/,derived from official site fact; verify before public deployment
1689,Does YABATECH have College Central Research Laboratory? on YABATECH website,College Central Research Laboratory is listed as one of the academic units on the official YABATECH website.,units,College Central Research Laboratory,generated_variation,https://www.yabatech.edu.ng/,derived from official site fact; verify before public deployment
1690,What is College Central Research Laboratory at YABATECH?,College Central Research Laboratory is listed as one of the academic units on the official YABATECH website.,units,College Central Research Laboratory,official_fact,https://www.yabatech.edu.ng/,current as checked on 2026-05-12
1691,"For a learner, What is College Central Research Laboratory at YABATECH? in simple terms",College Central Research Laboratory is listed as one of the academic units on the official YABATECH website.,units,College Central Research Laboratory,generated_variation,https://www.yabatech.edu.ng/,derived from official site fact; verify before public deployment
1692,I want to know: What is College Central Research Laboratory at YABATECH? for students,College Central Research Laboratory is listed as one of the academic units on the official YABATECH website.,units,College Central Research Laboratory,generated_variation,https://www.yabatech.edu.ng/,derived from official site fact; verify before public deployment
1693,YABATECH College Central Research Laboratory information,College Central Research Laboratory is listed as one of the academic units on the official YABATECH website.,units,College Central Research Laboratory,official_fact,https://www.yabatech.edu.ng/,current as checked on 2026-05-12
1694,YABATECH College Central Research Laboratory information please,College Central Research Laboratory is listed as one of the academic units on the official YABATECH website.,units,College Central Research Laboratory,generated_variation,https://www.yabatech.edu.ng/,derived from official site fact; verify before public deployment
1695,Class question: YABATECH College Central Research Laboratory information?,College Central Research Laboratory is listed as one of the academic units on the official YABATECH website.,units,College Central Research Laboratory,generated_variation,https://www.yabatech.edu.ng/,derived from official site fact; verify before public deployment
1696,Name an academic unit in YABATECH,College Central Research Laboratory is listed as one of the academic units on the official YABATECH website.,units,College Central Research Laboratory,official_fact,https://www.yabatech.edu.ng/,current as checked on 2026-05-12
1697,Help me answer: Name an academic unit in YABATECH in simple terms,College Central Research Laboratory is listed as one of the academic units on the official YABATECH website.,units,College Central Research Laboratory,generated_variation,https://www.yabatech.edu.ng/,derived from official site fact; verify before public deployment
1698,Student asked: Name an academic unit in YABATECH for students,College Central Research Laboratory is listed as one of the academic units on the official YABATECH website.,units,College Central Research Laboratory,generated_variation,https://www.yabatech.edu.ng/,derived from official site fact; verify before public deployment
1699,Which YABATECH unit supports this area?,College Central Research Laboratory is listed as one of the academic units on the official YABATECH website.,units,College Central Research Laboratory,official_fact,https://www.yabatech.edu.ng/,current as checked on 2026-05-12
1700,Help me answer: Which YABATECH unit supports this area? as a chatbot response,College Central Research Laboratory is listed as one of the academic units on the official YABATECH website.,units,College Central Research Laboratory,generated_variation,https://www.yabatech.edu.ng/,derived from official site fact; verify before public deployment
1701,Quick question: Which YABATECH unit supports this area? in simple terms,College Central Research Laboratory is listed as one of the academic units on the official YABATECH website.,units,College Central Research Laboratory,generated_variation,https://www.yabatech.edu.ng/,derived from official site fact; verify before public deployment
1702,Where can I find College Central Research Laboratory in YABATECH?,College Central Research Laboratory is listed as one of the academic units on the official YABATECH website.,units,College Central Research Laboratory,official_fact,https://www.yabatech.edu.ng/,current as checked on 2026-05-12
1703,Help me answer: Where can I find College Central Research Laboratory in YABATECH? for admission learners,College Central Research Laboratory is listed as one of the academic units on the official YABATECH website.,units,College Central Research Laboratory,generated_variation,https://www.yabatech.edu.ng/,derived from official site fact; verify before public deployment
1704,Can you explain: Where can I find College Central Research Laboratory in YABATECH? for admission learners,College Central Research Laboratory is listed as one of the academic units on the official YABATECH website.,units,College Central Research Laboratory,generated_variation,https://www.yabatech.edu.ng/,derived from official site fact; verify before public deployment
1705,Give me a fact about College Central Research Laboratory,College Central Research Laboratory is listed as one of the academic units on the official YABATECH website.,units,College Central Research Laboratory,official_fact,https://www.yabatech.edu.ng/,current as checked on 2026-05-12
1706,Help me answer: Give me a fact about College Central Research Laboratory please,College Central Research Laboratory is listed as one of the academic units on the official YABATECH website.,units,College Central Research Laboratory,generated_variation,https://www.yabatech.edu.ng/,derived from official site fact; verify before public deployment
1707,"In simple words, Give me a fact about College Central Research Laboratory for students",College Central Research Laboratory is listed as one of the academic units on the official YABATECH website.,units,College Central Research Laboratory,generated_variation,https://www.yabatech.edu.ng/,derived from official site fact; verify before public deployment
1708,Is College Central Research Laboratory listed by YABATECH?,College Central Research Laboratory is listed as one of the academic units on the official YABATECH website.,units,College Central Research Laboratory,official_fact,https://www.yabatech.edu.ng/,current as checked on 2026-05-12
1709,Please answer: Is College Central Research Laboratory listed by YABATECH? today,College Central Research Laboratory is listed as one of the academic units on the official YABATECH website.,units,College Central Research Laboratory,generated_variation,https://www.yabatech.edu.ng/,derived from official site fact; verify before public deployment
1710,Is College Central Research Laboratory listed by YABATECH? briefly,College Central Research Laboratory is listed as one of the academic units on the official YABATECH website.,units,College Central Research Laboratory,generated_variation,https://www.yabatech.edu.ng/,derived from official site fact; verify before public deployment
1711,Is Internal Quality Assurance Unit an academic unit in YABATECH?,Internal Quality Assurance Unit is listed as one of the academic units on the official YABATECH website.,units,Internal Quality Assurance Unit,official_fact,https://www.yabatech.edu.ng/,current as checked on 2026-05-12
1712,Can you explain: Is Internal Quality Assurance Unit an academic unit in YABATECH? for admission learners,Internal Quality Assurance Unit is listed as one of the academic units on the official YABATECH website.,units,Internal Quality Assurance Unit,generated_variation,https://www.yabatech.edu.ng/,derived from official site fact; verify before public deployment
1713,Please answer: Is Internal Quality Assurance Unit an academic unit in YABATECH? briefly,Internal Quality Assurance Unit is listed as one of the academic units on the official YABATECH website.,units,Internal Quality Assurance Unit,generated_variation,https://www.yabatech.edu.ng/,derived from official site fact; verify before public deployment
1714,Tell me about Internal Quality Assurance Unit,Internal Quality Assurance Unit is listed as one of the academic units on the official YABATECH website.,units,Internal Quality Assurance Unit,official_fact,https://www.yabatech.edu.ng/,current as checked on 2026-05-12
1715,"For a learner, Tell me about Internal Quality Assurance Unit on YABATECH website",Internal Quality Assurance Unit is listed as one of the academic units on the official YABATECH website.,units,Internal Quality Assurance Unit,generated_variation,https://www.yabatech.edu.ng/,derived from official site fact; verify before public deployment
1716,Student asked: Tell me about Internal Quality Assurance Unit briefly,Internal Quality Assurance Unit is listed as one of the academic units on the official YABATECH website.,units,Internal Quality Assurance Unit,generated_variation,https://www.yabatech.edu.ng/,derived from official site fact; verify before public deployment
1717,Does YABATECH have Internal Quality Assurance Unit?,Internal Quality Assurance Unit is listed as one of the academic units on the official YABATECH website.,units,Internal Quality Assurance Unit,official_fact,https://www.yabatech.edu.ng/,current as checked on 2026-05-12
1718,"For a learner, Does YABATECH have Internal Quality Assurance Unit? today",Internal Quality Assurance Unit is listed as one of the academic units on the official YABATECH website.,units,Internal Quality Assurance Unit,generated_variation,https://www.yabatech.edu.ng/,derived from official site fact; verify before public deployment
1719,"For a learner, Does YABATECH have Internal Quality Assurance Unit?",Internal Quality Assurance Unit is listed as one of the academic units on the official YABATECH website.,units,Internal Quality Assurance Unit,generated_variation,https://www.yabatech.edu.ng/,derived from official site fact; verify before public deployment
1720,What is Internal Quality Assurance Unit at YABATECH?,Internal Quality Assurance Unit is listed as one of the academic units on the official YABATECH website.,units,Internal Quality Assurance Unit,official_fact,https://www.yabatech.edu.ng/,current as checked on 2026-05-12
1721,What is Internal Quality Assurance Unit at YABATECH?,Internal Quality Assurance Unit is listed as one of the academic units on the official YABATECH website.,units,Internal Quality Assurance Unit,generated_variation,https://www.yabatech.edu.ng/,derived from official site fact; verify before public deployment
1722,Help me answer: What is Internal Quality Assurance Unit at YABATECH? as a chatbot response,Internal Quality Assurance Unit is listed as one of the academic units on the official YABATECH website.,units,Internal Quality Assurance Unit,generated_variation,https://www.yabatech.edu.ng/,derived from official site fact; verify before public deployment
1723,YABATECH Internal Quality Assurance Unit information,Internal Quality Assurance Unit is listed as one of the academic units on the official YABATECH website.,units,Internal Quality Assurance Unit,official_fact,https://www.yabatech.edu.ng/,current as checked on 2026-05-12
1724,Can you explain: YABATECH Internal Quality Assurance Unit information for students,Internal Quality Assurance Unit is listed as one of the academic units on the official YABATECH website.,units,Internal Quality Assurance Unit,generated_variation,https://www.yabatech.edu.ng/,derived from official site fact; verify before public deployment
1725,Help me answer: YABATECH Internal Quality Assurance Unit information briefly,Internal Quality Assurance Unit is listed as one of the academic units on the official YABATECH website.,units,Internal Quality Assurance Unit,generated_variation,https://www.yabatech.edu.ng/,derived from official site fact; verify before public deployment
1726,Name an academic unit in YABATECH,Internal Quality Assurance Unit is listed as one of the academic units on the official YABATECH website.,units,Internal Quality Assurance Unit,official_fact,https://www.yabatech.edu.ng/,current as checked on 2026-05-12
1727,Name an academic unit in YABATECH,Internal Quality Assurance Unit is listed as one of the academic units on the official YABATECH website.,units,Internal Quality Assurance Unit,generated_variation,https://www.yabatech.edu.ng/,derived from official site fact; verify before public deployment
1728,Can you explain: Name an academic unit in YABATECH,Internal Quality Assurance Unit is listed as one of the academic units on the official YABATECH website.,units,Internal Quality Assurance Unit,generated_variation,https://www.yabatech.edu.ng/,derived from official site fact; verify before public deployment
1729,Which YABATECH unit supports this area?,Internal Quality Assurance Unit is listed as one of the academic units on the official YABATECH website.,units,Internal Quality Assurance Unit,official_fact,https://www.yabatech.edu.ng/,current as checked on 2026-05-12
1730,Student asked: Which YABATECH unit supports this area? in simple terms,Internal Quality Assurance Unit is listed as one of the academic units on the official YABATECH website.,units,Internal Quality Assurance Unit,generated_variation,https://www.yabatech.edu.ng/,derived from official site fact; verify before public deployment
1731,Student asked: Which YABATECH unit supports this area? today,Internal Quality Assurance Unit is listed as one of the academic units on the official YABATECH website.,units,Internal Quality Assurance Unit,generated_variation,https://www.yabatech.edu.ng/,derived from official site fact; verify before public deployment
1732,Where can I find Internal Quality Assurance Unit in YABATECH?,Internal Quality Assurance Unit is listed as one of the academic units on the official YABATECH website.,units,Internal Quality Assurance Unit,official_fact,https://www.yabatech.edu.ng/,current as checked on 2026-05-12
1733,Please answer: Where can I find Internal Quality Assurance Unit in YABATECH? briefly,Internal Quality Assurance Unit is listed as one of the academic units on the official YABATECH website.,units,Internal Quality Assurance Unit,generated_variation,https://www.yabatech.edu.ng/,derived from official site fact; verify before public deployment
1734,Class question: Where can I find Internal Quality Assurance Unit in YABATECH? for admission learners,Internal Quality Assurance Unit is listed as one of the academic units on the official YABATECH website.,units,Internal Quality Assurance Unit,generated_variation,https://www.yabatech.edu.ng/,derived from official site fact; verify before public deployment
1735,Give me a fact about Internal Quality Assurance Unit,Internal Quality Assurance Unit is listed as one of the academic units on the official YABATECH website.,units,Internal Quality Assurance Unit,official_fact,https://www.yabatech.edu.ng/,current as checked on 2026-05-12
1736,Can you explain: Give me a fact about Internal Quality Assurance Unit briefly,Internal Quality Assurance Unit is listed as one of the academic units on the official YABATECH website.,units,Internal Quality Assurance Unit,generated_variation,https://www.yabatech.edu.ng/,derived from official site fact; verify before public deployment
1737,Class question: Give me a fact about Internal Quality Assurance Unit?,Internal Quality Assurance Unit is listed as one of the academic units on the official YABATECH website.,units,Internal Quality Assurance Unit,generated_variation,https://www.yabatech.edu.ng/,derived from official site fact; verify before public deployment
1738,Is Internal Quality Assurance Unit listed by YABATECH?,Internal Quality Assurance Unit is listed as one of the academic units on the official YABATECH website.,units,Internal Quality Assurance Unit,official_fact,https://www.yabatech.edu.ng/,current as checked on 2026-05-12
1739,Please answer: Is Internal Quality Assurance Unit listed by YABATECH? for admission learners,Internal Quality Assurance Unit is listed as one of the academic units on the official YABATECH website.,units,Internal Quality Assurance Unit,generated_variation,https://www.yabatech.edu.ng/,derived from official site fact; verify before public deployment
1740,Quick question: Is Internal Quality Assurance Unit listed by YABATECH?,Internal Quality Assurance Unit is listed as one of the academic units on the official YABATECH website.,units,Internal Quality Assurance Unit,generated_variation,https://www.yabatech.edu.ng/,derived from official site fact; verify before public deployment
1741,Is Academic Board Matters under YABATECH Registry?,Academic Board Matters is listed under Registry-related units on the official YABATECH website.,registry,Academic Board Matters,official_fact,https://www.yabatech.edu.ng/,current as checked on 2026-05-12
1742,Please answer: Is Academic Board Matters under YABATECH Registry? for admission learners,Academic Board Matters is listed under Registry-related units on the official YABATECH website.,registry,Academic Board Matters,generated_variation,https://www.yabatech.edu.ng/,derived from official site fact; verify before public deployment
1743,Quick question: Is Academic Board Matters under YABATECH Registry? please,Academic Board Matters is listed under Registry-related units on the official YABATECH website.,registry,Academic Board Matters,generated_variation,https://www.yabatech.edu.ng/,derived from official site fact; verify before public deployment
1744,Tell me about Academic Board Matters in YABATECH,Academic Board Matters is listed under Registry-related units on the official YABATECH website.,registry,Academic Board Matters,official_fact,https://www.yabatech.edu.ng/,current as checked on 2026-05-12
1745,"In simple words, Tell me about Academic Board Matters in YABATECH please",Academic Board Matters is listed under Registry-related units on the official YABATECH website.,registry,Academic Board Matters,generated_variation,https://www.yabatech.edu.ng/,derived from official site fact; verify before public deployment
1746,I want to know: Tell me about Academic Board Matters in YABATECH today,Academic Board Matters is listed under Registry-related units on the official YABATECH website.,registry,Academic Board Matters,generated_variation,https://www.yabatech.edu.ng/,derived from official site fact; verify before public deployment
1747,Does YABATECH have Academic Board Matters?,Academic Board Matters is listed under Registry-related units on the official YABATECH website.,registry,Academic Board Matters,official_fact,https://www.yabatech.edu.ng/,current as checked on 2026-05-12
1748,"In simple words, Does YABATECH have Academic Board Matters? in simple terms",Academic Board Matters is listed under Registry-related units on the official YABATECH website.,registry,Academic Board Matters,generated_variation,https://www.yabatech.edu.ng/,derived from official site fact; verify before public deployment
1749,Quick question: Does YABATECH have Academic Board Matters? in simple terms,Academic Board Matters is listed under Registry-related units on the official YABATECH website.,registry,Academic Board Matters,generated_variation,https://www.yabatech.edu.ng/,derived from official site fact; verify before public deployment
1750,What is Academic Board Matters?,Academic Board Matters is listed under Registry-related units on the official YABATECH website.,registry,Academic Board Matters,official_fact,https://www.yabatech.edu.ng/,current as checked on 2026-05-12
1751,I want to know: What is Academic Board Matters? for admission learners,Academic Board Matters is listed under Registry-related units on the official YABATECH website.,registry,Academic Board Matters,generated_variation,https://www.yabatech.edu.ng/,derived from official site fact; verify before public deployment
1752,I want to know: What is Academic Board Matters? today,Academic Board Matters is listed under Registry-related units on the official YABATECH website.,registry,Academic Board Matters,generated_variation,https://www.yabatech.edu.ng/,derived from official site fact; verify before public deployment
1753,YABATECH Academic Board Matters information,Academic Board Matters is listed under Registry-related units on the official YABATECH website.,registry,Academic Board Matters,official_fact,https://www.yabatech.edu.ng/,current as checked on 2026-05-12
1754,YABATECH Academic Board Matters information,Academic Board Matters is listed under Registry-related units on the official YABATECH website.,registry,Academic Board Matters,generated_variation,https://www.yabatech.edu.ng/,derived from official site fact; verify before public deployment
1755,I want to know: YABATECH Academic Board Matters information please,Academic Board Matters is listed under Registry-related units on the official YABATECH website.,registry,Academic Board Matters,generated_variation,https://www.yabatech.edu.ng/,derived from official site fact; verify before public deployment
1756,Name a registry unit in YABATECH,Academic Board Matters is listed under Registry-related units on the official YABATECH website.,registry,Academic Board Matters,official_fact,https://www.yabatech.edu.ng/,current as checked on 2026-05-12
1757,Name a registry unit in YABATECH on YABATECH website,Academic Board Matters is listed under Registry-related units on the official YABATECH website.,registry,Academic Board Matters,generated_variation,https://www.yabatech.edu.ng/,derived from official site fact; verify before public deployment
1758,I want to know: Name a registry unit in YABATECH?,Academic Board Matters is listed under Registry-related units on the official YABATECH website.,registry,Academic Board Matters,generated_variation,https://www.yabatech.edu.ng/,derived from official site fact; verify before public deployment
1759,Which section lists Academic Board Matters?,Academic Board Matters is listed under Registry-related units on the official YABATECH website.,registry,Academic Board Matters,official_fact,https://www.yabatech.edu.ng/,current as checked on 2026-05-12
1760,Student asked: Which section lists Academic Board Matters?,Academic Board Matters is listed under Registry-related units on the official YABATECH website.,registry,Academic Board Matters,generated_variation,https://www.yabatech.edu.ng/,derived from official site fact; verify before public deployment
1761,Class question: Which section lists Academic Board Matters?,Academic Board Matters is listed under Registry-related units on the official YABATECH website.,registry,Academic Board Matters,generated_variation,https://www.yabatech.edu.ng/,derived from official site fact; verify before public deployment
1762,Where does Academic Board Matters belong in YABATECH?,Academic Board Matters is listed under Registry-related units on the official YABATECH website.,registry,Academic Board Matters,official_fact,https://www.yabatech.edu.ng/,current as checked on 2026-05-12
1763,Student asked: Where does Academic Board Matters belong in YABATECH? please,Academic Board Matters is listed under Registry-related units on the official YABATECH website.,registry,Academic Board Matters,generated_variation,https://www.yabatech.edu.ng/,derived from official site fact; verify before public deployment
1764,Please answer: Where does Academic Board Matters belong in YABATECH?,Academic Board Matters is listed under Registry-related units on the official YABATECH website.,registry,Academic Board Matters,generated_variation,https://www.yabatech.edu.ng/,derived from official site fact; verify before public deployment
1765,Give me a fact about Academic Board Matters,Academic Board Matters is listed under Registry-related units on the official YABATECH website.,registry,Academic Board Matters,official_fact,https://www.yabatech.edu.ng/,current as checked on 2026-05-12
1766,Can you explain: Give me a fact about Academic Board Matters?,Academic Board Matters is listed under Registry-related units on the official YABATECH website.,registry,Academic Board Matters,generated_variation,https://www.yabatech.edu.ng/,derived from official site fact; verify before public deployment
1767,Class question: Give me a fact about Academic Board Matters,Academic Board Matters is listed under Registry-related units on the official YABATECH website.,registry,Academic Board Matters,generated_variation,https://www.yabatech.edu.ng/,derived from official site fact; verify before public deployment
1768,Is Academic Board Matters listed on YABATECH website?,Academic Board Matters is listed under Registry-related units on the official YABATECH website.,registry,Academic Board Matters,official_fact,https://www.yabatech.edu.ng/,current as checked on 2026-05-12
1769,Please answer: Is Academic Board Matters listed on YABATECH website?,Academic Board Matters is listed under Registry-related units on the official YABATECH website.,registry,Academic Board Matters,generated_variation,https://www.yabatech.edu.ng/,derived from official site fact; verify before public deployment
1770,Is Academic Board Matters listed on YABATECH website? for students,Academic Board Matters is listed under Registry-related units on the official YABATECH website.,registry,Academic Board Matters,generated_variation,https://www.yabatech.edu.ng/,derived from official site fact; verify before public deployment
1771,Is Academic Records under YABATECH Registry?,Academic Records is listed under Registry-related units on the official YABATECH website.,registry,Academic Records,official_fact,https://www.yabatech.edu.ng/,current as checked on 2026-05-12
1772,I want to know: Is Academic Records under YABATECH Registry? on YABATECH website,Academic Records is listed under Registry-related units on the official YABATECH website.,registry,Academic Records,generated_variation,https://www.yabatech.edu.ng/,derived from official site fact; verify before public deployment
1773,"In simple words, Is Academic Records under YABATECH Registry? on YABATECH website",Academic Records is listed under Registry-related units on the official YABATECH website.,registry,Academic Records,generated_variation,https://www.yabatech.edu.ng/,derived from official site fact; verify before public deployment
1774,Tell me about Academic Records in YABATECH,Academic Records is listed under Registry-related units on the official YABATECH website.,registry,Academic Records,official_fact,https://www.yabatech.edu.ng/,current as checked on 2026-05-12
1775,Quick question: Tell me about Academic Records in YABATECH for students,Academic Records is listed under Registry-related units on the official YABATECH website.,registry,Academic Records,generated_variation,https://www.yabatech.edu.ng/,derived from official site fact; verify before public deployment
1776,"In simple words, Tell me about Academic Records in YABATECH on YABATECH website",Academic Records is listed under Registry-related units on the official YABATECH website.,registry,Academic Records,generated_variation,https://www.yabatech.edu.ng/,derived from official site fact; verify before public deployment
1777,Does YABATECH have Academic Records?,Academic Records is listed under Registry-related units on the official YABATECH website.,registry,Academic Records,official_fact,https://www.yabatech.edu.ng/,current as checked on 2026-05-12
1778,Does YABATECH have Academic Records? for students,Academic Records is listed under Registry-related units on the official YABATECH website.,registry,Academic Records,generated_variation,https://www.yabatech.edu.ng/,derived from official site fact; verify before public deployment
1779,"In simple words, Does YABATECH have Academic Records? for students",Academic Records is listed under Registry-related units on the official YABATECH website.,registry,Academic Records,generated_variation,https://www.yabatech.edu.ng/,derived from official site fact; verify before public deployment
1780,What is Academic Records?,Academic Records is listed under Registry-related units on the official YABATECH website.,registry,Academic Records,official_fact,https://www.yabatech.edu.ng/,current as checked on 2026-05-12
1781,Class question: What is Academic Records?,Academic Records is listed under Registry-related units on the official YABATECH website.,registry,Academic Records,generated_variation,https://www.yabatech.edu.ng/,derived from official site fact; verify before public deployment
1782,I want to know: What is Academic Records? for students,Academic Records is listed under Registry-related units on the official YABATECH website.,registry,Academic Records,generated_variation,https://www.yabatech.edu.ng/,derived from official site fact; verify before public deployment
1783,YABATECH Academic Records information,Academic Records is listed under Registry-related units on the official YABATECH website.,registry,Academic Records,official_fact,https://www.yabatech.edu.ng/,current as checked on 2026-05-12
1784,Quick question: YABATECH Academic Records information,Academic Records is listed under Registry-related units on the official YABATECH website.,registry,Academic Records,generated_variation,https://www.yabatech.edu.ng/,derived from official site fact; verify before public deployment
1785,I want to know: YABATECH Academic Records information for students,Academic Records is listed under Registry-related units on the official YABATECH website.,registry,Academic Records,generated_variation,https://www.yabatech.edu.ng/,derived from official site fact; verify before public deployment
1786,Name a registry unit in YABATECH,Academic Records is listed under Registry-related units on the official YABATECH website.,registry,Academic Records,official_fact,https://www.yabatech.edu.ng/,current as checked on 2026-05-12
1787,Name a registry unit in YABATECH for students,Academic Records is listed under Registry-related units on the official YABATECH website.,registry,Academic Records,generated_variation,https://www.yabatech.edu.ng/,derived from official site fact; verify before public deployment
1788,"For a learner, Name a registry unit in YABATECH briefly",Academic Records is listed under Registry-related units on the official YABATECH website.,registry,Academic Records,generated_variation,https://www.yabatech.edu.ng/,derived from official site fact; verify before public deployment
1789,Which section lists Academic Records?,Academic Records is listed under Registry-related units on the official YABATECH website.,registry,Academic Records,official_fact,https://www.yabatech.edu.ng/,current as checked on 2026-05-12
1790,"For a learner, Which section lists Academic Records? today",Academic Records is listed under Registry-related units on the official YABATECH website.,registry,Academic Records,generated_variation,https://www.yabatech.edu.ng/,derived from official site fact; verify before public deployment
1791,"In simple words, Which section lists Academic Records? in simple terms",Academic Records is listed under Registry-related units on the official YABATECH website.,registry,Academic Records,generated_variation,https://www.yabatech.edu.ng/,derived from official site fact; verify before public deployment
1792,Where does Academic Records belong in YABATECH?,Academic Records is listed under Registry-related units on the official YABATECH website.,registry,Academic Records,official_fact,https://www.yabatech.edu.ng/,current as checked on 2026-05-12
1793,"In simple words, Where does Academic Records belong in YABATECH? for students",Academic Records is listed under Registry-related units on the official YABATECH website.,registry,Academic Records,generated_variation,https://www.yabatech.edu.ng/,derived from official site fact; verify before public deployment
1794,"For a learner, Where does Academic Records belong in YABATECH?",Academic Records is listed under Registry-related units on the official YABATECH website.,registry,Academic Records,generated_variation,https://www.yabatech.edu.ng/,derived from official site fact; verify before public deployment
1795,Give me a fact about Academic Records,Academic Records is listed under Registry-related units on the official YABATECH website.,registry,Academic Records,official_fact,https://www.yabatech.edu.ng/,current as checked on 2026-05-12
1796,"In simple words, Give me a fact about Academic Records as a chatbot response",Academic Records is listed under Registry-related units on the official YABATECH website.,registry,Academic Records,generated_variation,https://www.yabatech.edu.ng/,derived from official site fact; verify before public deployment
1797,I want to know: Give me a fact about Academic Records for students,Academic Records is listed under Registry-related units on the official YABATECH website.,registry,Academic Records,generated_variation,https://www.yabatech.edu.ng/,derived from official site fact; verify before public deployment
1798,Is Academic Records listed on YABATECH website?,Academic Records is listed under Registry-related units on the official YABATECH website.,registry,Academic Records,official_fact,https://www.yabatech.edu.ng/,current as checked on 2026-05-12
1799,Quick question: Is Academic Records listed on YABATECH website? on YABATECH website,Academic Records is listed under Registry-related units on the official YABATECH website.,registry,Academic Records,generated_variation,https://www.yabatech.edu.ng/,derived from official site fact; verify before public deployment
1800,Please answer: Is Academic Records listed on YABATECH website? in simple terms,Academic Records is listed under Registry-related units on the official YABATECH website.,registry,Academic Records,generated_variation,https://www.yabatech.edu.ng/,derived from official site fact; verify before public deployment
1801,Is Academic Staff Personnel under YABATECH Registry?,Academic Staff Personnel is listed under Registry-related units on the official YABATECH website.,registry,Academic Staff Personnel,official_fact,https://www.yabatech.edu.ng/,current as checked on 2026-05-12
1802,Student asked: Is Academic Staff Personnel under YABATECH Registry? today,Academic Staff Personnel is listed under Registry-related units on the official YABATECH website.,registry,Academic Staff Personnel,generated_variation,https://www.yabatech.edu.ng/,derived from official site fact; verify before public deployment
1803,Quick question: Is Academic Staff Personnel under YABATECH Registry? for students,Academic Staff Personnel is listed under Registry-related units on the official YABATECH website.,registry,Academic Staff Personnel,generated_variation,https://www.yabatech.edu.ng/,derived from official site fact; verify before public deployment
1804,Tell me about Academic Staff Personnel in YABATECH,Academic Staff Personnel is listed under Registry-related units on the official YABATECH website.,registry,Academic Staff Personnel,official_fact,https://www.yabatech.edu.ng/,current as checked on 2026-05-12
1805,"In simple words, Tell me about Academic Staff Personnel in YABATECH",Academic Staff Personnel is listed under Registry-related units on the official YABATECH website.,registry,Academic Staff Personnel,generated_variation,https://www.yabatech.edu.ng/,derived from official site fact; verify before public deployment
1806,Tell me about Academic Staff Personnel in YABATECH on YABATECH website,Academic Staff Personnel is listed under Registry-related units on the official YABATECH website.,registry,Academic Staff Personnel,generated_variation,https://www.yabatech.edu.ng/,derived from official site fact; verify before public deployment
1807,Does YABATECH have Academic Staff Personnel?,Academic Staff Personnel is listed under Registry-related units on the official YABATECH website.,registry,Academic Staff Personnel,official_fact,https://www.yabatech.edu.ng/,current as checked on 2026-05-12
1808,"In simple words, Does YABATECH have Academic Staff Personnel? in simple terms",Academic Staff Personnel is listed under Registry-related units on the official YABATECH website.,registry,Academic Staff Personnel,generated_variation,https://www.yabatech.edu.ng/,derived from official site fact; verify before public deployment
1809,"In simple words, Does YABATECH have Academic Staff Personnel? in simple terms",Academic Staff Personnel is listed under Registry-related units on the official YABATECH website.,registry,Academic Staff Personnel,generated_variation,https://www.yabatech.edu.ng/,derived from official site fact; verify before public deployment
1810,What is Academic Staff Personnel?,Academic Staff Personnel is listed under Registry-related units on the official YABATECH website.,registry,Academic Staff Personnel,official_fact,https://www.yabatech.edu.ng/,current as checked on 2026-05-12
1811,Help me answer: What is Academic Staff Personnel? for admission learners,Academic Staff Personnel is listed under Registry-related units on the official YABATECH website.,registry,Academic Staff Personnel,generated_variation,https://www.yabatech.edu.ng/,derived from official site fact; verify before public deployment
1812,Student asked: What is Academic Staff Personnel? for admission learners,Academic Staff Personnel is listed under Registry-related units on the official YABATECH website.,registry,Academic Staff Personnel,generated_variation,https://www.yabatech.edu.ng/,derived from official site fact; verify before public deployment
1813,YABATECH Academic Staff Personnel information,Academic Staff Personnel is listed under Registry-related units on the official YABATECH website.,registry,Academic Staff Personnel,official_fact,https://www.yabatech.edu.ng/,current as checked on 2026-05-12
1814,Help me answer: YABATECH Academic Staff Personnel information as a chatbot response,Academic Staff Personnel is listed under Registry-related units on the official YABATECH website.,registry,Academic Staff Personnel,generated_variation,https://www.yabatech.edu.ng/,derived from official site fact; verify before public deployment
1815,"In simple words, YABATECH Academic Staff Personnel information for admission learners",Academic Staff Personnel is listed under Registry-related units on the official YABATECH website.,registry,Academic Staff Personnel,generated_variation,https://www.yabatech.edu.ng/,derived from official site fact; verify before public deployment
1816,Name a registry unit in YABATECH,Academic Staff Personnel is listed under Registry-related units on the official YABATECH website.,registry,Academic Staff Personnel,official_fact,https://www.yabatech.edu.ng/,current as checked on 2026-05-12
1817,Please answer: Name a registry unit in YABATECH?,Academic Staff Personnel is listed under Registry-related units on the official YABATECH website.,registry,Academic Staff Personnel,generated_variation,https://www.yabatech.edu.ng/,derived from official site fact; verify before public deployment
1818,Quick question: Name a registry unit in YABATECH today,Academic Staff Personnel is listed under Registry-related units on the official YABATECH website.,registry,Academic Staff Personnel,generated_variation,https://www.yabatech.edu.ng/,derived from official site fact; verify before public deployment
1819,Which section lists Academic Staff Personnel?,Academic Staff Personnel is listed under Registry-related units on the official YABATECH website.,registry,Academic Staff Personnel,official_fact,https://www.yabatech.edu.ng/,current as checked on 2026-05-12
1820,Class question: Which section lists Academic Staff Personnel?,Academic Staff Personnel is listed under Registry-related units on the official YABATECH website.,registry,Academic Staff Personnel,generated_variation,https://www.yabatech.edu.ng/,derived from official site fact; verify before public deployment
1821,Can you explain: Which section lists Academic Staff Personnel? today,Academic Staff Personnel is listed under Registry-related units on the official YABATECH website.,registry,Academic Staff Personnel,generated_variation,https://www.yabatech.edu.ng/,derived from official site fact; verify before public deployment
1822,Where does Academic Staff Personnel belong in YABATECH?,Academic Staff Personnel is listed under Registry-related units on the official YABATECH website.,registry,Academic Staff Personnel,official_fact,https://www.yabatech.edu.ng/,current as checked on 2026-05-12
1823,"For a learner, Where does Academic Staff Personnel belong in YABATECH? for students",Academic Staff Personnel is listed under Registry-related units on the official YABATECH website.,registry,Academic Staff Personnel,generated_variation,https://www.yabatech.edu.ng/,derived from official site fact; verify before public deployment
1824,Help me answer: Where does Academic Staff Personnel belong in YABATECH? in simple terms,Academic Staff Personnel is listed under Registry-related units on the official YABATECH website.,registry,Academic Staff Personnel,generated_variation,https://www.yabatech.edu.ng/,derived from official site fact; verify before public deployment
1825,Give me a fact about Academic Staff Personnel,Academic Staff Personnel is listed under Registry-related units on the official YABATECH website.,registry,Academic Staff Personnel,official_fact,https://www.yabatech.edu.ng/,current as checked on 2026-05-12
1826,Class question: Give me a fact about Academic Staff Personnel today,Academic Staff Personnel is listed under Registry-related units on the official YABATECH website.,registry,Academic Staff Personnel,generated_variation,https://www.yabatech.edu.ng/,derived from official site fact; verify before public deployment
1827,Please answer: Give me a fact about Academic Staff Personnel briefly,Academic Staff Personnel is listed under Registry-related units on the official YABATECH website.,registry,Academic Staff Personnel,generated_variation,https://www.yabatech.edu.ng/,derived from official site fact; verify before public deployment
1828,Is Academic Staff Personnel listed on YABATECH website?,Academic Staff Personnel is listed under Registry-related units on the official YABATECH website.,registry,Academic Staff Personnel,official_fact,https://www.yabatech.edu.ng/,current as checked on 2026-05-12
1829,"For a learner, Is Academic Staff Personnel listed on YABATECH website? please",Academic Staff Personnel is listed under Registry-related units on the official YABATECH website.,registry,Academic Staff Personnel,generated_variation,https://www.yabatech.edu.ng/,derived from official site fact; verify before public deployment
1830,Help me answer: Is Academic Staff Personnel listed on YABATECH website? in simple terms,Academic Staff Personnel is listed under Registry-related units on the official YABATECH website.,registry,Academic Staff Personnel,generated_variation,https://www.yabatech.edu.ng/,derived from official site fact; verify before public deployment
1831,Is Admissions Unit under YABATECH Registry?,Admissions Unit is listed under Registry-related units on the official YABATECH website.,registry,Admissions Unit,official_fact,https://www.yabatech.edu.ng/,current as checked on 2026-05-12
1832,Please answer: Is Admissions Unit under YABATECH Registry? on YABATECH website,Admissions Unit is listed under Registry-related units on the official YABATECH website.,registry,Admissions Unit,generated_variation,https://www.yabatech.edu.ng/,derived from official site fact; verify before public deployment
1833,Quick question: Is Admissions Unit under YABATECH Registry? on YABATECH website,Admissions Unit is listed under Registry-related units on the official YABATECH website.,registry,Admissions Unit,generated_variation,https://www.yabatech.edu.ng/,derived from official site fact; verify before public deployment
1834,Tell me about Admissions Unit in YABATECH,Admissions Unit is listed under Registry-related units on the official YABATECH website.,registry,Admissions Unit,official_fact,https://www.yabatech.edu.ng/,current as checked on 2026-05-12
1835,Can you explain: Tell me about Admissions Unit in YABATECH briefly,Admissions Unit is listed under Registry-related units on the official YABATECH website.,registry,Admissions Unit,generated_variation,https://www.yabatech.edu.ng/,derived from official site fact; verify before public deployment
1836,Tell me about Admissions Unit in YABATECH for students,Admissions Unit is listed under Registry-related units on the official YABATECH website.,registry,Admissions Unit,generated_variation,https://www.yabatech.edu.ng/,derived from official site fact; verify before public deployment
1837,Does YABATECH have Admissions Unit?,Admissions Unit is listed under Registry-related units on the official YABATECH website.,registry,Admissions Unit,official_fact,https://www.yabatech.edu.ng/,current as checked on 2026-05-12
1838,Please answer: Does YABATECH have Admissions Unit? for admission learners,Admissions Unit is listed under Registry-related units on the official YABATECH website.,registry,Admissions Unit,generated_variation,https://www.yabatech.edu.ng/,derived from official site fact; verify before public deployment
1839,I want to know: Does YABATECH have Admissions Unit?,Admissions Unit is listed under Registry-related units on the official YABATECH website.,registry,Admissions Unit,generated_variation,https://www.yabatech.edu.ng/,derived from official site fact; verify before public deployment
1840,What is Admissions Unit?,Admissions Unit is listed under Registry-related units on the official YABATECH website.,registry,Admissions Unit,official_fact,https://www.yabatech.edu.ng/,current as checked on 2026-05-12
1841,Can you explain: What is Admissions Unit? on YABATECH website,Admissions Unit is listed under Registry-related units on the official YABATECH website.,registry,Admissions Unit,generated_variation,https://www.yabatech.edu.ng/,derived from official site fact; verify before public deployment
1842,Quick question: What is Admissions Unit? please,Admissions Unit is listed under Registry-related units on the official YABATECH website.,registry,Admissions Unit,generated_variation,https://www.yabatech.edu.ng/,derived from official site fact; verify before public deployment
1843,YABATECH Admissions Unit information,Admissions Unit is listed under Registry-related units on the official YABATECH website.,registry,Admissions Unit,official_fact,https://www.yabatech.edu.ng/,current as checked on 2026-05-12
1844,Please answer: YABATECH Admissions Unit information on YABATECH website,Admissions Unit is listed under Registry-related units on the official YABATECH website.,registry,Admissions Unit,generated_variation,https://www.yabatech.edu.ng/,derived from official site fact; verify before public deployment
1845,Can you explain: YABATECH Admissions Unit information briefly,Admissions Unit is listed under Registry-related units on the official YABATECH website.,registry,Admissions Unit,generated_variation,https://www.yabatech.edu.ng/,derived from official site fact; verify before public deployment
1846,Name a registry unit in YABATECH,Admissions Unit is listed under Registry-related units on the official YABATECH website.,registry,Admissions Unit,official_fact,https://www.yabatech.edu.ng/,current as checked on 2026-05-12
1847,Please answer: Name a registry unit in YABATECH on YABATECH website,Admissions Unit is listed under Registry-related units on the official YABATECH website.,registry,Admissions Unit,generated_variation,https://www.yabatech.edu.ng/,derived from official site fact; verify before public deployment
1848,Name a registry unit in YABATECH,Admissions Unit is listed under Registry-related units on the official YABATECH website.,registry,Admissions Unit,generated_variation,https://www.yabatech.edu.ng/,derived from official site fact; verify before public deployment
1849,Which section lists Admissions Unit?,Admissions Unit is listed under Registry-related units on the official YABATECH website.,registry,Admissions Unit,official_fact,https://www.yabatech.edu.ng/,current as checked on 2026-05-12
1850,Please answer: Which section lists Admissions Unit? for admission learners,Admissions Unit is listed under Registry-related units on the official YABATECH website.,registry,Admissions Unit,generated_variation,https://www.yabatech.edu.ng/,derived from official site fact; verify before public deployment
1851,Student asked: Which section lists Admissions Unit?,Admissions Unit is listed under Registry-related units on the official YABATECH website.,registry,Admissions Unit,generated_variation,https://www.yabatech.edu.ng/,derived from official site fact; verify before public deployment
1852,Where does Admissions Unit belong in YABATECH?,Admissions Unit is listed under Registry-related units on the official YABATECH website.,registry,Admissions Unit,official_fact,https://www.yabatech.edu.ng/,current as checked on 2026-05-12
1853,Student asked: Where does Admissions Unit belong in YABATECH?,Admissions Unit is listed under Registry-related units on the official YABATECH website.,registry,Admissions Unit,generated_variation,https://www.yabatech.edu.ng/,derived from official site fact; verify before public deployment
1854,"In simple words, Where does Admissions Unit belong in YABATECH? on YABATECH website",Admissions Unit is listed under Registry-related units on the official YABATECH website.,registry,Admissions Unit,generated_variation,https://www.yabatech.edu.ng/,derived from official site fact; verify before public deployment
1855,Give me a fact about Admissions Unit,Admissions Unit is listed under Registry-related units on the official YABATECH website.,registry,Admissions Unit,official_fact,https://www.yabatech.edu.ng/,current as checked on 2026-05-12
1856,"For a learner, Give me a fact about Admissions Unit briefly",Admissions Unit is listed under Registry-related units on the official YABATECH website.,registry,Admissions Unit,generated_variation,https://www.yabatech.edu.ng/,derived from official site fact; verify before public deployment
1857,"In simple words, Give me a fact about Admissions Unit today",Admissions Unit is listed under Registry-related units on the official YABATECH website.,registry,Admissions Unit,generated_variation,https://www.yabatech.edu.ng/,derived from official site fact; verify before public deployment
1858,Is Admissions Unit listed on YABATECH website?,Admissions Unit is listed under Registry-related units on the official YABATECH website.,registry,Admissions Unit,official_fact,https://www.yabatech.edu.ng/,current as checked on 2026-05-12
1859,Help me answer: Is Admissions Unit listed on YABATECH website? for students,Admissions Unit is listed under Registry-related units on the official YABATECH website.,registry,Admissions Unit,generated_variation,https://www.yabatech.edu.ng/,derived from official site fact; verify before public deployment
1860,Quick question: Is Admissions Unit listed on YABATECH website? for admission learners,Admissions Unit is listed under Registry-related units on the official YABATECH website.,registry,Admissions Unit,generated_variation,https://www.yabatech.edu.ng/,derived from official site fact; verify before public deployment
1861,Is Alumni Relations under YABATECH Registry?,Alumni Relations is listed under Registry-related units on the official YABATECH website.,registry,Alumni Relations,official_fact,https://www.yabatech.edu.ng/,current as checked on 2026-05-12
1862,I want to know: Is Alumni Relations under YABATECH Registry? briefly,Alumni Relations is listed under Registry-related units on the official YABATECH website.,registry,Alumni Relations,generated_variation,https://www.yabatech.edu.ng/,derived from official site fact; verify before public deployment
1863,"In simple words, Is Alumni Relations under YABATECH Registry? on YABATECH website",Alumni Relations is listed under Registry-related units on the official YABATECH website.,registry,Alumni Relations,generated_variation,https://www.yabatech.edu.ng/,derived from official site fact; verify before public deployment
1864,Tell me about Alumni Relations in YABATECH,Alumni Relations is listed under Registry-related units on the official YABATECH website.,registry,Alumni Relations,official_fact,https://www.yabatech.edu.ng/,current as checked on 2026-05-12
1865,Please answer: Tell me about Alumni Relations in YABATECH?,Alumni Relations is listed under Registry-related units on the official YABATECH website.,registry,Alumni Relations,generated_variation,https://www.yabatech.edu.ng/,derived from official site fact; verify before public deployment
1866,"For a learner, Tell me about Alumni Relations in YABATECH please",Alumni Relations is listed under Registry-related units on the official YABATECH website.,registry,Alumni Relations,generated_variation,https://www.yabatech.edu.ng/,derived from official site fact; verify before public deployment
1867,Does YABATECH have Alumni Relations?,Alumni Relations is listed under Registry-related units on the official YABATECH website.,registry,Alumni Relations,official_fact,https://www.yabatech.edu.ng/,current as checked on 2026-05-12
1868,Please answer: Does YABATECH have Alumni Relations? please,Alumni Relations is listed under Registry-related units on the official YABATECH website.,registry,Alumni Relations,generated_variation,https://www.yabatech.edu.ng/,derived from official site fact; verify before public deployment
1869,I want to know: Does YABATECH have Alumni Relations? for admission learners,Alumni Relations is listed under Registry-related units on the official YABATECH website.,registry,Alumni Relations,generated_variation,https://www.yabatech.edu.ng/,derived from official site fact; verify before public deployment
1870,What is Alumni Relations?,Alumni Relations is listed under Registry-related units on the official YABATECH website.,registry,Alumni Relations,official_fact,https://www.yabatech.edu.ng/,current as checked on 2026-05-12
1871,I want to know: What is Alumni Relations? as a chatbot response,Alumni Relations is listed under Registry-related units on the official YABATECH website.,registry,Alumni Relations,generated_variation,https://www.yabatech.edu.ng/,derived from official site fact; verify before public deployment
1872,Class question: What is Alumni Relations? today,Alumni Relations is listed under Registry-related units on the official YABATECH website.,registry,Alumni Relations,generated_variation,https://www.yabatech.edu.ng/,derived from official site fact; verify before public deployment
1873,YABATECH Alumni Relations information,Alumni Relations is listed under Registry-related units on the official YABATECH website.,registry,Alumni Relations,official_fact,https://www.yabatech.edu.ng/,current as checked on 2026-05-12
1874,Student asked: YABATECH Alumni Relations information on YABATECH website,Alumni Relations is listed under Registry-related units on the official YABATECH website.,registry,Alumni Relations,generated_variation,https://www.yabatech.edu.ng/,derived from official site fact; verify before public deployment
1875,YABATECH Alumni Relations information?,Alumni Relations is listed under Registry-related units on the official YABATECH website.,registry,Alumni Relations,generated_variation,https://www.yabatech.edu.ng/,derived from official site fact; verify before public deployment
1876,Name a registry unit in YABATECH,Alumni Relations is listed under Registry-related units on the official YABATECH website.,registry,Alumni Relations,official_fact,https://www.yabatech.edu.ng/,current as checked on 2026-05-12
1877,"For a learner, Name a registry unit in YABATECH in simple terms",Alumni Relations is listed under Registry-related units on the official YABATECH website.,registry,Alumni Relations,generated_variation,https://www.yabatech.edu.ng/,derived from official site fact; verify before public deployment
1878,Student asked: Name a registry unit in YABATECH today,Alumni Relations is listed under Registry-related units on the official YABATECH website.,registry,Alumni Relations,generated_variation,https://www.yabatech.edu.ng/,derived from official site fact; verify before public deployment
1879,Which section lists Alumni Relations?,Alumni Relations is listed under Registry-related units on the official YABATECH website.,registry,Alumni Relations,official_fact,https://www.yabatech.edu.ng/,current as checked on 2026-05-12
1880,Class question: Which section lists Alumni Relations?,Alumni Relations is listed under Registry-related units on the official YABATECH website.,registry,Alumni Relations,generated_variation,https://www.yabatech.edu.ng/,derived from official site fact; verify before public deployment
1881,Which section lists Alumni Relations? today,Alumni Relations is listed under Registry-related units on the official YABATECH website.,registry,Alumni Relations,generated_variation,https://www.yabatech.edu.ng/,derived from official site fact; verify before public deployment
1882,Where does Alumni Relations belong in YABATECH?,Alumni Relations is listed under Registry-related units on the official YABATECH website.,registry,Alumni Relations,official_fact,https://www.yabatech.edu.ng/,current as checked on 2026-05-12
1883,Quick question: Where does Alumni Relations belong in YABATECH?,Alumni Relations is listed under Registry-related units on the official YABATECH website.,registry,Alumni Relations,generated_variation,https://www.yabatech.edu.ng/,derived from official site fact; verify before public deployment
1884,Student asked: Where does Alumni Relations belong in YABATECH? in simple terms,Alumni Relations is listed under Registry-related units on the official YABATECH website.,registry,Alumni Relations,generated_variation,https://www.yabatech.edu.ng/,derived from official site fact; verify before public deployment
1885,Give me a fact about Alumni Relations,Alumni Relations is listed under Registry-related units on the official YABATECH website.,registry,Alumni Relations,official_fact,https://www.yabatech.edu.ng/,current as checked on 2026-05-12
1886,Help me answer: Give me a fact about Alumni Relations please,Alumni Relations is listed under Registry-related units on the official YABATECH website.,registry,Alumni Relations,generated_variation,https://www.yabatech.edu.ng/,derived from official site fact; verify before public deployment
1887,Please answer: Give me a fact about Alumni Relations briefly,Alumni Relations is listed under Registry-related units on the official YABATECH website.,registry,Alumni Relations,generated_variation,https://www.yabatech.edu.ng/,derived from official site fact; verify before public deployment
1888,Is Alumni Relations listed on YABATECH website?,Alumni Relations is listed under Registry-related units on the official YABATECH website.,registry,Alumni Relations,official_fact,https://www.yabatech.edu.ng/,current as checked on 2026-05-12
1889,"In simple words, Is Alumni Relations listed on YABATECH website? on YABATECH website",Alumni Relations is listed under Registry-related units on the official YABATECH website.,registry,Alumni Relations,generated_variation,https://www.yabatech.edu.ng/,derived from official site fact; verify before public deployment
1890,Student asked: Is Alumni Relations listed on YABATECH website? today,Alumni Relations is listed under Registry-related units on the official YABATECH website.,registry,Alumni Relations,generated_variation,https://www.yabatech.edu.ng/,derived from official site fact; verify before public deployment
1891,Is Centre for Continuous Studies under YABATECH Registry?,Centre for Continuous Studies is listed under Registry-related units on the official YABATECH website.,registry,Centre for Continuous Studies,official_fact,https://www.yabatech.edu.ng/,current as checked on 2026-05-12
1892,Please answer: Is Centre for Continuous Studies under YABATECH Registry? as a chatbot response,Centre for Continuous Studies is listed under Registry-related units on the official YABATECH website.,registry,Centre for Continuous Studies,generated_variation,https://www.yabatech.edu.ng/,derived from official site fact; verify before public deployment
1893,Quick question: Is Centre for Continuous Studies under YABATECH Registry?,Centre for Continuous Studies is listed under Registry-related units on the official YABATECH website.,registry,Centre for Continuous Studies,generated_variation,https://www.yabatech.edu.ng/,derived from official site fact; verify before public deployment
1894,Tell me about Centre for Continuous Studies in YABATECH,Centre for Continuous Studies is listed under Registry-related units on the official YABATECH website.,registry,Centre for Continuous Studies,official_fact,https://www.yabatech.edu.ng/,current as checked on 2026-05-12
1895,Please answer: Tell me about Centre for Continuous Studies in YABATECH briefly,Centre for Continuous Studies is listed under Registry-related units on the official YABATECH website.,registry,Centre for Continuous Studies,generated_variation,https://www.yabatech.edu.ng/,derived from official site fact; verify before public deployment
1896,I want to know: Tell me about Centre for Continuous Studies in YABATECH briefly,Centre for Continuous Studies is listed under Registry-related units on the official YABATECH website.,registry,Centre for Continuous Studies,generated_variation,https://www.yabatech.edu.ng/,derived from official site fact; verify before public deployment
1897,Does YABATECH have Centre for Continuous Studies?,Centre for Continuous Studies is listed under Registry-related units on the official YABATECH website.,registry,Centre for Continuous Studies,official_fact,https://www.yabatech.edu.ng/,current as checked on 2026-05-12
1898,"In simple words, Does YABATECH have Centre for Continuous Studies?",Centre for Continuous Studies is listed under Registry-related units on the official YABATECH website.,registry,Centre for Continuous Studies,generated_variation,https://www.yabatech.edu.ng/,derived from official site fact; verify before public deployment
1899,"For a learner, Does YABATECH have Centre for Continuous Studies? as a chatbot response",Centre for Continuous Studies is listed under Registry-related units on the official YABATECH website.,registry,Centre for Continuous Studies,generated_variation,https://www.yabatech.edu.ng/,derived from official site fact; verify before public deployment
1900,What is Centre for Continuous Studies?,Centre for Continuous Studies is listed under Registry-related units on the official YABATECH website.,registry,Centre for Continuous Studies,official_fact,https://www.yabatech.edu.ng/,current as checked on 2026-05-12
1901,Quick question: What is Centre for Continuous Studies? in simple terms,Centre for Continuous Studies is listed under Registry-related units on the official YABATECH website.,registry,Centre for Continuous Studies,generated_variation,https://www.yabatech.edu.ng/,derived from official site fact; verify before public deployment
1902,What is Centre for Continuous Studies? as a chatbot response,Centre for Continuous Studies is listed under Registry-related units on the official YABATECH website.,registry,Centre for Continuous Studies,generated_variation,https://www.yabatech.edu.ng/,derived from official site fact; verify before public deployment
1903,YABATECH Centre for Continuous Studies information,Centre for Continuous Studies is listed under Registry-related units on the official YABATECH website.,registry,Centre for Continuous Studies,official_fact,https://www.yabatech.edu.ng/,current as checked on 2026-05-12
1904,Student asked: YABATECH Centre for Continuous Studies information for students,Centre for Continuous Studies is listed under Registry-related units on the official YABATECH website.,registry,Centre for Continuous Studies,generated_variation,https://www.yabatech.edu.ng/,derived from official site fact; verify before public deployment
1905,Please answer: YABATECH Centre for Continuous Studies information briefly,Centre for Continuous Studies is listed under Registry-related units on the official YABATECH website.,registry,Centre for Continuous Studies,generated_variation,https://www.yabatech.edu.ng/,derived from official site fact; verify before public deployment
1906,Name a registry unit in YABATECH,Centre for Continuous Studies is listed under Registry-related units on the official YABATECH website.,registry,Centre for Continuous Studies,official_fact,https://www.yabatech.edu.ng/,current as checked on 2026-05-12
1907,Quick question: Name a registry unit in YABATECH on YABATECH website,Centre for Continuous Studies is listed under Registry-related units on the official YABATECH website.,registry,Centre for Continuous Studies,generated_variation,https://www.yabatech.edu.ng/,derived from official site fact; verify before public deployment
1908,Name a registry unit in YABATECH for students,Centre for Continuous Studies is listed under Registry-related units on the official YABATECH website.,registry,Centre for Continuous Studies,generated_variation,https://www.yabatech.edu.ng/,derived from official site fact; verify before public deployment
1909,Which section lists Centre for Continuous Studies?,Centre for Continuous Studies is listed under Registry-related units on the official YABATECH website.,registry,Centre for Continuous Studies,official_fact,https://www.yabatech.edu.ng/,current as checked on 2026-05-12
1910,I want to know: Which section lists Centre for Continuous Studies?,Centre for Continuous Studies is listed under Registry-related units on the official YABATECH website.,registry,Centre for Continuous Studies,generated_variation,https://www.yabatech.edu.ng/,derived from official site fact; verify before public deployment
1911,Student asked: Which section lists Centre for Continuous Studies? in simple terms,Centre for Continuous Studies is listed under Registry-related units on the official YABATECH website.,registry,Centre for Continuous Studies,generated_variation,https://www.yabatech.edu.ng/,derived from official site fact; verify before public deployment
1912,Where does Centre for Continuous Studies belong in YABATECH?,Centre for Continuous Studies is listed under Registry-related units on the official YABATECH website.,registry,Centre for Continuous Studies,official_fact,https://www.yabatech.edu.ng/,current as checked on 2026-05-12
1913,Quick question: Where does Centre for Continuous Studies belong in YABATECH? on YABATECH website,Centre for Continuous Studies is listed under Registry-related units on the official YABATECH website.,registry,Centre for Continuous Studies,generated_variation,https://www.yabatech.edu.ng/,derived from official site fact; verify before public deployment
1914,Class question: Where does Centre for Continuous Studies belong in YABATECH? for admission learners,Centre for Continuous Studies is listed under Registry-related units on the official YABATECH website.,registry,Centre for Continuous Studies,generated_variation,https://www.yabatech.edu.ng/,derived from official site fact; verify before public deployment
1915,Give me a fact about Centre for Continuous Studies,Centre for Continuous Studies is listed under Registry-related units on the official YABATECH website.,registry,Centre for Continuous Studies,official_fact,https://www.yabatech.edu.ng/,current as checked on 2026-05-12
1916,Class question: Give me a fact about Centre for Continuous Studies today,Centre for Continuous Studies is listed under Registry-related units on the official YABATECH website.,registry,Centre for Continuous Studies,generated_variation,https://www.yabatech.edu.ng/,derived from official site fact; verify before public deployment
1917,Help me answer: Give me a fact about Centre for Continuous Studies briefly,Centre for Continuous Studies is listed under Registry-related units on the official YABATECH website.,registry,Centre for Continuous Studies,generated_variation,https://www.yabatech.edu.ng/,derived from official site fact; verify before public deployment
1918,Is Centre for Continuous Studies listed on YABATECH website?,Centre for Continuous Studies is listed under Registry-related units on the official YABATECH website.,registry,Centre for Continuous Studies,official_fact,https://www.yabatech.edu.ng/,current as checked on 2026-05-12
1919,Quick question: Is Centre for Continuous Studies listed on YABATECH website? please,Centre for Continuous Studies is listed under Registry-related units on the official YABATECH website.,registry,Centre for Continuous Studies,generated_variation,https://www.yabatech.edu.ng/,derived from official site fact; verify before public deployment
1920,Student asked: Is Centre for Continuous Studies listed on YABATECH website?,Centre for Continuous Studies is listed under Registry-related units on the official YABATECH website.,registry,Centre for Continuous Studies,generated_variation,https://www.yabatech.edu.ng/,derived from official site fact; verify before public deployment
1921,Is Council Affairs under YABATECH Registry?,Council Affairs is listed under Registry-related units on the official YABATECH website.,registry,Council Affairs,official_fact,https://www.yabatech.edu.ng/,current as checked on 2026-05-12
1922,Class question: Is Council Affairs under YABATECH Registry? for students,Council Affairs is listed under Registry-related units on the official YABATECH website.,registry,Council Affairs,generated_variation,https://www.yabatech.edu.ng/,derived from official site fact; verify before public deployment
1923,I want to know: Is Council Affairs under YABATECH Registry? as a chatbot response,Council Affairs is listed under Registry-related units on the official YABATECH website.,registry,Council Affairs,generated_variation,https://www.yabatech.edu.ng/,derived from official site fact; verify before public deployment
1924,Tell me about Council Affairs in YABATECH,Council Affairs is listed under Registry-related units on the official YABATECH website.,registry,Council Affairs,official_fact,https://www.yabatech.edu.ng/,current as checked on 2026-05-12
1925,Quick question: Tell me about Council Affairs in YABATECH as a chatbot response,Council Affairs is listed under Registry-related units on the official YABATECH website.,registry,Council Affairs,generated_variation,https://www.yabatech.edu.ng/,derived from official site fact; verify before public deployment
1926,"For a learner, Tell me about Council Affairs in YABATECH on YABATECH website",Council Affairs is listed under Registry-related units on the official YABATECH website.,registry,Council Affairs,generated_variation,https://www.yabatech.edu.ng/,derived from official site fact; verify before public deployment
1927,Does YABATECH have Council Affairs?,Council Affairs is listed under Registry-related units on the official YABATECH website.,registry,Council Affairs,official_fact,https://www.yabatech.edu.ng/,current as checked on 2026-05-12
1928,Help me answer: Does YABATECH have Council Affairs?,Council Affairs is listed under Registry-related units on the official YABATECH website.,registry,Council Affairs,generated_variation,https://www.yabatech.edu.ng/,derived from official site fact; verify before public deployment
1929,"In simple words, Does YABATECH have Council Affairs? today",Council Affairs is listed under Registry-related units on the official YABATECH website.,registry,Council Affairs,generated_variation,https://www.yabatech.edu.ng/,derived from official site fact; verify before public deployment
1930,What is Council Affairs?,Council Affairs is listed under Registry-related units on the official YABATECH website.,registry,Council Affairs,official_fact,https://www.yabatech.edu.ng/,current as checked on 2026-05-12
1931,Please answer: What is Council Affairs? briefly,Council Affairs is listed under Registry-related units on the official YABATECH website.,registry,Council Affairs,generated_variation,https://www.yabatech.edu.ng/,derived from official site fact; verify before public deployment
1932,"In simple words, What is Council Affairs? as a chatbot response",Council Affairs is listed under Registry-related units on the official YABATECH website.,registry,Council Affairs,generated_variation,https://www.yabatech.edu.ng/,derived from official site fact; verify before public deployment
1933,YABATECH Council Affairs information,Council Affairs is listed under Registry-related units on the official YABATECH website.,registry,Council Affairs,official_fact,https://www.yabatech.edu.ng/,current as checked on 2026-05-12
1934,"For a learner, YABATECH Council Affairs information in simple terms",Council Affairs is listed under Registry-related units on the official YABATECH website.,registry,Council Affairs,generated_variation,https://www.yabatech.edu.ng/,derived from official site fact; verify before public deployment
1935,Class question: YABATECH Council Affairs information?,Council Affairs is listed under Registry-related units on the official YABATECH website.,registry,Council Affairs,generated_variation,https://www.yabatech.edu.ng/,derived from official site fact; verify before public deployment
1936,Name a registry unit in YABATECH,Council Affairs is listed under Registry-related units on the official YABATECH website.,registry,Council Affairs,official_fact,https://www.yabatech.edu.ng/,current as checked on 2026-05-12
1937,Please answer: Name a registry unit in YABATECH as a chatbot response,Council Affairs is listed under Registry-related units on the official YABATECH website.,registry,Council Affairs,generated_variation,https://www.yabatech.edu.ng/,derived from official site fact; verify before public deployment
1938,"In simple words, Name a registry unit in YABATECH for students",Council Affairs is listed under Registry-related units on the official YABATECH website.,registry,Council Affairs,generated_variation,https://www.yabatech.edu.ng/,derived from official site fact; verify before public deployment
1939,Which section lists Council Affairs?,Council Affairs is listed under Registry-related units on the official YABATECH website.,registry,Council Affairs,official_fact,https://www.yabatech.edu.ng/,current as checked on 2026-05-12
1940,Class question: Which section lists Council Affairs? briefly,Council Affairs is listed under Registry-related units on the official YABATECH website.,registry,Council Affairs,generated_variation,https://www.yabatech.edu.ng/,derived from official site fact; verify before public deployment
1941,"For a learner, Which section lists Council Affairs? as a chatbot response",Council Affairs is listed under Registry-related units on the official YABATECH website.,registry,Council Affairs,generated_variation,https://www.yabatech.edu.ng/,derived from official site fact; verify before public deployment
1942,Where does Council Affairs belong in YABATECH?,Council Affairs is listed under Registry-related units on the official YABATECH website.,registry,Council Affairs,official_fact,https://www.yabatech.edu.ng/,current as checked on 2026-05-12
1943,Quick question: Where does Council Affairs belong in YABATECH? today,Council Affairs is listed under Registry-related units on the official YABATECH website.,registry,Council Affairs,generated_variation,https://www.yabatech.edu.ng/,derived from official site fact; verify before public deployment
1944,Quick question: Where does Council Affairs belong in YABATECH? in simple terms,Council Affairs is listed under Registry-related units on the official YABATECH website.,registry,Council Affairs,generated_variation,https://www.yabatech.edu.ng/,derived from official site fact; verify before public deployment
1945,Give me a fact about Council Affairs,Council Affairs is listed under Registry-related units on the official YABATECH website.,registry,Council Affairs,official_fact,https://www.yabatech.edu.ng/,current as checked on 2026-05-12
1946,I want to know: Give me a fact about Council Affairs?,Council Affairs is listed under Registry-related units on the official YABATECH website.,registry,Council Affairs,generated_variation,https://www.yabatech.edu.ng/,derived from official site fact; verify before public deployment
1947,Help me answer: Give me a fact about Council Affairs today,Council Affairs is listed under Registry-related units on the official YABATECH website.,registry,Council Affairs,generated_variation,https://www.yabatech.edu.ng/,derived from official site fact; verify before public deployment
1948,Is Council Affairs listed on YABATECH website?,Council Affairs is listed under Registry-related units on the official YABATECH website.,registry,Council Affairs,official_fact,https://www.yabatech.edu.ng/,current as checked on 2026-05-12
1949,Is Council Affairs listed on YABATECH website?,Council Affairs is listed under Registry-related units on the official YABATECH website.,registry,Council Affairs,generated_variation,https://www.yabatech.edu.ng/,derived from official site fact; verify before public deployment
1950,Please answer: Is Council Affairs listed on YABATECH website? as a chatbot response,Council Affairs is listed under Registry-related units on the official YABATECH website.,registry,Council Affairs,generated_variation,https://www.yabatech.edu.ng/,derived from official site fact; verify before public deployment
1951,Is Epe Campus under YABATECH Registry?,Epe Campus is listed under Registry-related units on the official YABATECH website.,registry,Epe Campus,official_fact,https://www.yabatech.edu.ng/,current as checked on 2026-05-12
1952,Can you explain: Is Epe Campus under YABATECH Registry? as a chatbot response,Epe Campus is listed under Registry-related units on the official YABATECH website.,registry,Epe Campus,generated_variation,https://www.yabatech.edu.ng/,derived from official site fact; verify before public deployment
1953,Help me answer: Is Epe Campus under YABATECH Registry? on YABATECH website,Epe Campus is listed under Registry-related units on the official YABATECH website.,registry,Epe Campus,generated_variation,https://www.yabatech.edu.ng/,derived from official site fact; verify before public deployment
1954,Tell me about Epe Campus in YABATECH,Epe Campus is listed under Registry-related units on the official YABATECH website.,registry,Epe Campus,official_fact,https://www.yabatech.edu.ng/,current as checked on 2026-05-12
1955,Tell me about Epe Campus in YABATECH for students,Epe Campus is listed under Registry-related units on the official YABATECH website.,registry,Epe Campus,generated_variation,https://www.yabatech.edu.ng/,derived from official site fact; verify before public deployment
1956,Help me answer: Tell me about Epe Campus in YABATECH today,Epe Campus is listed under Registry-related units on the official YABATECH website.,registry,Epe Campus,generated_variation,https://www.yabatech.edu.ng/,derived from official site fact; verify before public deployment
1957,Does YABATECH have Epe Campus?,Epe Campus is listed under Registry-related units on the official YABATECH website.,registry,Epe Campus,official_fact,https://www.yabatech.edu.ng/,current as checked on 2026-05-12
1958,Quick question: Does YABATECH have Epe Campus? please,Epe Campus is listed under Registry-related units on the official YABATECH website.,registry,Epe Campus,generated_variation,https://www.yabatech.edu.ng/,derived from official site fact; verify before public deployment
1959,Class question: Does YABATECH have Epe Campus? for admission learners,Epe Campus is listed under Registry-related units on the official YABATECH website.,registry,Epe Campus,generated_variation,https://www.yabatech.edu.ng/,derived from official site fact; verify before public deployment
1960,What is Epe Campus?,Epe Campus is listed under Registry-related units on the official YABATECH website.,registry,Epe Campus,official_fact,https://www.yabatech.edu.ng/,current as checked on 2026-05-12
1961,Student asked: What is Epe Campus? briefly,Epe Campus is listed under Registry-related units on the official YABATECH website.,registry,Epe Campus,generated_variation,https://www.yabatech.edu.ng/,derived from official site fact; verify before public deployment
1962,Student asked: What is Epe Campus?,Epe Campus is listed under Registry-related units on the official YABATECH website.,registry,Epe Campus,generated_variation,https://www.yabatech.edu.ng/,derived from official site fact; verify before public deployment
1963,YABATECH Epe Campus information,Epe Campus is listed under Registry-related units on the official YABATECH website.,registry,Epe Campus,official_fact,https://www.yabatech.edu.ng/,current as checked on 2026-05-12
1964,Class question: YABATECH Epe Campus information briefly,Epe Campus is listed under Registry-related units on the official YABATECH website.,registry,Epe Campus,generated_variation,https://www.yabatech.edu.ng/,derived from official site fact; verify before public deployment
1965,I want to know: YABATECH Epe Campus information today,Epe Campus is listed under Registry-related units on the official YABATECH website.,registry,Epe Campus,generated_variation,https://www.yabatech.edu.ng/,derived from official site fact; verify before public deployment
1966,Name a registry unit in YABATECH,Epe Campus is listed under Registry-related units on the official YABATECH website.,registry,Epe Campus,official_fact,https://www.yabatech.edu.ng/,current as checked on 2026-05-12
1967,Student asked: Name a registry unit in YABATECH as a chatbot response,Epe Campus is listed under Registry-related units on the official YABATECH website.,registry,Epe Campus,generated_variation,https://www.yabatech.edu.ng/,derived from official site fact; verify before public deployment
1968,"In simple words, Name a registry unit in YABATECH on YABATECH website",Epe Campus is listed under Registry-related units on the official YABATECH website.,registry,Epe Campus,generated_variation,https://www.yabatech.edu.ng/,derived from official site fact; verify before public deployment
1969,Which section lists Epe Campus?,Epe Campus is listed under Registry-related units on the official YABATECH website.,registry,Epe Campus,official_fact,https://www.yabatech.edu.ng/,current as checked on 2026-05-12
1970,Help me answer: Which section lists Epe Campus? on YABATECH website,Epe Campus is listed under Registry-related units on the official YABATECH website.,registry,Epe Campus,generated_variation,https://www.yabatech.edu.ng/,derived from official site fact; verify before public deployment
1971,"For a learner, Which section lists Epe Campus? today",Epe Campus is listed under Registry-related units on the official YABATECH website.,registry,Epe Campus,generated_variation,https://www.yabatech.edu.ng/,derived from official site fact; verify before public deployment
1972,Where does Epe Campus belong in YABATECH?,Epe Campus is listed under Registry-related units on the official YABATECH website.,registry,Epe Campus,official_fact,https://www.yabatech.edu.ng/,current as checked on 2026-05-12
1973,Can you explain: Where does Epe Campus belong in YABATECH? briefly,Epe Campus is listed under Registry-related units on the official YABATECH website.,registry,Epe Campus,generated_variation,https://www.yabatech.edu.ng/,derived from official site fact; verify before public deployment
1974,I want to know: Where does Epe Campus belong in YABATECH? for students,Epe Campus is listed under Registry-related units on the official YABATECH website.,registry,Epe Campus,generated_variation,https://www.yabatech.edu.ng/,derived from official site fact; verify before public deployment
1975,Give me a fact about Epe Campus,Epe Campus is listed under Registry-related units on the official YABATECH website.,registry,Epe Campus,official_fact,https://www.yabatech.edu.ng/,current as checked on 2026-05-12
1976,Help me answer: Give me a fact about Epe Campus please,Epe Campus is listed under Registry-related units on the official YABATECH website.,registry,Epe Campus,generated_variation,https://www.yabatech.edu.ng/,derived from official site fact; verify before public deployment
1977,Quick question: Give me a fact about Epe Campus briefly,Epe Campus is listed under Registry-related units on the official YABATECH website.,registry,Epe Campus,generated_variation,https://www.yabatech.edu.ng/,derived from official site fact; verify before public deployment
1978,Is Epe Campus listed on YABATECH website?,Epe Campus is listed under Registry-related units on the official YABATECH website.,registry,Epe Campus,official_fact,https://www.yabatech.edu.ng/,current as checked on 2026-05-12
1979,Quick question: Is Epe Campus listed on YABATECH website? briefly,Epe Campus is listed under Registry-related units on the official YABATECH website.,registry,Epe Campus,generated_variation,https://www.yabatech.edu.ng/,derived from official site fact; verify before public deployment
1980,Help me answer: Is Epe Campus listed on YABATECH website? for students,Epe Campus is listed under Registry-related units on the official YABATECH website.,registry,Epe Campus,generated_variation,https://www.yabatech.edu.ng/,derived from official site fact; verify before public deployment
1981,Is Examination Matters under YABATECH Registry?,Examination Matters is listed under Registry-related units on the official YABATECH website.,registry,Examination Matters,official_fact,https://www.yabatech.edu.ng/,current as checked on 2026-05-12
1982,Class question: Is Examination Matters under YABATECH Registry? today,Examination Matters is listed under Registry-related units on the official YABATECH website.,registry,Examination Matters,generated_variation,https://www.yabatech.edu.ng/,derived from official site fact; verify before public deployment
1983,Help me answer: Is Examination Matters under YABATECH Registry? in simple terms,Examination Matters is listed under Registry-related units on the official YABATECH website.,registry,Examination Matters,generated_variation,https://www.yabatech.edu.ng/,derived from official site fact; verify before public deployment
1984,Tell me about Examination Matters in YABATECH,Examination Matters is listed under Registry-related units on the official YABATECH website.,registry,Examination Matters,official_fact,https://www.yabatech.edu.ng/,current as checked on 2026-05-12
1985,"In simple words, Tell me about Examination Matters in YABATECH for students",Examination Matters is listed under Registry-related units on the official YABATECH website.,registry,Examination Matters,generated_variation,https://www.yabatech.edu.ng/,derived from official site fact; verify before public deployment
1986,"For a learner, Tell me about Examination Matters in YABATECH on YABATECH website",Examination Matters is listed under Registry-related units on the official YABATECH website.,registry,Examination Matters,generated_variation,https://www.yabatech.edu.ng/,derived from official site fact; verify before public deployment
1987,Does YABATECH have Examination Matters?,Examination Matters is listed under Registry-related units on the official YABATECH website.,registry,Examination Matters,official_fact,https://www.yabatech.edu.ng/,current as checked on 2026-05-12
1988,"In simple words, Does YABATECH have Examination Matters?",Examination Matters is listed under Registry-related units on the official YABATECH website.,registry,Examination Matters,generated_variation,https://www.yabatech.edu.ng/,derived from official site fact; verify before public deployment
1989,Help me answer: Does YABATECH have Examination Matters? today,Examination Matters is listed under Registry-related units on the official YABATECH website.,registry,Examination Matters,generated_variation,https://www.yabatech.edu.ng/,derived from official site fact; verify before public deployment
1990,What is Examination Matters?,Examination Matters is listed under Registry-related units on the official YABATECH website.,registry,Examination Matters,official_fact,https://www.yabatech.edu.ng/,current as checked on 2026-05-12
1991,"In simple words, What is Examination Matters? please",Examination Matters is listed under Registry-related units on the official YABATECH website.,registry,Examination Matters,generated_variation,https://www.yabatech.edu.ng/,derived from official site fact; verify before public deployment
1992,Quick question: What is Examination Matters? as a chatbot response,Examination Matters is listed under Registry-related units on the official YABATECH website.,registry,Examination Matters,generated_variation,https://www.yabatech.edu.ng/,derived from official site fact; verify before public deployment
1993,YABATECH Examination Matters information,Examination Matters is listed under Registry-related units on the official YABATECH website.,registry,Examination Matters,official_fact,https://www.yabatech.edu.ng/,current as checked on 2026-05-12
1994,Help me answer: YABATECH Examination Matters information today,Examination Matters is listed under Registry-related units on the official YABATECH website.,registry,Examination Matters,generated_variation,https://www.yabatech.edu.ng/,derived from official site fact; verify before public deployment
1995,Please answer: YABATECH Examination Matters information?,Examination Matters is listed under Registry-related units on the official YABATECH website.,registry,Examination Matters,generated_variation,https://www.yabatech.edu.ng/,derived from official site fact; verify before public deployment
1996,Name a registry unit in YABATECH,Examination Matters is listed under Registry-related units on the official YABATECH website.,registry,Examination Matters,official_fact,https://www.yabatech.edu.ng/,current as checked on 2026-05-12
1997,Class question: Name a registry unit in YABATECH briefly,Examination Matters is listed under Registry-related units on the official YABATECH website.,registry,Examination Matters,generated_variation,https://www.yabatech.edu.ng/,derived from official site fact; verify before public deployment
1998,Please answer: Name a registry unit in YABATECH in simple terms,Examination Matters is listed under Registry-related units on the official YABATECH website.,registry,Examination Matters,generated_variation,https://www.yabatech.edu.ng/,derived from official site fact; verify before public deployment
1999,Which section lists Examination Matters?,Examination Matters is listed under Registry-related units on the official YABATECH website.,registry,Examination Matters,official_fact,https://www.yabatech.edu.ng/,current as checked on 2026-05-12
2000,"For a learner, Which section lists Examination Matters? on YABATECH website",Examination Matters is listed under Registry-related units on the official YABATECH website.,registry,Examination Matters,generated_variation,https://www.yabatech.edu.ng/,derived from official site fact; verify before public deployment
2001,I want to know: Which section lists Examination Matters? on YABATECH website,Examination Matters is listed under Registry-related units on the official YABATECH website.,registry,Examination Matters,generated_variation,https://www.yabatech.edu.ng/,derived from official site fact; verify before public deployment
2002,Where does Examination Matters belong in YABATECH?,Examination Matters is listed under Registry-related units on the official YABATECH website.,registry,Examination Matters,official_fact,https://www.yabatech.edu.ng/,current as checked on 2026-05-12
2003,"In simple words, Where does Examination Matters belong in YABATECH? briefly",Examination Matters is listed under Registry-related units on the official YABATECH website.,registry,Examination Matters,generated_variation,https://www.yabatech.edu.ng/,derived from official site fact; verify before public deployment
2004,Student asked: Where does Examination Matters belong in YABATECH? as a chatbot response,Examination Matters is listed under Registry-related units on the official YABATECH website.,registry,Examination Matters,generated_variation,https://www.yabatech.edu.ng/,derived from official site fact; verify before public deployment
2005,Give me a fact about Examination Matters,Examination Matters is listed under Registry-related units on the official YABATECH website.,registry,Examination Matters,official_fact,https://www.yabatech.edu.ng/,current as checked on 2026-05-12
2006,Please answer: Give me a fact about Examination Matters?,Examination Matters is listed under Registry-related units on the official YABATECH website.,registry,Examination Matters,generated_variation,https://www.yabatech.edu.ng/,derived from official site fact; verify before public deployment
2007,Help me answer: Give me a fact about Examination Matters as a chatbot response,Examination Matters is listed under Registry-related units on the official YABATECH website.,registry,Examination Matters,generated_variation,https://www.yabatech.edu.ng/,derived from official site fact; verify before public deployment
2008,Is Examination Matters listed on YABATECH website?,Examination Matters is listed under Registry-related units on the official YABATECH website.,registry,Examination Matters,official_fact,https://www.yabatech.edu.ng/,current as checked on 2026-05-12
2009,Student asked: Is Examination Matters listed on YABATECH website? on YABATECH website,Examination Matters is listed under Registry-related units on the official YABATECH website.,registry,Examination Matters,generated_variation,https://www.yabatech.edu.ng/,derived from official site fact; verify before public deployment
2010,Can you explain: Is Examination Matters listed on YABATECH website? on YABATECH website,Examination Matters is listed under Registry-related units on the official YABATECH website.,registry,Examination Matters,generated_variation,https://www.yabatech.edu.ng/,derived from official site fact; verify before public deployment
2011,Is General Administration and Legal Matters under YABATECH Registry?,General Administration and Legal Matters is listed under Registry-related units on the official YABATECH website.,registry,General Administration and Legal Matters,official_fact,https://www.yabatech.edu.ng/,current as checked on 2026-05-12
2012,Help me answer: Is General Administration and Legal Matters under YABATECH Registry? as a chatbot response,General Administration and Legal Matters is listed under Registry-related units on the official YABATECH website.,registry,General Administration and Legal Matters,generated_variation,https://www.yabatech.edu.ng/,derived from official site fact; verify before public deployment
2013,I want to know: Is General Administration and Legal Matters under YABATECH Registry? today,General Administration and Legal Matters is listed under Registry-related units on the official YABATECH website.,registry,General Administration and Legal Matters,generated_variation,https://www.yabatech.edu.ng/,derived from official site fact; verify before public deployment
2014,Tell me about General Administration and Legal Matters in YABATECH,General Administration and Legal Matters is listed under Registry-related units on the official YABATECH website.,registry,General Administration and Legal Matters,official_fact,https://www.yabatech.edu.ng/,current as checked on 2026-05-12
2015,Student asked: Tell me about General Administration and Legal Matters in YABATECH as a chatbot response,General Administration and Legal Matters is listed under Registry-related units on the official YABATECH website.,registry,General Administration and Legal Matters,generated_variation,https://www.yabatech.edu.ng/,derived from official site fact; verify before public deployment
2016,Please answer: Tell me about General Administration and Legal Matters in YABATECH?,General Administration and Legal Matters is listed under Registry-related units on the official YABATECH website.,registry,General Administration and Legal Matters,generated_variation,https://www.yabatech.edu.ng/,derived from official site fact; verify before public deployment
2017,Does YABATECH have General Administration and Legal Matters?,General Administration and Legal Matters is listed under Registry-related units on the official YABATECH website.,registry,General Administration and Legal Matters,official_fact,https://www.yabatech.edu.ng/,current as checked on 2026-05-12
2018,I want to know: Does YABATECH have General Administration and Legal Matters? briefly,General Administration and Legal Matters is listed under Registry-related units on the official YABATECH website.,registry,General Administration and Legal Matters,generated_variation,https://www.yabatech.edu.ng/,derived from official site fact; verify before public deployment
2019,Quick question: Does YABATECH have General Administration and Legal Matters? in simple terms,General Administration and Legal Matters is listed under Registry-related units on the official YABATECH website.,registry,General Administration and Legal Matters,generated_variation,https://www.yabatech.edu.ng/,derived from official site fact; verify before public deployment
2020,What is General Administration and Legal Matters?,General Administration and Legal Matters is listed under Registry-related units on the official YABATECH website.,registry,General Administration and Legal Matters,official_fact,https://www.yabatech.edu.ng/,current as checked on 2026-05-12
2021,Please answer: What is General Administration and Legal Matters? as a chatbot response,General Administration and Legal Matters is listed under Registry-related units on the official YABATECH website.,registry,General Administration and Legal Matters,generated_variation,https://www.yabatech.edu.ng/,derived from official site fact; verify before public deployment
2022,Please answer: What is General Administration and Legal Matters? on YABATECH website,General Administration and Legal Matters is listed under Registry-related units on the official YABATECH website.,registry,General Administration and Legal Matters,generated_variation,https://www.yabatech.edu.ng/,derived from official site fact; verify before public deployment
2023,YABATECH General Administration and Legal Matters information,General Administration and Legal Matters is listed under Registry-related units on the official YABATECH website.,registry,General Administration and Legal Matters,official_fact,https://www.yabatech.edu.ng/,current as checked on 2026-05-12
2024,Quick question: YABATECH General Administration and Legal Matters information?,General Administration and Legal Matters is listed under Registry-related units on the official YABATECH website.,registry,General Administration and Legal Matters,generated_variation,https://www.yabatech.edu.ng/,derived from official site fact; verify before public deployment
2025,Can you explain: YABATECH General Administration and Legal Matters information for students,General Administration and Legal Matters is listed under Registry-related units on the official YABATECH website.,registry,General Administration and Legal Matters,generated_variation,https://www.yabatech.edu.ng/,derived from official site fact; verify before public deployment
2026,Name a registry unit in YABATECH,General Administration and Legal Matters is listed under Registry-related units on the official YABATECH website.,registry,General Administration and Legal Matters,official_fact,https://www.yabatech.edu.ng/,current as checked on 2026-05-12
2027,Quick question: Name a registry unit in YABATECH on YABATECH website,General Administration and Legal Matters is listed under Registry-related units on the official YABATECH website.,registry,General Administration and Legal Matters,generated_variation,https://www.yabatech.edu.ng/,derived from official site fact; verify before public deployment
2028,Please answer: Name a registry unit in YABATECH briefly,General Administration and Legal Matters is listed under Registry-related units on the official YABATECH website.,registry,General Administration and Legal Matters,generated_variation,https://www.yabatech.edu.ng/,derived from official site fact; verify before public deployment
2029,Which section lists General Administration and Legal Matters?,General Administration and Legal Matters is listed under Registry-related units on the official YABATECH website.,registry,General Administration and Legal Matters,official_fact,https://www.yabatech.edu.ng/,current as checked on 2026-05-12
2030,Class question: Which section lists General Administration and Legal Matters? on YABATECH website,General Administration and Legal Matters is listed under Registry-related units on the official YABATECH website.,registry,General Administration and Legal Matters,generated_variation,https://www.yabatech.edu.ng/,derived from official site fact; verify before public deployment
2031,Class question: Which section lists General Administration and Legal Matters?,General Administration and Legal Matters is listed under Registry-related units on the official YABATECH website.,registry,General Administration and Legal Matters,generated_variation,https://www.yabatech.edu.ng/,derived from official site fact; verify before public deployment
2032,Where does General Administration and Legal Matters belong in YABATECH?,General Administration and Legal Matters is listed under Registry-related units on the official YABATECH website.,registry,General Administration and Legal Matters,official_fact,https://www.yabatech.edu.ng/,current as checked on 2026-05-12
2033,Student asked: Where does General Administration and Legal Matters belong in YABATECH?,General Administration and Legal Matters is listed under Registry-related units on the official YABATECH website.,registry,General Administration and Legal Matters,generated_variation,https://www.yabatech.edu.ng/,derived from official site fact; verify before public deployment
2034,Please answer: Where does General Administration and Legal Matters belong in YABATECH?,General Administration and Legal Matters is listed under Registry-related units on the official YABATECH website.,registry,General Administration and Legal Matters,generated_variation,https://www.yabatech.edu.ng/,derived from official site fact; verify before public deployment
2035,Give me a fact about General Administration and Legal Matters,General Administration and Legal Matters is listed under Registry-related units on the official YABATECH website.,registry,General Administration and Legal Matters,official_fact,https://www.yabatech.edu.ng/,current as checked on 2026-05-12
2036,"In simple words, Give me a fact about General Administration and Legal Matters",General Administration and Legal Matters is listed under Registry-related units on the official YABATECH website.,registry,General Administration and Legal Matters,generated_variation,https://www.yabatech.edu.ng/,derived from official site fact; verify before public deployment
2037,Class question: Give me a fact about General Administration and Legal Matters please,General Administration and Legal Matters is listed under Registry-related units on the official YABATECH website.,registry,General Administration and Legal Matters,generated_variation,https://www.yabatech.edu.ng/,derived from official site fact; verify before public deployment
2038,Is General Administration and Legal Matters listed on YABATECH website?,General Administration and Legal Matters is listed under Registry-related units on the official YABATECH website.,registry,General Administration and Legal Matters,official_fact,https://www.yabatech.edu.ng/,current as checked on 2026-05-12
2039,Is General Administration and Legal Matters listed on YABATECH website? briefly,General Administration and Legal Matters is listed under Registry-related units on the official YABATECH website.,registry,General Administration and Legal Matters,generated_variation,https://www.yabatech.edu.ng/,derived from official site fact; verify before public deployment
2040,Please answer: Is General Administration and Legal Matters listed on YABATECH website? briefly,General Administration and Legal Matters is listed under Registry-related units on the official YABATECH website.,registry,General Administration and Legal Matters,generated_variation,https://www.yabatech.edu.ng/,derived from official site fact; verify before public deployment
2041,Is Junior Staff Personnel under YABATECH Registry?,Junior Staff Personnel is listed under Registry-related units on the official YABATECH website.,registry,Junior Staff Personnel,official_fact,https://www.yabatech.edu.ng/,current as checked on 2026-05-12
2042,Student asked: Is Junior Staff Personnel under YABATECH Registry? on YABATECH website,Junior Staff Personnel is listed under Registry-related units on the official YABATECH website.,registry,Junior Staff Personnel,generated_variation,https://www.yabatech.edu.ng/,derived from official site fact; verify before public deployment
2043,Student asked: Is Junior Staff Personnel under YABATECH Registry? on YABATECH website,Junior Staff Personnel is listed under Registry-related units on the official YABATECH website.,registry,Junior Staff Personnel,generated_variation,https://www.yabatech.edu.ng/,derived from official site fact; verify before public deployment
2044,Tell me about Junior Staff Personnel in YABATECH,Junior Staff Personnel is listed under Registry-related units on the official YABATECH website.,registry,Junior Staff Personnel,official_fact,https://www.yabatech.edu.ng/,current as checked on 2026-05-12
2045,Tell me about Junior Staff Personnel in YABATECH briefly,Junior Staff Personnel is listed under Registry-related units on the official YABATECH website.,registry,Junior Staff Personnel,generated_variation,https://www.yabatech.edu.ng/,derived from official site fact; verify before public deployment
2046,Quick question: Tell me about Junior Staff Personnel in YABATECH today,Junior Staff Personnel is listed under Registry-related units on the official YABATECH website.,registry,Junior Staff Personnel,generated_variation,https://www.yabatech.edu.ng/,derived from official site fact; verify before public deployment
2047,Does YABATECH have Junior Staff Personnel?,Junior Staff Personnel is listed under Registry-related units on the official YABATECH website.,registry,Junior Staff Personnel,official_fact,https://www.yabatech.edu.ng/,current as checked on 2026-05-12
2048,"In simple words, Does YABATECH have Junior Staff Personnel? for admission learners",Junior Staff Personnel is listed under Registry-related units on the official YABATECH website.,registry,Junior Staff Personnel,generated_variation,https://www.yabatech.edu.ng/,derived from official site fact; verify before public deployment
2049,Help me answer: Does YABATECH have Junior Staff Personnel? briefly,Junior Staff Personnel is listed under Registry-related units on the official YABATECH website.,registry,Junior Staff Personnel,generated_variation,https://www.yabatech.edu.ng/,derived from official site fact; verify before public deployment
2050,What is Junior Staff Personnel?,Junior Staff Personnel is listed under Registry-related units on the official YABATECH website.,registry,Junior Staff Personnel,official_fact,https://www.yabatech.edu.ng/,current as checked on 2026-05-12
2051,Class question: What is Junior Staff Personnel? for students,Junior Staff Personnel is listed under Registry-related units on the official YABATECH website.,registry,Junior Staff Personnel,generated_variation,https://www.yabatech.edu.ng/,derived from official site fact; verify before public deployment
2052,I want to know: What is Junior Staff Personnel? in simple terms,Junior Staff Personnel is listed under Registry-related units on the official YABATECH website.,registry,Junior Staff Personnel,generated_variation,https://www.yabatech.edu.ng/,derived from official site fact; verify before public deployment
2053,YABATECH Junior Staff Personnel information,Junior Staff Personnel is listed under Registry-related units on the official YABATECH website.,registry,Junior Staff Personnel,official_fact,https://www.yabatech.edu.ng/,current as checked on 2026-05-12
2054,"In simple words, YABATECH Junior Staff Personnel information",Junior Staff Personnel is listed under Registry-related units on the official YABATECH website.,registry,Junior Staff Personnel,generated_variation,https://www.yabatech.edu.ng/,derived from official site fact; verify before public deployment
2055,Class question: YABATECH Junior Staff Personnel information?,Junior Staff Personnel is listed under Registry-related units on the official YABATECH website.,registry,Junior Staff Personnel,generated_variation,https://www.yabatech.edu.ng/,derived from official site fact; verify before public deployment
2056,Name a registry unit in YABATECH,Junior Staff Personnel is listed under Registry-related units on the official YABATECH website.,registry,Junior Staff Personnel,official_fact,https://www.yabatech.edu.ng/,current as checked on 2026-05-12
2057,Student asked: Name a registry unit in YABATECH for admission learners,Junior Staff Personnel is listed under Registry-related units on the official YABATECH website.,registry,Junior Staff Personnel,generated_variation,https://www.yabatech.edu.ng/,derived from official site fact; verify before public deployment
2058,Class question: Name a registry unit in YABATECH for students,Junior Staff Personnel is listed under Registry-related units on the official YABATECH website.,registry,Junior Staff Personnel,generated_variation,https://www.yabatech.edu.ng/,derived from official site fact; verify before public deployment
2059,Which section lists Junior Staff Personnel?,Junior Staff Personnel is listed under Registry-related units on the official YABATECH website.,registry,Junior Staff Personnel,official_fact,https://www.yabatech.edu.ng/,current as checked on 2026-05-12
2060,Which section lists Junior Staff Personnel?,Junior Staff Personnel is listed under Registry-related units on the official YABATECH website.,registry,Junior Staff Personnel,generated_variation,https://www.yabatech.edu.ng/,derived from official site fact; verify before public deployment
2061,"For a learner, Which section lists Junior Staff Personnel? in simple terms",Junior Staff Personnel is listed under Registry-related units on the official YABATECH website.,registry,Junior Staff Personnel,generated_variation,https://www.yabatech.edu.ng/,derived from official site fact; verify before public deployment
2062,Where does Junior Staff Personnel belong in YABATECH?,Junior Staff Personnel is listed under Registry-related units on the official YABATECH website.,registry,Junior Staff Personnel,official_fact,https://www.yabatech.edu.ng/,current as checked on 2026-05-12
2063,"In simple words, Where does Junior Staff Personnel belong in YABATECH? for students",Junior Staff Personnel is listed under Registry-related units on the official YABATECH website.,registry,Junior Staff Personnel,generated_variation,https://www.yabatech.edu.ng/,derived from official site fact; verify before public deployment
2064,Can you explain: Where does Junior Staff Personnel belong in YABATECH? briefly,Junior Staff Personnel is listed under Registry-related units on the official YABATECH website.,registry,Junior Staff Personnel,generated_variation,https://www.yabatech.edu.ng/,derived from official site fact; verify before public deployment
2065,Give me a fact about Junior Staff Personnel,Junior Staff Personnel is listed under Registry-related units on the official YABATECH website.,registry,Junior Staff Personnel,official_fact,https://www.yabatech.edu.ng/,current as checked on 2026-05-12
2066,I want to know: Give me a fact about Junior Staff Personnel briefly,Junior Staff Personnel is listed under Registry-related units on the official YABATECH website.,registry,Junior Staff Personnel,generated_variation,https://www.yabatech.edu.ng/,derived from official site fact; verify before public deployment
2067,Help me answer: Give me a fact about Junior Staff Personnel for students,Junior Staff Personnel is listed under Registry-related units on the official YABATECH website.,registry,Junior Staff Personnel,generated_variation,https://www.yabatech.edu.ng/,derived from official site fact; verify before public deployment
2068,Is Junior Staff Personnel listed on YABATECH website?,Junior Staff Personnel is listed under Registry-related units on the official YABATECH website.,registry,Junior Staff Personnel,official_fact,https://www.yabatech.edu.ng/,current as checked on 2026-05-12
2069,I want to know: Is Junior Staff Personnel listed on YABATECH website? for students,Junior Staff Personnel is listed under Registry-related units on the official YABATECH website.,registry,Junior Staff Personnel,generated_variation,https://www.yabatech.edu.ng/,derived from official site fact; verify before public deployment
2070,Student asked: Is Junior Staff Personnel listed on YABATECH website? on YABATECH website,Junior Staff Personnel is listed under Registry-related units on the official YABATECH website.,registry,Junior Staff Personnel,generated_variation,https://www.yabatech.edu.ng/,derived from official site fact; verify before public deployment
2071,Is Office of the Registrar under YABATECH Registry?,Office of the Registrar is listed under Registry-related units on the official YABATECH website.,registry,Office of the Registrar,official_fact,https://www.yabatech.edu.ng/,current as checked on 2026-05-12
2072,"In simple words, Is Office of the Registrar under YABATECH Registry? as a chatbot response",Office of the Registrar is listed under Registry-related units on the official YABATECH website.,registry,Office of the Registrar,generated_variation,https://www.yabatech.edu.ng/,derived from official site fact; verify before public deployment
2073,Class question: Is Office of the Registrar under YABATECH Registry?,Office of the Registrar is listed under Registry-related units on the official YABATECH website.,registry,Office of the Registrar,generated_variation,https://www.yabatech.edu.ng/,derived from official site fact; verify before public deployment
2074,Tell me about Office of the Registrar in YABATECH,Office of the Registrar is listed under Registry-related units on the official YABATECH website.,registry,Office of the Registrar,official_fact,https://www.yabatech.edu.ng/,current as checked on 2026-05-12
2075,Quick question: Tell me about Office of the Registrar in YABATECH?,Office of the Registrar is listed under Registry-related units on the official YABATECH website.,registry,Office of the Registrar,generated_variation,https://www.yabatech.edu.ng/,derived from official site fact; verify before public deployment
2076,Quick question: Tell me about Office of the Registrar in YABATECH for students,Office of the Registrar is listed under Registry-related units on the official YABATECH website.,registry,Office of the Registrar,generated_variation,https://www.yabatech.edu.ng/,derived from official site fact; verify before public deployment
2077,Does YABATECH have Office of the Registrar?,Office of the Registrar is listed under Registry-related units on the official YABATECH website.,registry,Office of the Registrar,official_fact,https://www.yabatech.edu.ng/,current as checked on 2026-05-12
2078,"For a learner, Does YABATECH have Office of the Registrar? please",Office of the Registrar is listed under Registry-related units on the official YABATECH website.,registry,Office of the Registrar,generated_variation,https://www.yabatech.edu.ng/,derived from official site fact; verify before public deployment
2079,Student asked: Does YABATECH have Office of the Registrar? for admission learners,Office of the Registrar is listed under Registry-related units on the official YABATECH website.,registry,Office of the Registrar,generated_variation,https://www.yabatech.edu.ng/,derived from official site fact; verify before public deployment
2080,What is Office of the Registrar?,Office of the Registrar is listed under Registry-related units on the official YABATECH website.,registry,Office of the Registrar,official_fact,https://www.yabatech.edu.ng/,current as checked on 2026-05-12
2081,What is Office of the Registrar? for admission learners,Office of the Registrar is listed under Registry-related units on the official YABATECH website.,registry,Office of the Registrar,generated_variation,https://www.yabatech.edu.ng/,derived from official site fact; verify before public deployment
2082,Quick question: What is Office of the Registrar? please,Office of the Registrar is listed under Registry-related units on the official YABATECH website.,registry,Office of the Registrar,generated_variation,https://www.yabatech.edu.ng/,derived from official site fact; verify before public deployment
2083,YABATECH Office of the Registrar information,Office of the Registrar is listed under Registry-related units on the official YABATECH website.,registry,Office of the Registrar,official_fact,https://www.yabatech.edu.ng/,current as checked on 2026-05-12
2084,I want to know: YABATECH Office of the Registrar information for students,Office of the Registrar is listed under Registry-related units on the official YABATECH website.,registry,Office of the Registrar,generated_variation,https://www.yabatech.edu.ng/,derived from official site fact; verify before public deployment
2085,Class question: YABATECH Office of the Registrar information for admission learners,Office of the Registrar is listed under Registry-related units on the official YABATECH website.,registry,Office of the Registrar,generated_variation,https://www.yabatech.edu.ng/,derived from official site fact; verify before public deployment
2086,Name a registry unit in YABATECH,Office of the Registrar is listed under Registry-related units on the official YABATECH website.,registry,Office of the Registrar,official_fact,https://www.yabatech.edu.ng/,current as checked on 2026-05-12
2087,Class question: Name a registry unit in YABATECH please,Office of the Registrar is listed under Registry-related units on the official YABATECH website.,registry,Office of the Registrar,generated_variation,https://www.yabatech.edu.ng/,derived from official site fact; verify before public deployment
2088,"For a learner, Name a registry unit in YABATECH in simple terms",Office of the Registrar is listed under Registry-related units on the official YABATECH website.,registry,Office of the Registrar,generated_variation,https://www.yabatech.edu.ng/,derived from official site fact; verify before public deployment
2089,Which section lists Office of the Registrar?,Office of the Registrar is listed under Registry-related units on the official YABATECH website.,registry,Office of the Registrar,official_fact,https://www.yabatech.edu.ng/,current as checked on 2026-05-12
2090,Quick question: Which section lists Office of the Registrar? for students,Office of the Registrar is listed under Registry-related units on the official YABATECH website.,registry,Office of the Registrar,generated_variation,https://www.yabatech.edu.ng/,derived from official site fact; verify before public deployment
2091,Student asked: Which section lists Office of the Registrar? for admission learners,Office of the Registrar is listed under Registry-related units on the official YABATECH website.,registry,Office of the Registrar,generated_variation,https://www.yabatech.edu.ng/,derived from official site fact; verify before public deployment
2092,Where does Office of the Registrar belong in YABATECH?,Office of the Registrar is listed under Registry-related units on the official YABATECH website.,registry,Office of the Registrar,official_fact,https://www.yabatech.edu.ng/,current as checked on 2026-05-12
2093,"In simple words, Where does Office of the Registrar belong in YABATECH? briefly",Office of the Registrar is listed under Registry-related units on the official YABATECH website.,registry,Office of the Registrar,generated_variation,https://www.yabatech.edu.ng/,derived from official site fact; verify before public deployment
2094,Student asked: Where does Office of the Registrar belong in YABATECH? please,Office of the Registrar is listed under Registry-related units on the official YABATECH website.,registry,Office of the Registrar,generated_variation,https://www.yabatech.edu.ng/,derived from official site fact; verify before public deployment
2095,Give me a fact about Office of the Registrar,Office of the Registrar is listed under Registry-related units on the official YABATECH website.,registry,Office of the Registrar,official_fact,https://www.yabatech.edu.ng/,current as checked on 2026-05-12
2096,Please answer: Give me a fact about Office of the Registrar for students,Office of the Registrar is listed under Registry-related units on the official YABATECH website.,registry,Office of the Registrar,generated_variation,https://www.yabatech.edu.ng/,derived from official site fact; verify before public deployment
2097,Please answer: Give me a fact about Office of the Registrar please,Office of the Registrar is listed under Registry-related units on the official YABATECH website.,registry,Office of the Registrar,generated_variation,https://www.yabatech.edu.ng/,derived from official site fact; verify before public deployment
2098,Is Office of the Registrar listed on YABATECH website?,Office of the Registrar is listed under Registry-related units on the official YABATECH website.,registry,Office of the Registrar,official_fact,https://www.yabatech.edu.ng/,current as checked on 2026-05-12
2099,"For a learner, Is Office of the Registrar listed on YABATECH website?",Office of the Registrar is listed under Registry-related units on the official YABATECH website.,registry,Office of the Registrar,generated_variation,https://www.yabatech.edu.ng/,derived from official site fact; verify before public deployment
2100,Student asked: Is Office of the Registrar listed on YABATECH website?,Office of the Registrar is listed under Registry-related units on the official YABATECH website.,registry,Office of the Registrar,generated_variation,https://www.yabatech.edu.ng/,derived from official site fact; verify before public deployment
2101,Is Pension Matters under YABATECH Registry?,Pension Matters is listed under Registry-related units on the official YABATECH website.,registry,Pension Matters,official_fact,https://www.yabatech.edu.ng/,current as checked on 2026-05-12
2102,Help me answer: Is Pension Matters under YABATECH Registry?,Pension Matters is listed under Registry-related units on the official YABATECH website.,registry,Pension Matters,generated_variation,https://www.yabatech.edu.ng/,derived from official site fact; verify before public deployment
2103,Is Pension Matters under YABATECH Registry? for admission learners,Pension Matters is listed under Registry-related units on the official YABATECH website.,registry,Pension Matters,generated_variation,https://www.yabatech.edu.ng/,derived from official site fact; verify before public deployment
2104,Tell me about Pension Matters in YABATECH,Pension Matters is listed under Registry-related units on the official YABATECH website.,registry,Pension Matters,official_fact,https://www.yabatech.edu.ng/,current as checked on 2026-05-12
2105,Can you explain: Tell me about Pension Matters in YABATECH in simple terms,Pension Matters is listed under Registry-related units on the official YABATECH website.,registry,Pension Matters,generated_variation,https://www.yabatech.edu.ng/,derived from official site fact; verify before public deployment
2106,I want to know: Tell me about Pension Matters in YABATECH?,Pension Matters is listed under Registry-related units on the official YABATECH website.,registry,Pension Matters,generated_variation,https://www.yabatech.edu.ng/,derived from official site fact; verify before public deployment
2107,Does YABATECH have Pension Matters?,Pension Matters is listed under Registry-related units on the official YABATECH website.,registry,Pension Matters,official_fact,https://www.yabatech.edu.ng/,current as checked on 2026-05-12
2108,"For a learner, Does YABATECH have Pension Matters?",Pension Matters is listed under Registry-related units on the official YABATECH website.,registry,Pension Matters,generated_variation,https://www.yabatech.edu.ng/,derived from official site fact; verify before public deployment
2109,Please answer: Does YABATECH have Pension Matters? for students,Pension Matters is listed under Registry-related units on the official YABATECH website.,registry,Pension Matters,generated_variation,https://www.yabatech.edu.ng/,derived from official site fact; verify before public deployment
2110,What is Pension Matters?,Pension Matters is listed under Registry-related units on the official YABATECH website.,registry,Pension Matters,official_fact,https://www.yabatech.edu.ng/,current as checked on 2026-05-12
2111,What is Pension Matters? for students,Pension Matters is listed under Registry-related units on the official YABATECH website.,registry,Pension Matters,generated_variation,https://www.yabatech.edu.ng/,derived from official site fact; verify before public deployment
2112,"In simple words, What is Pension Matters? in simple terms",Pension Matters is listed under Registry-related units on the official YABATECH website.,registry,Pension Matters,generated_variation,https://www.yabatech.edu.ng/,derived from official site fact; verify before public deployment
2113,YABATECH Pension Matters information,Pension Matters is listed under Registry-related units on the official YABATECH website.,registry,Pension Matters,official_fact,https://www.yabatech.edu.ng/,current as checked on 2026-05-12
2114,Please answer: YABATECH Pension Matters information as a chatbot response,Pension Matters is listed under Registry-related units on the official YABATECH website.,registry,Pension Matters,generated_variation,https://www.yabatech.edu.ng/,derived from official site fact; verify before public deployment
2115,Can you explain: YABATECH Pension Matters information,Pension Matters is listed under Registry-related units on the official YABATECH website.,registry,Pension Matters,generated_variation,https://www.yabatech.edu.ng/,derived from official site fact; verify before public deployment
2116,Name a registry unit in YABATECH,Pension Matters is listed under Registry-related units on the official YABATECH website.,registry,Pension Matters,official_fact,https://www.yabatech.edu.ng/,current as checked on 2026-05-12
2117,Student asked: Name a registry unit in YABATECH as a chatbot response,Pension Matters is listed under Registry-related units on the official YABATECH website.,registry,Pension Matters,generated_variation,https://www.yabatech.edu.ng/,derived from official site fact; verify before public deployment
2118,Name a registry unit in YABATECH today,Pension Matters is listed under Registry-related units on the official YABATECH website.,registry,Pension Matters,generated_variation,https://www.yabatech.edu.ng/,derived from official site fact; verify before public deployment
2119,Which section lists Pension Matters?,Pension Matters is listed under Registry-related units on the official YABATECH website.,registry,Pension Matters,official_fact,https://www.yabatech.edu.ng/,current as checked on 2026-05-12
2120,Which section lists Pension Matters? for admission learners,Pension Matters is listed under Registry-related units on the official YABATECH website.,registry,Pension Matters,generated_variation,https://www.yabatech.edu.ng/,derived from official site fact; verify before public deployment
2121,Please answer: Which section lists Pension Matters? on YABATECH website,Pension Matters is listed under Registry-related units on the official YABATECH website.,registry,Pension Matters,generated_variation,https://www.yabatech.edu.ng/,derived from official site fact; verify before public deployment
2122,Where does Pension Matters belong in YABATECH?,Pension Matters is listed under Registry-related units on the official YABATECH website.,registry,Pension Matters,official_fact,https://www.yabatech.edu.ng/,current as checked on 2026-05-12
2123,Quick question: Where does Pension Matters belong in YABATECH? in simple terms,Pension Matters is listed under Registry-related units on the official YABATECH website.,registry,Pension Matters,generated_variation,https://www.yabatech.edu.ng/,derived from official site fact; verify before public deployment
2124,"In simple words, Where does Pension Matters belong in YABATECH? on YABATECH website",Pension Matters is listed under Registry-related units on the official YABATECH website.,registry,Pension Matters,generated_variation,https://www.yabatech.edu.ng/,derived from official site fact; verify before public deployment
2125,Give me a fact about Pension Matters,Pension Matters is listed under Registry-related units on the official YABATECH website.,registry,Pension Matters,official_fact,https://www.yabatech.edu.ng/,current as checked on 2026-05-12
2126,Class question: Give me a fact about Pension Matters in simple terms,Pension Matters is listed under Registry-related units on the official YABATECH website.,registry,Pension Matters,generated_variation,https://www.yabatech.edu.ng/,derived from official site fact; verify before public deployment
2127,"In simple words, Give me a fact about Pension Matters briefly",Pension Matters is listed under Registry-related units on the official YABATECH website.,registry,Pension Matters,generated_variation,https://www.yabatech.edu.ng/,derived from official site fact; verify before public deployment
2128,Is Pension Matters listed on YABATECH website?,Pension Matters is listed under Registry-related units on the official YABATECH website.,registry,Pension Matters,official_fact,https://www.yabatech.edu.ng/,current as checked on 2026-05-12
2129,Is Pension Matters listed on YABATECH website? briefly,Pension Matters is listed under Registry-related units on the official YABATECH website.,registry,Pension Matters,generated_variation,https://www.yabatech.edu.ng/,derived from official site fact; verify before public deployment
2130,Student asked: Is Pension Matters listed on YABATECH website? please,Pension Matters is listed under Registry-related units on the official YABATECH website.,registry,Pension Matters,generated_variation,https://www.yabatech.edu.ng/,derived from official site fact; verify before public deployment
2131,Is School Administration under YABATECH Registry?,School Administration is listed under Registry-related units on the official YABATECH website.,registry,School Administration,official_fact,https://www.yabatech.edu.ng/,current as checked on 2026-05-12
2132,Class question: Is School Administration under YABATECH Registry? as a chatbot response,School Administration is listed under Registry-related units on the official YABATECH website.,registry,School Administration,generated_variation,https://www.yabatech.edu.ng/,derived from official site fact; verify before public deployment
2133,"In simple words, Is School Administration under YABATECH Registry? on YABATECH website",School Administration is listed under Registry-related units on the official YABATECH website.,registry,School Administration,generated_variation,https://www.yabatech.edu.ng/,derived from official site fact; verify before public deployment
2134,Tell me about School Administration in YABATECH,School Administration is listed under Registry-related units on the official YABATECH website.,registry,School Administration,official_fact,https://www.yabatech.edu.ng/,current as checked on 2026-05-12
2135,Please answer: Tell me about School Administration in YABATECH?,School Administration is listed under Registry-related units on the official YABATECH website.,registry,School Administration,generated_variation,https://www.yabatech.edu.ng/,derived from official site fact; verify before public deployment
2136,Class question: Tell me about School Administration in YABATECH briefly,School Administration is listed under Registry-related units on the official YABATECH website.,registry,School Administration,generated_variation,https://www.yabatech.edu.ng/,derived from official site fact; verify before public deployment
2137,Does YABATECH have School Administration?,School Administration is listed under Registry-related units on the official YABATECH website.,registry,School Administration,official_fact,https://www.yabatech.edu.ng/,current as checked on 2026-05-12
2138,Can you explain: Does YABATECH have School Administration? briefly,School Administration is listed under Registry-related units on the official YABATECH website.,registry,School Administration,generated_variation,https://www.yabatech.edu.ng/,derived from official site fact; verify before public deployment
2139,I want to know: Does YABATECH have School Administration? as a chatbot response,School Administration is listed under Registry-related units on the official YABATECH website.,registry,School Administration,generated_variation,https://www.yabatech.edu.ng/,derived from official site fact; verify before public deployment
2140,What is School Administration?,School Administration is listed under Registry-related units on the official YABATECH website.,registry,School Administration,official_fact,https://www.yabatech.edu.ng/,current as checked on 2026-05-12
2141,"In simple words, What is School Administration? as a chatbot response",School Administration is listed under Registry-related units on the official YABATECH website.,registry,School Administration,generated_variation,https://www.yabatech.edu.ng/,derived from official site fact; verify before public deployment
2142,Can you explain: What is School Administration?,School Administration is listed under Registry-related units on the official YABATECH website.,registry,School Administration,generated_variation,https://www.yabatech.edu.ng/,derived from official site fact; verify before public deployment
2143,YABATECH School Administration information,School Administration is listed under Registry-related units on the official YABATECH website.,registry,School Administration,official_fact,https://www.yabatech.edu.ng/,current as checked on 2026-05-12
2144,Quick question: YABATECH School Administration information on YABATECH website,School Administration is listed under Registry-related units on the official YABATECH website.,registry,School Administration,generated_variation,https://www.yabatech.edu.ng/,derived from official site fact; verify before public deployment
2145,Student asked: YABATECH School Administration information,School Administration is listed under Registry-related units on the official YABATECH website.,registry,School Administration,generated_variation,https://www.yabatech.edu.ng/,derived from official site fact; verify before public deployment
2146,Name a registry unit in YABATECH,School Administration is listed under Registry-related units on the official YABATECH website.,registry,School Administration,official_fact,https://www.yabatech.edu.ng/,current as checked on 2026-05-12
2147,Name a registry unit in YABATECH please,School Administration is listed under Registry-related units on the official YABATECH website.,registry,School Administration,generated_variation,https://www.yabatech.edu.ng/,derived from official site fact; verify before public deployment
2148,"For a learner, Name a registry unit in YABATECH in simple terms",School Administration is listed under Registry-related units on the official YABATECH website.,registry,School Administration,generated_variation,https://www.yabatech.edu.ng/,derived from official site fact; verify before public deployment
2149,Which section lists School Administration?,School Administration is listed under Registry-related units on the official YABATECH website.,registry,School Administration,official_fact,https://www.yabatech.edu.ng/,current as checked on 2026-05-12
2150,I want to know: Which section lists School Administration? as a chatbot response,School Administration is listed under Registry-related units on the official YABATECH website.,registry,School Administration,generated_variation,https://www.yabatech.edu.ng/,derived from official site fact; verify before public deployment
2151,Which section lists School Administration? for students,School Administration is listed under Registry-related units on the official YABATECH website.,registry,School Administration,generated_variation,https://www.yabatech.edu.ng/,derived from official site fact; verify before public deployment
2152,Where does School Administration belong in YABATECH?,School Administration is listed under Registry-related units on the official YABATECH website.,registry,School Administration,official_fact,https://www.yabatech.edu.ng/,current as checked on 2026-05-12
2153,"In simple words, Where does School Administration belong in YABATECH? as a chatbot response",School Administration is listed under Registry-related units on the official YABATECH website.,registry,School Administration,generated_variation,https://www.yabatech.edu.ng/,derived from official site fact; verify before public deployment
2154,"In simple words, Where does School Administration belong in YABATECH?",School Administration is listed under Registry-related units on the official YABATECH website.,registry,School Administration,generated_variation,https://www.yabatech.edu.ng/,derived from official site fact; verify before public deployment
2155,Give me a fact about School Administration,School Administration is listed under Registry-related units on the official YABATECH website.,registry,School Administration,official_fact,https://www.yabatech.edu.ng/,current as checked on 2026-05-12
2156,Quick question: Give me a fact about School Administration please,School Administration is listed under Registry-related units on the official YABATECH website.,registry,School Administration,generated_variation,https://www.yabatech.edu.ng/,derived from official site fact; verify before public deployment
2157,Help me answer: Give me a fact about School Administration in simple terms,School Administration is listed under Registry-related units on the official YABATECH website.,registry,School Administration,generated_variation,https://www.yabatech.edu.ng/,derived from official site fact; verify before public deployment
2158,Is School Administration listed on YABATECH website?,School Administration is listed under Registry-related units on the official YABATECH website.,registry,School Administration,official_fact,https://www.yabatech.edu.ng/,current as checked on 2026-05-12
2159,Student asked: Is School Administration listed on YABATECH website? as a chatbot response,School Administration is listed under Registry-related units on the official YABATECH website.,registry,School Administration,generated_variation,https://www.yabatech.edu.ng/,derived from official site fact; verify before public deployment
2160,I want to know: Is School Administration listed on YABATECH website? in simple terms,School Administration is listed under Registry-related units on the official YABATECH website.,registry,School Administration,generated_variation,https://www.yabatech.edu.ng/,derived from official site fact; verify before public deployment
2161,Is Senior Non-Teaching Personnel under YABATECH Registry?,Senior Non-Teaching Personnel is listed under Registry-related units on the official YABATECH website.,registry,Senior Non-Teaching Personnel,official_fact,https://www.yabatech.edu.ng/,current as checked on 2026-05-12
2162,Please answer: Is Senior Non-Teaching Personnel under YABATECH Registry? for admission learners,Senior Non-Teaching Personnel is listed under Registry-related units on the official YABATECH website.,registry,Senior Non-Teaching Personnel,generated_variation,https://www.yabatech.edu.ng/,derived from official site fact; verify before public deployment
2163,Class question: Is Senior Non-Teaching Personnel under YABATECH Registry? today,Senior Non-Teaching Personnel is listed under Registry-related units on the official YABATECH website.,registry,Senior Non-Teaching Personnel,generated_variation,https://www.yabatech.edu.ng/,derived from official site fact; verify before public deployment
2164,Tell me about Senior Non-Teaching Personnel in YABATECH,Senior Non-Teaching Personnel is listed under Registry-related units on the official YABATECH website.,registry,Senior Non-Teaching Personnel,official_fact,https://www.yabatech.edu.ng/,current as checked on 2026-05-12
2165,Student asked: Tell me about Senior Non-Teaching Personnel in YABATECH as a chatbot response,Senior Non-Teaching Personnel is listed under Registry-related units on the official YABATECH website.,registry,Senior Non-Teaching Personnel,generated_variation,https://www.yabatech.edu.ng/,derived from official site fact; verify before public deployment
2166,"In simple words, Tell me about Senior Non-Teaching Personnel in YABATECH as a chatbot response",Senior Non-Teaching Personnel is listed under Registry-related units on the official YABATECH website.,registry,Senior Non-Teaching Personnel,generated_variation,https://www.yabatech.edu.ng/,derived from official site fact; verify before public deployment
2167,Does YABATECH have Senior Non-Teaching Personnel?,Senior Non-Teaching Personnel is listed under Registry-related units on the official YABATECH website.,registry,Senior Non-Teaching Personnel,official_fact,https://www.yabatech.edu.ng/,current as checked on 2026-05-12
2168,Class question: Does YABATECH have Senior Non-Teaching Personnel? please,Senior Non-Teaching Personnel is listed under Registry-related units on the official YABATECH website.,registry,Senior Non-Teaching Personnel,generated_variation,https://www.yabatech.edu.ng/,derived from official site fact; verify before public deployment
2169,Can you explain: Does YABATECH have Senior Non-Teaching Personnel? please,Senior Non-Teaching Personnel is listed under Registry-related units on the official YABATECH website.,registry,Senior Non-Teaching Personnel,generated_variation,https://www.yabatech.edu.ng/,derived from official site fact; verify before public deployment
2170,What is Senior Non-Teaching Personnel?,Senior Non-Teaching Personnel is listed under Registry-related units on the official YABATECH website.,registry,Senior Non-Teaching Personnel,official_fact,https://www.yabatech.edu.ng/,current as checked on 2026-05-12
2171,Help me answer: What is Senior Non-Teaching Personnel? for students,Senior Non-Teaching Personnel is listed under Registry-related units on the official YABATECH website.,registry,Senior Non-Teaching Personnel,generated_variation,https://www.yabatech.edu.ng/,derived from official site fact; verify before public deployment
2172,I want to know: What is Senior Non-Teaching Personnel? today,Senior Non-Teaching Personnel is listed under Registry-related units on the official YABATECH website.,registry,Senior Non-Teaching Personnel,generated_variation,https://www.yabatech.edu.ng/,derived from official site fact; verify before public deployment
2173,YABATECH Senior Non-Teaching Personnel information,Senior Non-Teaching Personnel is listed under Registry-related units on the official YABATECH website.,registry,Senior Non-Teaching Personnel,official_fact,https://www.yabatech.edu.ng/,current as checked on 2026-05-12
2174,Help me answer: YABATECH Senior Non-Teaching Personnel information?,Senior Non-Teaching Personnel is listed under Registry-related units on the official YABATECH website.,registry,Senior Non-Teaching Personnel,generated_variation,https://www.yabatech.edu.ng/,derived from official site fact; verify before public deployment
2175,Can you explain: YABATECH Senior Non-Teaching Personnel information?,Senior Non-Teaching Personnel is listed under Registry-related units on the official YABATECH website.,registry,Senior Non-Teaching Personnel,generated_variation,https://www.yabatech.edu.ng/,derived from official site fact; verify before public deployment
2176,Name a registry unit in YABATECH,Senior Non-Teaching Personnel is listed under Registry-related units on the official YABATECH website.,registry,Senior Non-Teaching Personnel,official_fact,https://www.yabatech.edu.ng/,current as checked on 2026-05-12
2177,Student asked: Name a registry unit in YABATECH today,Senior Non-Teaching Personnel is listed under Registry-related units on the official YABATECH website.,registry,Senior Non-Teaching Personnel,generated_variation,https://www.yabatech.edu.ng/,derived from official site fact; verify before public deployment
2178,I want to know: Name a registry unit in YABATECH briefly,Senior Non-Teaching Personnel is listed under Registry-related units on the official YABATECH website.,registry,Senior Non-Teaching Personnel,generated_variation,https://www.yabatech.edu.ng/,derived from official site fact; verify before public deployment
2179,Which section lists Senior Non-Teaching Personnel?,Senior Non-Teaching Personnel is listed under Registry-related units on the official YABATECH website.,registry,Senior Non-Teaching Personnel,official_fact,https://www.yabatech.edu.ng/,current as checked on 2026-05-12
2180,Class question: Which section lists Senior Non-Teaching Personnel? for students,Senior Non-Teaching Personnel is listed under Registry-related units on the official YABATECH website.,registry,Senior Non-Teaching Personnel,generated_variation,https://www.yabatech.edu.ng/,derived from official site fact; verify before public deployment
2181,I want to know: Which section lists Senior Non-Teaching Personnel?,Senior Non-Teaching Personnel is listed under Registry-related units on the official YABATECH website.,registry,Senior Non-Teaching Personnel,generated_variation,https://www.yabatech.edu.ng/,derived from official site fact; verify before public deployment
2182,Where does Senior Non-Teaching Personnel belong in YABATECH?,Senior Non-Teaching Personnel is listed under Registry-related units on the official YABATECH website.,registry,Senior Non-Teaching Personnel,official_fact,https://www.yabatech.edu.ng/,current as checked on 2026-05-12
2183,Quick question: Where does Senior Non-Teaching Personnel belong in YABATECH? as a chatbot response,Senior Non-Teaching Personnel is listed under Registry-related units on the official YABATECH website.,registry,Senior Non-Teaching Personnel,generated_variation,https://www.yabatech.edu.ng/,derived from official site fact; verify before public deployment
2184,Class question: Where does Senior Non-Teaching Personnel belong in YABATECH? in simple terms,Senior Non-Teaching Personnel is listed under Registry-related units on the official YABATECH website.,registry,Senior Non-Teaching Personnel,generated_variation,https://www.yabatech.edu.ng/,derived from official site fact; verify before public deployment
2185,Give me a fact about Senior Non-Teaching Personnel,Senior Non-Teaching Personnel is listed under Registry-related units on the official YABATECH website.,registry,Senior Non-Teaching Personnel,official_fact,https://www.yabatech.edu.ng/,current as checked on 2026-05-12
2186,Class question: Give me a fact about Senior Non-Teaching Personnel for students,Senior Non-Teaching Personnel is listed under Registry-related units on the official YABATECH website.,registry,Senior Non-Teaching Personnel,generated_variation,https://www.yabatech.edu.ng/,derived from official site fact; verify before public deployment
2187,Can you explain: Give me a fact about Senior Non-Teaching Personnel today,Senior Non-Teaching Personnel is listed under Registry-related units on the official YABATECH website.,registry,Senior Non-Teaching Personnel,generated_variation,https://www.yabatech.edu.ng/,derived from official site fact; verify before public deployment
2188,Is Senior Non-Teaching Personnel listed on YABATECH website?,Senior Non-Teaching Personnel is listed under Registry-related units on the official YABATECH website.,registry,Senior Non-Teaching Personnel,official_fact,https://www.yabatech.edu.ng/,current as checked on 2026-05-12
2189,Class question: Is Senior Non-Teaching Personnel listed on YABATECH website? briefly,Senior Non-Teaching Personnel is listed under Registry-related units on the official YABATECH website.,registry,Senior Non-Teaching Personnel,generated_variation,https://www.yabatech.edu.ng/,derived from official site fact; verify before public deployment
2190,"In simple words, Is Senior Non-Teaching Personnel listed on YABATECH website? briefly",Senior Non-Teaching Personnel is listed under Registry-related units on the official YABATECH website.,registry,Senior Non-Teaching Personnel,generated_variation,https://www.yabatech.edu.ng/,derived from official site fact; verify before public deployment
2191,Is Staff Development and Training under YABATECH Registry?,Staff Development and Training is listed under Registry-related units on the official YABATECH website.,registry,Staff Development and Training,official_fact,https://www.yabatech.edu.ng/,current as checked on 2026-05-12
2192,Quick question: Is Staff Development and Training under YABATECH Registry? today,Staff Development and Training is listed under Registry-related units on the official YABATECH website.,registry,Staff Development and Training,generated_variation,https://www.yabatech.edu.ng/,derived from official site fact; verify before public deployment
2193,Class question: Is Staff Development and Training under YABATECH Registry? for admission learners,Staff Development and Training is listed under Registry-related units on the official YABATECH website.,registry,Staff Development and Training,generated_variation,https://www.yabatech.edu.ng/,derived from official site fact; verify before public deployment
2194,Tell me about Staff Development and Training in YABATECH,Staff Development and Training is listed under Registry-related units on the official YABATECH website.,registry,Staff Development and Training,official_fact,https://www.yabatech.edu.ng/,current as checked on 2026-05-12
2195,Help me answer: Tell me about Staff Development and Training in YABATECH,Staff Development and Training is listed under Registry-related units on the official YABATECH website.,registry,Staff Development and Training,generated_variation,https://www.yabatech.edu.ng/,derived from official site fact; verify before public deployment
2196,"In simple words, Tell me about Staff Development and Training in YABATECH briefly",Staff Development and Training is listed under Registry-related units on the official YABATECH website.,registry,Staff Development and Training,generated_variation,https://www.yabatech.edu.ng/,derived from official site fact; verify before public deployment
2197,Does YABATECH have Staff Development and Training?,Staff Development and Training is listed under Registry-related units on the official YABATECH website.,registry,Staff Development and Training,official_fact,https://www.yabatech.edu.ng/,current as checked on 2026-05-12
2198,I want to know: Does YABATECH have Staff Development and Training? today,Staff Development and Training is listed under Registry-related units on the official YABATECH website.,registry,Staff Development and Training,generated_variation,https://www.yabatech.edu.ng/,derived from official site fact; verify before public deployment
2199,Does YABATECH have Staff Development and Training? please,Staff Development and Training is listed under Registry-related units on the official YABATECH website.,registry,Staff Development and Training,generated_variation,https://www.yabatech.edu.ng/,derived from official site fact; verify before public deployment
2200,What is Staff Development and Training?,Staff Development and Training is listed under Registry-related units on the official YABATECH website.,registry,Staff Development and Training,official_fact,https://www.yabatech.edu.ng/,current as checked on 2026-05-12
2201,Can you explain: What is Staff Development and Training? today,Staff Development and Training is listed under Registry-related units on the official YABATECH website.,registry,Staff Development and Training,generated_variation,https://www.yabatech.edu.ng/,derived from official site fact; verify before public deployment
2202,I want to know: What is Staff Development and Training? please,Staff Development and Training is listed under Registry-related units on the official YABATECH website.,registry,Staff Development and Training,generated_variation,https://www.yabatech.edu.ng/,derived from official site fact; verify before public deployment
2203,YABATECH Staff Development and Training information,Staff Development and Training is listed under Registry-related units on the official YABATECH website.,registry,Staff Development and Training,official_fact,https://www.yabatech.edu.ng/,current as checked on 2026-05-12
2204,I want to know: YABATECH Staff Development and Training information?,Staff Development and Training is listed under Registry-related units on the official YABATECH website.,registry,Staff Development and Training,generated_variation,https://www.yabatech.edu.ng/,derived from official site fact; verify before public deployment
2205,Help me answer: YABATECH Staff Development and Training information please,Staff Development and Training is listed under Registry-related units on the official YABATECH website.,registry,Staff Development and Training,generated_variation,https://www.yabatech.edu.ng/,derived from official site fact; verify before public deployment
2206,Name a registry unit in YABATECH,Staff Development and Training is listed under Registry-related units on the official YABATECH website.,registry,Staff Development and Training,official_fact,https://www.yabatech.edu.ng/,current as checked on 2026-05-12
2207,Quick question: Name a registry unit in YABATECH,Staff Development and Training is listed under Registry-related units on the official YABATECH website.,registry,Staff Development and Training,generated_variation,https://www.yabatech.edu.ng/,derived from official site fact; verify before public deployment
2208,"In simple words, Name a registry unit in YABATECH for admission learners",Staff Development and Training is listed under Registry-related units on the official YABATECH website.,registry,Staff Development and Training,generated_variation,https://www.yabatech.edu.ng/,derived from official site fact; verify before public deployment
2209,Which section lists Staff Development and Training?,Staff Development and Training is listed under Registry-related units on the official YABATECH website.,registry,Staff Development and Training,official_fact,https://www.yabatech.edu.ng/,current as checked on 2026-05-12
2210,Please answer: Which section lists Staff Development and Training? please,Staff Development and Training is listed under Registry-related units on the official YABATECH website.,registry,Staff Development and Training,generated_variation,https://www.yabatech.edu.ng/,derived from official site fact; verify before public deployment
2211,Please answer: Which section lists Staff Development and Training? today,Staff Development and Training is listed under Registry-related units on the official YABATECH website.,registry,Staff Development and Training,generated_variation,https://www.yabatech.edu.ng/,derived from official site fact; verify before public deployment
2212,Where does Staff Development and Training belong in YABATECH?,Staff Development and Training is listed under Registry-related units on the official YABATECH website.,registry,Staff Development and Training,official_fact,https://www.yabatech.edu.ng/,current as checked on 2026-05-12
2213,I want to know: Where does Staff Development and Training belong in YABATECH? on YABATECH website,Staff Development and Training is listed under Registry-related units on the official YABATECH website.,registry,Staff Development and Training,generated_variation,https://www.yabatech.edu.ng/,derived from official site fact; verify before public deployment
2214,I want to know: Where does Staff Development and Training belong in YABATECH? briefly,Staff Development and Training is listed under Registry-related units on the official YABATECH website.,registry,Staff Development and Training,generated_variation,https://www.yabatech.edu.ng/,derived from official site fact; verify before public deployment
2215,Give me a fact about Staff Development and Training,Staff Development and Training is listed under Registry-related units on the official YABATECH website.,registry,Staff Development and Training,official_fact,https://www.yabatech.edu.ng/,current as checked on 2026-05-12
2216,Quick question: Give me a fact about Staff Development and Training,Staff Development and Training is listed under Registry-related units on the official YABATECH website.,registry,Staff Development and Training,generated_variation,https://www.yabatech.edu.ng/,derived from official site fact; verify before public deployment
2217,Can you explain: Give me a fact about Staff Development and Training?,Staff Development and Training is listed under Registry-related units on the official YABATECH website.,registry,Staff Development and Training,generated_variation,https://www.yabatech.edu.ng/,derived from official site fact; verify before public deployment
2218,Is Staff Development and Training listed on YABATECH website?,Staff Development and Training is listed under Registry-related units on the official YABATECH website.,registry,Staff Development and Training,official_fact,https://www.yabatech.edu.ng/,current as checked on 2026-05-12
2219,Help me answer: Is Staff Development and Training listed on YABATECH website? please,Staff Development and Training is listed under Registry-related units on the official YABATECH website.,registry,Staff Development and Training,generated_variation,https://www.yabatech.edu.ng/,derived from official site fact; verify before public deployment
2220,Help me answer: Is Staff Development and Training listed on YABATECH website? today,Staff Development and Training is listed under Registry-related units on the official YABATECH website.,registry,Staff Development and Training,generated_variation,https://www.yabatech.edu.ng/,derived from official site fact; verify before public deployment
2221,Is Students Record under YABATECH Registry?,Students Record is listed under Registry-related units on the official YABATECH website.,registry,Students Record,official_fact,https://www.yabatech.edu.ng/,current as checked on 2026-05-12
2222,Student asked: Is Students Record under YABATECH Registry? please,Students Record is listed under Registry-related units on the official YABATECH website.,registry,Students Record,generated_variation,https://www.yabatech.edu.ng/,derived from official site fact; verify before public deployment
2223,Please answer: Is Students Record under YABATECH Registry? as a chatbot response,Students Record is listed under Registry-related units on the official YABATECH website.,registry,Students Record,generated_variation,https://www.yabatech.edu.ng/,derived from official site fact; verify before public deployment
2224,Tell me about Students Record in YABATECH,Students Record is listed under Registry-related units on the official YABATECH website.,registry,Students Record,official_fact,https://www.yabatech.edu.ng/,current as checked on 2026-05-12
2225,"For a learner, Tell me about Students Record in YABATECH briefly",Students Record is listed under Registry-related units on the official YABATECH website.,registry,Students Record,generated_variation,https://www.yabatech.edu.ng/,derived from official site fact; verify before public deployment
2226,Can you explain: Tell me about Students Record in YABATECH for students,Students Record is listed under Registry-related units on the official YABATECH website.,registry,Students Record,generated_variation,https://www.yabatech.edu.ng/,derived from official site fact; verify before public deployment
2227,Does YABATECH have Students Record?,Students Record is listed under Registry-related units on the official YABATECH website.,registry,Students Record,official_fact,https://www.yabatech.edu.ng/,current as checked on 2026-05-12
2228,"In simple words, Does YABATECH have Students Record? for students",Students Record is listed under Registry-related units on the official YABATECH website.,registry,Students Record,generated_variation,https://www.yabatech.edu.ng/,derived from official site fact; verify before public deployment
2229,Please answer: Does YABATECH have Students Record? today,Students Record is listed under Registry-related units on the official YABATECH website.,registry,Students Record,generated_variation,https://www.yabatech.edu.ng/,derived from official site fact; verify before public deployment
2230,What is Students Record?,Students Record is listed under Registry-related units on the official YABATECH website.,registry,Students Record,official_fact,https://www.yabatech.edu.ng/,current as checked on 2026-05-12
2231,I want to know: What is Students Record? for admission learners,Students Record is listed under Registry-related units on the official YABATECH website.,registry,Students Record,generated_variation,https://www.yabatech.edu.ng/,derived from official site fact; verify before public deployment
2232,Can you explain: What is Students Record? today,Students Record is listed under Registry-related units on the official YABATECH website.,registry,Students Record,generated_variation,https://www.yabatech.edu.ng/,derived from official site fact; verify before public deployment
2233,YABATECH Students Record information,Students Record is listed under Registry-related units on the official YABATECH website.,registry,Students Record,official_fact,https://www.yabatech.edu.ng/,current as checked on 2026-05-12
2234,"For a learner, YABATECH Students Record information as a chatbot response",Students Record is listed under Registry-related units on the official YABATECH website.,registry,Students Record,generated_variation,https://www.yabatech.edu.ng/,derived from official site fact; verify before public deployment
2235,Quick question: YABATECH Students Record information please,Students Record is listed under Registry-related units on the official YABATECH website.,registry,Students Record,generated_variation,https://www.yabatech.edu.ng/,derived from official site fact; verify before public deployment
2236,Name a registry unit in YABATECH,Students Record is listed under Registry-related units on the official YABATECH website.,registry,Students Record,official_fact,https://www.yabatech.edu.ng/,current as checked on 2026-05-12
2237,"In simple words, Name a registry unit in YABATECH",Students Record is listed under Registry-related units on the official YABATECH website.,registry,Students Record,generated_variation,https://www.yabatech.edu.ng/,derived from official site fact; verify before public deployment
2238,Name a registry unit in YABATECH,Students Record is listed under Registry-related units on the official YABATECH website.,registry,Students Record,generated_variation,https://www.yabatech.edu.ng/,derived from official site fact; verify before public deployment
2239,Which section lists Students Record?,Students Record is listed under Registry-related units on the official YABATECH website.,registry,Students Record,official_fact,https://www.yabatech.edu.ng/,current as checked on 2026-05-12
2240,Which section lists Students Record? today,Students Record is listed under Registry-related units on the official YABATECH website.,registry,Students Record,generated_variation,https://www.yabatech.edu.ng/,derived from official site fact; verify before public deployment
2241,Which section lists Students Record? please,Students Record is listed under Registry-related units on the official YABATECH website.,registry,Students Record,generated_variation,https://www.yabatech.edu.ng/,derived from official site fact; verify before public deployment
2242,Where does Students Record belong in YABATECH?,Students Record is listed under Registry-related units on the official YABATECH website.,registry,Students Record,official_fact,https://www.yabatech.edu.ng/,current as checked on 2026-05-12
2243,Student asked: Where does Students Record belong in YABATECH? in simple terms,Students Record is listed under Registry-related units on the official YABATECH website.,registry,Students Record,generated_variation,https://www.yabatech.edu.ng/,derived from official site fact; verify before public deployment
2244,"For a learner, Where does Students Record belong in YABATECH? on YABATECH website",Students Record is listed under Registry-related units on the official YABATECH website.,registry,Students Record,generated_variation,https://www.yabatech.edu.ng/,derived from official site fact; verify before public deployment
2245,Give me a fact about Students Record,Students Record is listed under Registry-related units on the official YABATECH website.,registry,Students Record,official_fact,https://www.yabatech.edu.ng/,current as checked on 2026-05-12
2246,Class question: Give me a fact about Students Record,Students Record is listed under Registry-related units on the official YABATECH website.,registry,Students Record,generated_variation,https://www.yabatech.edu.ng/,derived from official site fact; verify before public deployment
2247,"In simple words, Give me a fact about Students Record for students",Students Record is listed under Registry-related units on the official YABATECH website.,registry,Students Record,generated_variation,https://www.yabatech.edu.ng/,derived from official site fact; verify before public deployment
2248,Is Students Record listed on YABATECH website?,Students Record is listed under Registry-related units on the official YABATECH website.,registry,Students Record,official_fact,https://www.yabatech.edu.ng/,current as checked on 2026-05-12
2249,"In simple words, Is Students Record listed on YABATECH website? for admission learners",Students Record is listed under Registry-related units on the official YABATECH website.,registry,Students Record,generated_variation,https://www.yabatech.edu.ng/,derived from official site fact; verify before public deployment
2250,"For a learner, Is Students Record listed on YABATECH website? on YABATECH website",Students Record is listed under Registry-related units on the official YABATECH website.,registry,Students Record,generated_variation,https://www.yabatech.edu.ng/,derived from official site fact; verify before public deployment
2251,Is Students' Affairs under YABATECH Registry?,Students' Affairs is listed under Registry-related units on the official YABATECH website.,registry,Students' Affairs,official_fact,https://www.yabatech.edu.ng/,current as checked on 2026-05-12
2252,I want to know: Is Students' Affairs under YABATECH Registry? in simple terms,Students' Affairs is listed under Registry-related units on the official YABATECH website.,registry,Students' Affairs,generated_variation,https://www.yabatech.edu.ng/,derived from official site fact; verify before public deployment
2253,Please answer: Is Students' Affairs under YABATECH Registry? today,Students' Affairs is listed under Registry-related units on the official YABATECH website.,registry,Students' Affairs,generated_variation,https://www.yabatech.edu.ng/,derived from official site fact; verify before public deployment
2254,Tell me about Students' Affairs in YABATECH,Students' Affairs is listed under Registry-related units on the official YABATECH website.,registry,Students' Affairs,official_fact,https://www.yabatech.edu.ng/,current as checked on 2026-05-12
2255,Please answer: Tell me about Students' Affairs in YABATECH in simple terms,Students' Affairs is listed under Registry-related units on the official YABATECH website.,registry,Students' Affairs,generated_variation,https://www.yabatech.edu.ng/,derived from official site fact; verify before public deployment
2256,Help me answer: Tell me about Students' Affairs in YABATECH,Students' Affairs is listed under Registry-related units on the official YABATECH website.,registry,Students' Affairs,generated_variation,https://www.yabatech.edu.ng/,derived from official site fact; verify before public deployment
2257,Does YABATECH have Students' Affairs?,Students' Affairs is listed under Registry-related units on the official YABATECH website.,registry,Students' Affairs,official_fact,https://www.yabatech.edu.ng/,current as checked on 2026-05-12
2258,Please answer: Does YABATECH have Students' Affairs?,Students' Affairs is listed under Registry-related units on the official YABATECH website.,registry,Students' Affairs,generated_variation,https://www.yabatech.edu.ng/,derived from official site fact; verify before public deployment
2259,Quick question: Does YABATECH have Students' Affairs? in simple terms,Students' Affairs is listed under Registry-related units on the official YABATECH website.,registry,Students' Affairs,generated_variation,https://www.yabatech.edu.ng/,derived from official site fact; verify before public deployment
2260,What is Students' Affairs?,Students' Affairs is listed under Registry-related units on the official YABATECH website.,registry,Students' Affairs,official_fact,https://www.yabatech.edu.ng/,current as checked on 2026-05-12
2261,"In simple words, What is Students' Affairs? for admission learners",Students' Affairs is listed under Registry-related units on the official YABATECH website.,registry,Students' Affairs,generated_variation,https://www.yabatech.edu.ng/,derived from official site fact; verify before public deployment
2262,I want to know: What is Students' Affairs? briefly,Students' Affairs is listed under Registry-related units on the official YABATECH website.,registry,Students' Affairs,generated_variation,https://www.yabatech.edu.ng/,derived from official site fact; verify before public deployment
2263,YABATECH Students' Affairs information,Students' Affairs is listed under Registry-related units on the official YABATECH website.,registry,Students' Affairs,official_fact,https://www.yabatech.edu.ng/,current as checked on 2026-05-12
2264,"For a learner, YABATECH Students' Affairs information for admission learners",Students' Affairs is listed under Registry-related units on the official YABATECH website.,registry,Students' Affairs,generated_variation,https://www.yabatech.edu.ng/,derived from official site fact; verify before public deployment
2265,"In simple words, YABATECH Students' Affairs information on YABATECH website",Students' Affairs is listed under Registry-related units on the official YABATECH website.,registry,Students' Affairs,generated_variation,https://www.yabatech.edu.ng/,derived from official site fact; verify before public deployment
2266,Name a registry unit in YABATECH,Students' Affairs is listed under Registry-related units on the official YABATECH website.,registry,Students' Affairs,official_fact,https://www.yabatech.edu.ng/,current as checked on 2026-05-12
2267,Please answer: Name a registry unit in YABATECH in simple terms,Students' Affairs is listed under Registry-related units on the official YABATECH website.,registry,Students' Affairs,generated_variation,https://www.yabatech.edu.ng/,derived from official site fact; verify before public deployment
2268,Quick question: Name a registry unit in YABATECH today,Students' Affairs is listed under Registry-related units on the official YABATECH website.,registry,Students' Affairs,generated_variation,https://www.yabatech.edu.ng/,derived from official site fact; verify before public deployment
2269,Which section lists Students' Affairs?,Students' Affairs is listed under Registry-related units on the official YABATECH website.,registry,Students' Affairs,official_fact,https://www.yabatech.edu.ng/,current as checked on 2026-05-12
2270,Student asked: Which section lists Students' Affairs? as a chatbot response,Students' Affairs is listed under Registry-related units on the official YABATECH website.,registry,Students' Affairs,generated_variation,https://www.yabatech.edu.ng/,derived from official site fact; verify before public deployment
2271,Quick question: Which section lists Students' Affairs? please,Students' Affairs is listed under Registry-related units on the official YABATECH website.,registry,Students' Affairs,generated_variation,https://www.yabatech.edu.ng/,derived from official site fact; verify before public deployment
2272,Where does Students' Affairs belong in YABATECH?,Students' Affairs is listed under Registry-related units on the official YABATECH website.,registry,Students' Affairs,official_fact,https://www.yabatech.edu.ng/,current as checked on 2026-05-12
2273,Help me answer: Where does Students' Affairs belong in YABATECH? on YABATECH website,Students' Affairs is listed under Registry-related units on the official YABATECH website.,registry,Students' Affairs,generated_variation,https://www.yabatech.edu.ng/,derived from official site fact; verify before public deployment
2274,Help me answer: Where does Students' Affairs belong in YABATECH? for admission learners,Students' Affairs is listed under Registry-related units on the official YABATECH website.,registry,Students' Affairs,generated_variation,https://www.yabatech.edu.ng/,derived from official site fact; verify before public deployment
2275,Give me a fact about Students' Affairs,Students' Affairs is listed under Registry-related units on the official YABATECH website.,registry,Students' Affairs,official_fact,https://www.yabatech.edu.ng/,current as checked on 2026-05-12
2276,"In simple words, Give me a fact about Students' Affairs today",Students' Affairs is listed under Registry-related units on the official YABATECH website.,registry,Students' Affairs,generated_variation,https://www.yabatech.edu.ng/,derived from official site fact; verify before public deployment
2277,Help me answer: Give me a fact about Students' Affairs today,Students' Affairs is listed under Registry-related units on the official YABATECH website.,registry,Students' Affairs,generated_variation,https://www.yabatech.edu.ng/,derived from official site fact; verify before public deployment
2278,Is Students' Affairs listed on YABATECH website?,Students' Affairs is listed under Registry-related units on the official YABATECH website.,registry,Students' Affairs,official_fact,https://www.yabatech.edu.ng/,current as checked on 2026-05-12
2279,Can you explain: Is Students' Affairs listed on YABATECH website? please,Students' Affairs is listed under Registry-related units on the official YABATECH website.,registry,Students' Affairs,generated_variation,https://www.yabatech.edu.ng/,derived from official site fact; verify before public deployment
2280,Student asked: Is Students' Affairs listed on YABATECH website? on YABATECH website,Students' Affairs is listed under Registry-related units on the official YABATECH website.,registry,Students' Affairs,generated_variation,https://www.yabatech.edu.ng/,derived from official site fact; verify before public deployment
